:020000041000EA
:1000000000B5324B212058609868022188439860DF
:10001000D860186158612E4B002199600221596106
:100020000121F02299502B49196001219960352056
:1000300000F044F80222904214D00621196600F024
:1000400034F8196E01211966002018661A6600F04E
:100050002CF8196E196E196E052000F02FF8012189
:100060000842F9D1002199601B49196000215960AB
:100070001A491B48016001219960EB211966A021F2
:10008000196600F012F800219960164914480160C1
:100090000121996001BC002800D000471248134993
:1000A000086003C880F30888084703B5996A0420EC
:1000B0000142FBD001200142F8D103BD02B5186610
:1000C0001866FFF7F2FF186E186E02BD00000240BE
:1000D000000000180000070000035F00212200005C
:1000E000F4000018222000A00001001008ED00E03C
:1000F00000000000000000000000000074B24E7A12
:1001000000000420E3010010C3010010E903001007
:10011000C1010010C1010010C1010010C101001097
:10012000C1010010C1010010C10100104503001001
:10013000C1010010C1010010C9030010D503001057
:10014000CD010010CD010010CD010010CD01001037
:10015000CD010010CD010010CD010010CD01001027
:10016000CD010010CD010010CD010010CD01001017
:10017000CD010010CD010010CD010010CD01001007
:10018000CD010010CD010010CD010010CD010010F7
:10019000CD010010CD010010CD010010CD010010E7
:1001A000CD010010CD010010CD010010CD010010D7
:1001B000CD010010CD010010CD010010CD010010C7
:1001C00000BE00BE00BE00BE00BE00BE00F03FF894
:1001D000103800BE00202049086006C881F3088856
:1001E00010471E48006800282DD10CA40ECC002911
:1001F00002D000F010F8F9E719491A4A002000E08F
:1002000001C19142FCD1184988471849884700BE6E
:10021000FDE701C901C29A42FBD370471CA8011037
:10022000C000002044100020ACB7011000000420E2
:1002300000000420ACB701100010042000100420BE
:100240000000000070470A480FF086FB0047EFF3FC
:100250000580C0B27047000008ED00E0000000D04B
:1002600050100020D4AB0020CD020010FDD30010B0
:1002700057560000F8B5C046F8BC08BC9E4670470B
:10028000F8B5C04610B5064C2378002B07D1054BB6
:10029000002B02D0044800E000BF0123237010BDF2
:1002A000A01500200000000084020010044B10B5CF
:1002B000002B03D00349044800E000BF10BDC04636
:1002C00000000000A415002084020010164B002B33
:1002D00000D1144B9D46402292029A1A9246002168
:1002E0008B460F461348144A121A11F0DFFB0F4BCE
:1002F000002B00D098470E4B002B00D098470020D1
:10030000002104000D000D48002802D00C480DF01B
:1003100078F810F04DFF2000290009F045FA0DF0A3
:100320006DF8C04600000800000004200000000036
:100330000997001050100020D4AB002003D4001007
:10034000000000007046C0082CD3EFF309808169DB
:1003500002390978002929D101B50FC8B8470CBC6A
:1003600003C29E461E4B06CB91421ED0083B1A602C
:10037000002909D0EFF3098020388863F0C0444693
:100380004D4656465F46F0C0906B1030F0C8A04610
:10039000A946B246BB4680F309882038F0C802203F
:1003A000C0430047EFF30880D1E770470D4A136858
:1003B0009942FAD801B5890053589C460FC8E047C6
:1003C0000CBC10609E46704701B508F063FC03BC8E
:1003D0008E46C7E701B508F01BFC03BC8E46C1E79B
:1003E0006404002090810110102304E0202302E027
:1003F000302300E040239C46F0B404AE7546E80884
:1004000001D3EFF309860E4F0FCE0FC70FBC0FC7F6
:100410004046494652465B460FC71DCE3100A60AEC
:1004200000D304316E0900D248311FC7EFF30980B1
:100430006946EFF3148663C7604601490CF07AFB06
:1004400044AB002001480421014B184760060020FE
:1004500069F9001002B4714649084900095649007B
:100460008E4402BC7047C04602B471464908490038
:10047000095C49008E4402BC7047C0460022430814
:100480008B4274D303098B425FD3030A8B4244D35C
:10049000030B8B4228D3030C8B420DD3FF2209029E
:1004A00012BA030C8B4202D31212090265D0030B5D
:1004B0008B4219D300E0090AC30B8B4201D3CB0353
:1004C000C01A5241830B8B4201D38B03C01A524195
:1004D000430B8B4201D34B03C01A5241030B8B4297
:1004E00001D30B03C01A5241C30A8B4201D3CB0282
:1004F000C01A5241830A8B4201D38B02C01A524167
:10050000430A8B4201D34B02C01A5241030A8B4269
:1005100001D30B02C01A5241CDD2C3098B4201D381
:10052000CB01C01A524183098B4201D38B01C01AFF
:10053000524143098B4201D34B01C01A5241030976
:100540008B4201D30B01C01A5241C3088B4201D325
:10055000CB00C01A524183088B4201D38B00C01AD2
:10056000524143088B4201D34B00C01A5241411AF9
:1005700000D20146524110467047FFE701B5002006
:1005800000F0F0F802BDC0460029F7D076E77047CA
:1005900003460B437FD4002243088B4274D30309E4
:1005A0008B425FD3030A8B4244D3030B8B4228D385
:1005B000030C8B420DD3FF22090212BA030C8B42AB
:1005C00002D31212090265D0030B8B4219D300E04B
:1005D000090AC30B8B4201D3CB03C01A5241830BD0
:1005E0008B4201D38B03C01A5241430B8B4201D380
:1005F0004B03C01A5241030B8B4201D30B03C01AA9
:100600005241C30A8B4201D3CB02C01A5241830A22
:100610008B4201D38B02C01A5241430A8B4201D351
:100620004B02C01A5241030A8B4201D30B02C01A7B
:100630005241CDD2C3098B4201D3CB01C01A5241E2
:1006400083098B4201D38B01C01A524143098B426B
:1006500001D34B01C01A524103098B4201D30B0154
:10066000C01A5241C3088B4201D3CB00C01A524179
:1006700083088B4201D38B00C01A524143088B423E
:1006800001D34B00C01A5241411A00D201465241D7
:10069000104670475DE0CA0F00D04942031000D3F6
:1006A0004042534000229C4603098B422DD3030A4B
:1006B0008B4212D3FC22890112BA030A8B420CD35B
:1006C000890192118B4208D3890192118B4204D384
:1006D00089013AD0921100E08909C3098B4201D304
:1006E000CB01C01A524183098B4201D38B01C01A3E
:1006F000524143098B4201D34B01C01A52410309B5
:100700008B4201D30B01C01A5241C3088B4201D363
:10071000CB00C01A524183088B4201D38B00C01A10
:100720005241D9D243088B4201D34B00C01A5241E7
:10073000411A00D20146634652415B10104601D374
:100740004042002B00D54942704763465B1000D3FE
:10075000404201B5002000F005F802BD0029F8D0A4
:1007600016E770477047C046D0400B1CD1409C46EE
:10077000203AD3401843524263469340184370478F
:100780009140031C90409C46203A934019435242AA
:100790006346D340194370478446101C62468C461A
:1007A000191C634600E0C0461FB501F031FF002868
:1007B00001D40021C8421FBD10B501F089FE40429E
:1007C000013010BD10B501F023FF002801DB00202F
:1007D00010BD012010BDC04610B501F019FF002862
:1007E00001DD002010BD012010BDC04610B501F094
:1007F000ABFE002801DC002010BD012010BDC0466A
:1008000010B501F0A1FE002801DA002010BD012082
:1008100010BDC0468446081C6146FFE71FB500F0C6
:10082000DDFC002801D40021C8421FBD10B500F036
:100830005FFC4042013010BD10B500F0CFFC002835
:1008400001DB002010BD012010BDC04610B500F036
:10085000C5FC002801DD002010BD012010BDC046F0
:1008600010B500F06DFC002801DC002010BD012057
:1008700010BDC04610B500F063FC002801DA00206E
:1008800010BD012010BDC0461C2101231B0498424D
:1008900001D3000C10391B0A984201D3000A083911
:1008A0001B09984201D30009043902A2105C4018C8
:1008B0007047C0460403020201010101000000006C
:1008C00000000000002B15D1002A13D1002906DBFF
:1008D00001DC002806D00020C043410802E080214E
:1008E0000906002007B4024801A14018029003BD88
:1008F00075FEFFFF03B4684601B5029800F030F9B9
:10090000019B9E4602B00CBC7047C046002B11D123
:10091000002A0FD1002900D1002802D00021C943AC
:10092000081C07B4024802A14018029003BDC0464B
:1009300035FEFFFF03B4684601B5029800F04EF89B
:10094000019B9E4602B00CBC7047C046F0B5CE4637
:10095000474615042D0C2E0080B50704140C3F0CDF
:100960009946030C7E435D43674363437F19340C10
:10097000E4199C46A54203D980235B029846C444EF
:100980004B4643435143250C36046544360C24043E
:10099000A4195B19591820000CBC90469946F0BD6B
:1009A00070B500220C4B04000D00FFF729FF002852
:1009B00004D12000290002F069FC70BD064B002222
:1009C0002000290002F0FEF802F060FC80231B06E4
:1009D0009C466044F1E7C0460000E041F0B54F4658
:1009E0004646D646C0B5040082B00D0091469846F2
:1009F0008B422FD82CD04146484602F0BFFD29003B
:100A00000600200002F0BAFD331A9C46203B9A46AD
:100A100000D576E04B46524693401F004B46624657
:100A200093401E00AF4228D825D05346A41BBD4199
:100A3000002B00DA7BE000220023009201930123C7
:100A4000524693400193012362469340009318E07D
:100A50008242D0D900220023009201930A9B002BEE
:100A600001D01C605D600098019902B01CBC9046EA
:100A70009946A246F0BDA342D7D900220023009296
:100A800001936346002BE9D0FB0798464146720864
:100A90000A437B0866460EE0AB4201D1A2420CD865
:100AA000A41A9D41012024196D410021013E241802
:100AB0004D41002E06D0AB42EED9013E24196D41C6
:100AC000002EF8D100980199534600196941002B76
:100AD00023DB2B005246D3402A006446E2401C0030
:100AE00053461500002B2DDB26005746BE40330031
:100AF00026006746BE403200801A9941009001915D
:100B0000ACE7624620239B1A4A46DA40614613004E
:100B100042468A4017001F4380E7624620239B1A03
:100B20002A0066469A402300F3401343D4E7624606
:100B3000202300219B1A0022009101920122DA4019
:100B4000019280E72023624626009B1ADE402F0098
:100B5000B0466646B74046463B003343C8E7C0460A
:100B6000F0B583B016001F000090019102F012FD55
:100B700004000D0002000B0030003900FFF7E6FE14
:100B8000009A019B121A8B41089920000A604B6061
:100B9000290003B0F0BDC046F8B54746CE46430233
:100BA0005B0A4400C20F9C464800DD004B02240E45
:100BB0005B0A000E80B5984626009146C90FDB00FF
:100BC000271A8A4229D0002F15DD00284AD1002B90
:100BD00000D095E0ED08FF2C00D188E06B025B0AA5
:100BE000E6B25B02F605580A3043D20710430CBC4C
:100BF00090469946F8BD002F00D087E0601CC0B237
:100C0000012800DCB6E0EE1A720100D5C5E0002E26
:100C10003DD1002200260023E3E7002F00DC96E010
:100C200000285DD0FF2C60D08022D20413431B2FFC
:100C300000DDECE02022D21B18009340F8405A1E41
:100C400093410343ED186B017BD50134FF2C00D198
:100C5000B7E0012207262A406B089A4D1D40154334
:100C60002E4029E0FF2CB5D08022D20413431B2F45
:100C700000DDB2E02022D21B19009340F9405A1E39
:100C800093410B43ED1A6B015BD5AD01AE0930000A
:100C9000FFF7FAFD05388640844265DC041B33000B
:100CA00020200134E340041BA640751EAE413343AF
:100CB00007261D0000241E4001224B461A40002E2C
:100CC00004D00F232B40042B00D004356B0100D43B
:100CD00080E70134E6B2FF2C2FD1FF26002380E706
:100CE000002B52D1FF2C00D074E70A00ED08002D34
:100CF000F3D08023DB032B435B025B0AFF2670E704
:100D0000013F002FBED0FF2CB1D163E7002C47D0AC
:100D1000FF2869D08024E4047A4225431B2A00DDA1
:100D2000C5E02C002026D440B21A95406A1E954199
:100D300025435D1B04008946A5E7AB015B0A50E72C
:100D4000002401224B461A406B07BAD142E7002F1C
:100D50003BD10134E0B201284ADDFF2CBDD007268B
:100D6000ED186D082E40A7E70723574D241A35408C
:100D70001E40A1E7002C1BD1002D6ED1002B00D10D
:100D80009AE00A001D003C0024E7013F002F00D13B
:100D900058E7FF2C00D04AE7A7E75E1B894676E7B5
:100DA000002D1CD10A00FF281FD004001D0011E7F0
:100DB000002D5DD1002B17D180230022DB03FF26FD
:100DC0000FE70A00FF2600230BE7002C21D1002D9E
:100DD00066D1FF28E9D11D0087E7012352E77A1C7D
:100DE000A7D0FA43FF2899D10A001D00FF24F1E69D
:100DF000002E21D1002D4FD0002B4CD0ED186B01CF
:100E00009ED5314B07362E4001241D4054E7012367
:100E100018E7FF28DFD08024E4047F4225431B2FFE
:100E20004DDC2026F61B2C00B540FC406A1E954187
:100E30002543ED18040006E7002DCCD0002B00D18F
:100E400053E780216046C903084203D04046084268
:100E500000D11D000121114047E7002B00D1B9E668
:100E6000EA1A500125D507265D1B2E40894623E747
:100E7000FF24002B00D1ADE680226046D203104251
:100E800004D04046104201D11D00894601224B4644
:100E9000FF241A409EE62B00DD080A0000249DE690
:100EA0007A1CC6D0FF43FF28B9D11D001DE70125DC
:100EB0003FE7151E00D044E70022002391E60125FC
:100EC000B7E7C046FFFFFF7DFFFFFFFBF8B55746C2
:100ED0004E464546DE464402E0B546008846640A72
:100EE000360EC70F002E63D0FF2E24D08023E400DF
:100EF000DB041C43002399469B467F3E4346424603
:100F00005D02D20F5B006D0A1B0E9046924665D0C3
:100F1000FF2B55D080220021ED00D2047F3B1543EA
:100F2000F61A43464A467B400F2A00D98DE06D48A9
:100F3000920082589746002C54D108239946063BCC
:100F4000FF269B46DAE70025534602291BD00329DA
:100F500000D1BFE0012928D030007F30002820DDFB
:100F60006A0704D00F222A40042A00D004352A013F
:100F700003D530005C4A80301540FE2803DCAC010C
:100F8000640AC2B201E0FF2200246402D205600AB2
:100F9000DB07104318433CBC90469946A246AB463B
:100FA000F8BD0122101A1B287CDD00220024ECE78A
:100FB000002C1DD104239946033B00269B469DE748
:100FC000FF3E002D20D1022143464A467B400A4382
:100FD0000F2AD8D84548920082589746002D19D13B
:100FE0000121F1E70C239946093BFF269B4685E743
:100FF0002000FFF749FC7626431F9C4000237642E1
:10100000361A99469B4679E74A4603231A43914686
:10101000032186E72800FFF737FC431F36189D4061
:10102000763600217DE780240023E403FF22ACE72D
:1010300000258023DB031C4228D01D4226D12B43F0
:101040005C02640A4346FF229FE762016C01A242F0
:1010500024D21B210025013E012710006D00520003
:10106000002801DB944201D8121B3D4301390029BD
:10107000F3D11400621E944125436DE7BA465946E8
:1010800025005346022900D061E77CE78023DB037B
:101090001C436402640A3B00FF2276E7121B1A21FC
:1010A0000125D9E79E362A00B5402C00C240651EB6
:1010B000AC411443620704D00F222240042A00D01E
:1010C0000434620103D4A401640A00225DE7012212
:1010D00000245AE78024E4032C436402640AFF22BC
:1010E00053E7C046F86C0110FFFFFFF7386D0110A1
:1010F00070B542004E024C0045026D0A120EC30F3D
:10110000760A240EC90FFF2A0FD0FF2C11D0012020
:10111000A24200D070BDB542FCD18B420DD0002A56
:10112000F8D12800451EA841F4E70120002DF1D197
:10113000EBE70120002EEDD1E9E70020EAE7C04609
:1011400070B54A004E02450244006D0A240EC30FDA
:10115000760A120EC90FFF2C15D0FF2A0ED0002CD4
:1011600015D1002A01D1002E1CD0002D14D08B42A5
:1011700027D00220013B1840013870BD002EEED070
:1011800002204042F9E7002DFAD1FF2A0ED0002AB2
:101190000ED1002EEDD00BE0012301399943080058
:1011A0000130EAE70020002DE7D0E2E7002EE7D18A
:1011B0008B42DED1944205DD0221581E08400138E1
:1011C000DBE70024A24204DCB542D2D80020B542BD
:1011D000D3D2581E012398430130CEE730B54200E8
:1011E00044024D02C30F4800640A120E6D0A000E3D
:1011F000C90FFF2A12D0FF280CD0002A12D10028D4
:1012000019D1002D17D1002C2BD00220013B184002
:10121000013826E0002DF0D0022022E0002CFBD186
:10122000FF281FD000281FD1002D1DD10220013B17
:101230001840013815E0002C0ED08B42E5D1002279
:10124000904204DCAC42E0D80020AC4209D2581EE7
:1012500001239843013004E0012301399943080038
:10126000013030BD002DD7D18B42CED18242E7DD97
:101270000221581E08400138F3E7C046F0B54E463B
:1012800057464546DE46E0B543025B0A450083B05B
:101290000F1C99462D0EC60F002D57D0FF2D24D0C0
:1012A0008020DB00C0041843002381469A469B46F9
:1012B0007F3D7C027A00FB0F640A120E984623D011
:1012C000FF2A4BD0E30080240020E4047F3A1C4333
:1012D000AD186B1C47460193534677403A000F2BDD
:1012E00048D87D499B00CB589F46002B00D085E015
:1012F00008339A46063B9B467C027A00FB0FFF258B
:10130000640A120E9846DBD1002C00D090E05246C1
:1013100001231A4392460120DBE74C46584617004A
:10132000022824D0032800D1CFE000220023012886
:101330004DD15802D205400AFF071043384303B08D
:101340003CBC90469946A246AB46F0BD002B5BD113
:1013500004239A46033B00259B46AAE7FF35002C51
:1013600060D1524602231A4392460220B1E7FF227F
:101370000023DEE74B461B0C9C464B462604360CEE
:10138000180461463300220C6446000C43434E436C
:101390005043544380191A0C1218964203D98021E5
:1013A00049028C4664441B041B0C1004C0188301C2
:1013B0005E1EB341800E1843130C1B199B0103439F
:1013C0001C00230179D5012362081C401443019AB3
:1013D0007F32002A4DDD630704D00F232340042B06
:1013E00000D00434230103D53C4B019A1C408032C9
:1013F000FE2ABCDCA3015B0AD2B29AE70C239A4610
:10140000093BFF259B4654E71800FFF73DFA4A4683
:10141000431F76259A4000236D4291462D1A9A4625
:101420009B4646E7524603231A439246032050E761
:101430002000FFF729FA431F2D1A9C40763D00201B
:1014400047E780230027DB03FF2272E7424666E777
:101450004C463200584662E780234A46DB031A4274
:1014600022D01C4220D123435B025B0A4746FF2265
:101470005FE701239A1A1B2A21DC23000199D3403C
:101480009E318C401A0023005C1EA34113435A076F
:1014900004D00F221A40042A00D004335A0111D478
:1014A0009B015B0A002244E780234A46DB03134387
:1014B0005B025B0A3700FF223BE7019587E70022CA
:1014C000002336E70122002333E78023DB03234395
:1014D0005B025B0AFF222CE7786D0110FFFFFFF72C
:1014E000F8B54746CE464400C20F80B547024802D1
:1014F000400A8446664648007F0A240EF60025000E
:101500009046FB00000EC90FB146FF2800D185E0D0
:1015100001267140261A914257D0002E43DD002843
:1015200000D07FE04946002900D1AAE0013E002E0C
:1015300000D0F7E05B1A5A0100D48BE09B019C09B4
:101540002000FFF7A1F905388440854200DDD3E093
:10155000451B230020200135EB40451BAC40621E9B
:1015600094412343072400251C40012241460A40A0
:10157000002C04D00F211940042900D00433590154
:1015800000D480E00135ECB2FF2D00D0A3E0FF24B1
:1015900000235B02E405580AD207204310430CBC29
:1015A00090469946F8BD002E74D1601CC0B2012847
:1015B00000DCA7E04A469C1A620100D5B6E0002C88
:1015C000BED1002200240023E3E7002E00DC85E0EA
:1015D000002846D0FF2C49D080224846D204104330
:1015E000814601221B2E09DC20204C46801B8440B2
:1015F0004A462000F240441EA04102439B185A0173
:1016000028D50135FF2D00D1A8E0012207249449F7
:101610001A405B080B4013431C40A6E7002E00D085
:1016200078E775E7FF2C54D080224946D204114355
:10163000894601221B2E09DC20214846891B88404F
:101640004A460100F240481E81410A439B1A5A0152
:1016500000D573E7012241460A40590700D089E7C7
:1016600011E04846002858D1FF2C0CD1DB08002B94
:1016700000D18CE78020C00303435B025B0AFF2498
:1016800087E7FF2C25D0DB08FF2DF0D05B025B0A3B
:10169000ECB27EE7002C4DD0FF2818D08024E40463
:1016A000724223431B2A00DDC4E01C002025D440E5
:1016B000AA1A93405A1E934123434A460500D31A5F
:1016C000884638E7721CF8D0F243FF28EAD10A00B6
:1016D0004B46FF25D7E79B015B0A5AE7002E41D115
:1016E000651CE9B2012945DDFF2D00D14FE7072434
:1016F0004B445B081C4038E707225A4B2D1A234005
:10170000144032E7002C1DD1002B7AD14B46002B20
:1017100000D191E00A000025B5E7013E002E19D165
:101720004B446CE7FF2C84D1FF25ACE74A46884642
:10173000D41A05E7002BC5D10A00FF28C8D0050040
:101740004B46A0E7002B49D14B46002B77D00A002F
:10175000FF2598E7FF2C00D043E787E70A00FF2426
:10176000002316E7002C15D1002B57D1FF28E6D116
:101770004B467BE7002C20D1002B57D0494600294F
:1017800053D04B445A0168D50724364A1C400125E2
:101790001340EAE6FF28EBD08022D20476421343BE
:1017A0001B2E53DC2025AD1B1A00AB40F2405C1E03
:1017B000A34113434B44050021E7002BD8D04946F1
:1017C000002900D152E78021C9030F4200D14DE723
:1017D0006046084200D049E74B4647E74846FF25A8
:1017E000002800D14FE78022D203174204D0604680
:1017F000104201D14B46884601224146FF250A404E
:1018000041E7484600281FD01A1A500120D54A4601
:101810000724D31A1C4088460025A6E6741CC9D0AC
:10182000F643FF28BCD14B4620E799464B4600259E
:10183000DB082BE7012340E700220023A9E68023F1
:101840000022DB03FF24A4E600251CE70123B1E707
:10185000002AF1D013000025FCE60025FAE6C04678
:10186000FFFFFF7DFFFFFFFB42024B0240004900EC
:10187000520A5B0A090E000EFF2806D00020FF293D
:1018800002D11800431E98417047FE38002AFBD150
:10189000F4E7C046F0B54F464646D6460C0009036D
:1018A000C0B5490A470F5E0039431F03DB0F9C4652
:1018B00065007B0A570F1F436D0DE40F760DA1469F
:1018C000C000B846D200AB1B64457BD0002B5FDD67
:1018D000002E00D0A4E03E00164300D112E15E1EAF
:1018E000002E00D09EE1871A4346B8428041012570
:1018F000C91A4042091A0B0200D431E149024E0ACA
:10190000002E00D16EE13000FEF7BEFF0300083B61
:101910001F2B00DD61E120223900D21A9E40D14008
:101920009F400E439D4200DD51E15D1B6B1C1F2B50
:1019300000DD7CE12021C91A3D0030008F40884045
:10194000DD40791E8F41310007222843D940002510
:1019500007433A40002A09D00F233B40042B05D00F
:101960003B1DBB42BF417F42C9191F000B0200D47F
:1019700026E26A1CC64B55056D0D9A4200D106E160
:10198000C44AFF080A40530752023B43120B8EE041
:10199000002B00D0B8E06B1C5B055B0D012B00DC5D
:1019A00030E1871A4346B842B641CB1A76429E1BB5
:1019B000330200D54CE13B003343A1D10022002487
:1019C000002570E0002B00DCE5E0002E00D183E074
:1019D000AF4EB54260D0802636043743B846382B28
:1019E00000DC3EE1434613431F007A1E97413F1837
:1019F00087428041404209180B0200D4B0E0A44B5A
:101A000001359D4200D1C3E0A24A7B080A40012172
:101A10000F401F435108D30707221F433A4099E75D
:101A20009B4EB54238D0802636043743B846382B13
:101A300000DDDCE01F2B00DC30E11E004746203ECD
:101A4000F740BC46202B04D04026F31A46469E4061
:101A50003243170063467A1E97411F43CCE0002BA8
:101A600000D104E24346134300D159E14B07C008BB
:101A700018438023C9081B03194208D04546ED08C6
:101A80001D4204D14346D008590708432900420F9C
:101A9000C9007F4D1143C0004B07CA087C49C008EC
:101AA00003438D4268D012036D05120B6D0D0021AA
:101AB00012031800130B0A0D12051A43764B2D055D
:101AC00013402B435B00E4075B08234319001CBC55
:101AD00090469946A246F0BD3E00164312D05E1EC7
:101AE000002E00D000E187188742804141444042E7
:101AF000091801250B0233D5022585E7644633001A
:101B0000414610001D00C7E7002D00D0DAE00C00B0
:101B10000443F3D05C1C00D19FE15D4CA64200D190
:101B20002FE1DB43382B00DD66E11F2B00DD83E175
:101B300020240500E41A0F00DD40D940A0404346B0
:101B4000A7405B1A441EA04198462F433843171AFA
:101B5000BA42924143465242991A64463500CAE657
:101B600007223A40002A00D0F6E64B07CA08484947
:101B7000FF083B438D4296D11900114300D19EE1ED
:101B8000802109030A431203120B414D8FE7150010
:101B9000002200238BE7002B00D0C7E06B1C5F0501
:101BA0007F0D012F00DCF1E0394DAB4200D1B9E0EF
:101BB00085180A008542894142444942511807224A
:101BC000CF076D082F4349083A401D00C2E607229F
:101BD0003049ED1A31403A40BCE63E002838864094
:101BE00000279FE63800FEF74FFE20308EE6434682
:101BF00013431F007A1E9741C71BB84280414042E1
:101C0000091A78E60E003B0006431343002D61D10C
:101C1000002E00D0F4E0002B00D11BE16446390017
:101C2000100039E71A4FBB427AD03300FFE630008C
:101C30001F3DE840202B03D04021CB1A9E40374364
:101C40007B1E9F41072207433A400021002589E778
:101C5000171A4346BA42B641591A76428E1B644659
:101C60004EE61F2B00DDADE020264746F61AB740B2
:101C7000B9461700B246DF404E463E43370056464F
:101C8000B240561EB24117434246DA408918AEE6CA
:101C9000FF070000FFFF7FFFFFFF0F802026474662
:101CA000F61AB740B9461700B246DF404E463E43EB
:101CB00037005646B240561EB24117434246DA40FC
:101CC000891A99E77F4CA6425BD0802424045B42AA
:101CD000214327E7002E0CD1002B00D1CBE0644636
:101CE00039001000774DD7E6764FBB4218D033004D
:101CF00075E6002B14D04B07C00818438023C90891
:101D00001B03194207D0FC081C4204D17907D008F4
:101D10000843E14621004C46420FC9001143C00070
:101D2000684DB9E61D0000220023C0E6002D5BD1FE
:101D30000D00054300D1E2E65D1C00D1B0E0614D2D
:101D4000AE421FD0DB43382B71DC1F2B00DD96E049
:101D500020250F00ED1AAF40B9460700AA46DF4024
:101D60004D463D432F005546A840D940451EA84149
:101D700088440743BF18974292415142414435007D
:101D80003AE6644635004146100085E60B00034301
:101D9000002D00D063E6002BF5D04346134300D15D
:101DA0007AE6871887428041072241444042091859
:101DB0003A400B0200D4D5E6434B01351940C9E542
:101DC000380069E61E004746203EF740BC46202BFF
:101DD00004D04026F31A46469E403243170063461D
:101DE0007A1E97411F4302E6364DAE42CAD0802587
:101DF0002D045B422943A6E70843411E8841A6E61D
:101E0000002B00D148E6871A4346B842B641CB1AA8
:101E100076429E1B33024BD5171A4346BA42924173
:101E2000591A5242891A072264463A4092E5014300
:101E30000F00791E8F419DE71C000F00203CE740FA
:101E4000202B03D04024E31A99400843411E8841C7
:101E500038437CE60022002425E6171A4346BA429E
:101E60009241591A5242891A6446350043E5414667
:101E70001000144D10E680220024120380E61D009D
:101E80000F00203DEF40BC46202B03D04025EB1A2D
:101E90009940084307006346781E87411F4369E75E
:101EA000871897429B4141445B42C9183500A3E51E
:101EB0003B003343CED0072231003A4052E60023A4
:101EC0001A00F4E5FF070000FFFF7FFFF0B557465B
:101ED000DE464E464546E0B5834607000E03480001
:101EE00085B092461C00360B400DCD0F002800D166
:101EF0009DE0954B984239D08023F6001B041E4389
:101F0000924A7B0F334399469446030063440093FF
:101F100000230026FF00029323031B0B9846630057
:101F2000E40F52465B0D019400D1B3E086498B4229
:101F300000D19EE04246D100802212040A4351465D
:101F4000490F11438B46814952468C4600996344A0
:101F5000CB1A0021D20000932B0063409A460F2E2B
:101F600000D905E17A4BB6009B599F465B46334347
:101F7000994600D0B8E0022308260027009002937B
:101F8000CAE7CB463A0002990195019B9A4602297D
:101F900027D0032900D180E2012944D06D49009B5C
:101FA0008C4663441C00002C38DD530700D013E23C
:101FB000D2085B46DB0109D55946674B19408B4671
:101FC0008021C9008C46009B63441C00634B9C42EB
:101FD00007DC5B4664055F075B0217431B0B620D62
:101FE00002E000230027584A00211B031C0B0B0DA5
:101FF0001B05234314055A4A380013401C4353461B
:102000006400DB0764081C43210005B03CBC90461B
:102010009946A246AB46F0BD0122524201231B1B4A
:10202000382B00DCADE1002200230027DCE75B4613
:10203000334399465ED0002E00D18AE13000FEF78E
:1020400023FC03000B3B1C2B00DD7BE11D22D31A7C
:102050005A460100DA4008398E4013005F46334388
:1020600099468F403F4B00261B1A00930023029392
:1020700052E7414653460B433B499B468C46009BE7
:10208000634400935B46002B3BD1022300221E4396
:10209000022161E7434613439B4637D04346002B5A
:1020A00000D162E14046FEF7EFFB03000B3B1C2B27
:1020B00000DD53E102004146083A914088461D2167
:1020C000CB1A5146D9400B0041460B439B46534621
:1020D00093401A00009B25499C46604403008C46AF
:1020E00063440093002137E70323B14600900C2698
:1020F000029311E700230093013304260027029383
:102100000AE70323C3461E43032125E701331E4389
:102110000022012120E700239A46802300271B0389
:10212000094A61E7802349461B03194200D1E2E0D6
:102130005946194200D0DEE00B431B0317001B0B6E
:10214000A246014A50E7C046FF07000001FCFFFF1E
:10215000B86D0110FF030000FFFFFFFEFE07000047
:10216000FFFF0F800DFCFFFF01F8FFFFF3030000EE
:10217000D94500D9CBE000D1C6E03C004846002755
:10218000009B013B00935B46160E1B021E4313028D
:10219000984633041B0C9946310C0191FEF7F4F973
:1021A0004A4642430B04210C050019438A4207D9D1
:1021B0008919013D8E4203D88A4201D9851E8919A9
:1021C000881A0199FEF7E0F909048C464A46210471
:1021D00064464243090C030021438A4204D9891909
:1021E000013B8E4200D8F1E02D041D43AB4643462F
:1021F000891A4246280C12041D0C5B46140C22005E
:102200001B041B0C5A4303946B43444302956843DD
:102210001B19150CEB189C4203D980246402A446B8
:1022200060441C0C15041B042D0C20185D19814200
:1022300077D373D00C1AA24A7D1BAF42BF4194469C
:10224000009B7F426344E01B1C00864200D1DBE020
:102250000199FEF799F94A4642430B04290C0700FD
:1022600019438A4207D98919013F8E4203D88A420D
:1022700001D9871E8919881A0199FEF785F9090481
:102280004A46894629044D464243090C0300294326
:102290008A4207D98919013B8E4203D88A4201D963
:1022A000831E89193F04891A3A00039F1A43380094
:1022B00013041B0C584381460298150C6F4343438B
:1022C00045434846000C8446DB1963449F4203D9CA
:1022D000802040028446654448461F0C00041B04CD
:1022E000000C7D191818A94200D284E000D17FE0CB
:1022F00001231A4357E680234A461B0313431B035B
:102300001B0BAA466F4A6FE6BA4200D935E74B4627
:10231000DC0758087B081C43FF0734E70024AF4262
:1023200089D247444745A4415B466442A4196418D6
:10233000013BA6421ED2A0426DD800D1B6E0241ABD
:102340009B4678E703005A46283B9A40002791466F
:1023500088E65846FEF798FA203072E603005246A7
:10236000283B9A4093460022B4E65046FEF78CFA8A
:1023700020309AE6A642E2D1B845DCD9341A9B4611
:1023800059E71F2B65DC504C0099A4465C4661441C
:1023900008008C4011008240D940501E82410C43FD
:1023A00014435A46DA401300620709D00F22224034
:1023B000042A05D02200141D9442894149425B1829
:1023C0001A0262D50122002300270DE68A4200D8B6
:1023D0000AE7831E891907E70F231340042B00D156
:1023E000E6E5171D9742924153429B44FA08E0E507
:1023F000002800D1D7E57118531EB14227D3A94256
:1024000015D358D01A0073E7002B00DC04E6012333
:1024100000229B44CDE502234744474589415B4266
:102420009C46494289190C19E344241A03E74346A0
:102430005F0047459B41B8465B429E19023A8919A5
:10244000A94200D054E7404500D051E7ABE51A005F
:10245000F6E71F215F4649420C1BE740202B07D0BF
:102460001A49009B8C46634418005B4683401A431C
:10247000501E82413A4307270023174009D00F21FD
:10248000002311401400042995D122005F075B024C
:102490001B0BD20817430022A6E5802359461B03D5
:1024A0000B431B0317001B0B064A9DE5BD42B2D828
:1024B0009B460024BFE68045B9D31A00C3E7C04657
:1024C000FF030000FF0700001E0400003E040000A0
:1024D000F0B54F464646D6468446C0B58046194EAE
:1024E00018030F034D00000B5C0082463F0B6D0D7F
:1024F000C90F9146640DDB0F0120B5420AD0B442EA
:1025000003D0A54201D157450CD01CBC904699463A
:10251000A246F0BD66463E43F7D1AC42F5D15446E3
:102520001443F2D10120C845EFD1994207D0002DC4
:10253000EBD163461F433800471EB841E5E7002052
:10254000E3E7C046FF070000F0B54F464646D646D3
:102550004D00C0B50E03C90F8A462C491F035C000D
:102560008046360B6D0D91463F0B640DDB0F8D429F
:102570001ED08C4216D0002D1ED130438446002C34
:1025800001D13A4323D06246002A1AD09A4529D075
:10259000514602200139084001381CBC904699463A
:1025A000A246F0BD39001143E5D002204042F4E7D5
:1025B0003043FAD1AC420FD0002C0FD13A43E7D0D0
:1025C0000CE00122013B934318000130E5E763462C
:1025D0000020002BE1D0DBE73A43E6D19A45D7D182
:1025E000A542D5DCA54205DBBE42D1D808D00020EB
:1025F000BE42D2D250460123013898430130CCE785
:10260000C845C5D80020C845F4D3C6E7FF07000079
:10261000F0B54F464646D6464D00C0B50E03C90F2D
:102620008A462E491F035C008046360B6D0D91468D
:102630003F0B640DDB0F8D4218D08C4211D0002D62
:1026400018D130438446002C1ED13A431CD1634636
:102650000020002B30D051460220013908400138BB
:102660002AE039001143EAD0022025E03043FBD1B3
:10267000AC4226D0002C26D13A4324D15146022028
:1026800001390840013817E06246002A0FD09A4508
:10269000E1D1A54205DBBE42DDD819D00020BE4203
:1026A0000AD25046012301389843013004E0012248
:1026B000013B9343180001301CBC90469946A2464A
:1026C000F0BD3A43D0D19A45C5D1A542C3DCE0E77D
:1026D000C845C0D80020C845E3D3EDE7FF07000098
:1026E000F0B55746DE464E464546E0B58346060001
:1026F0000F03480087B092461D003F0B400DCC0FE2
:10270000002800D16FE0DE4B984238D08023FF00D4
:102710001B041F43730F3B430193DA4B0027994679
:1027200000239B46F60081442B0369001B0B524695
:102730009846490DED0F002900D185E0D04B994214
:1027400000D173E04346DA0080231B041343524652
:10275000CC48520F84461343524600206144D200B5
:1027600089442100694000918C46012149448A46F0
:102770000F2F00D990E0C449BF00CF59BF465B4638
:102780003B43019300D06AE10223082700268146DB
:102790009B46C9E732005846019B614600910228DA
:1027A00000D175E0032800D1FEE1012800D02CE122
:1027B00000230027002600253F032A0D3F0BB348C6
:1027C00012053A4302401B051343009A5B00D107F0
:1027D0005B080B433000190007B03CBC904699469B
:1027E000A246AB46F0BD5B463B43019300D12FE1CF
:1027F000002F00D1A5E13800FEF746F803000B3B9F
:102800001C2B00DD96E11D22D31A5A460100DA4046
:102810005E4608398F4013008E403B4301939C4B2A
:1028200000271B1A994600239B467DE741465346E5
:102830000B4393498C46E144002B00D01AE102225D
:102840000220174300228CE7134300D10DE14346D9
:10285000002B00D181E14046FEF716F802000B3A4A
:102860001C2A00DD72E10100434608398B4098467E
:102870001D239A1A5346D3401A0043461343524627
:102880008A404946081A824989468144002068E7FF
:102890007B4B002700268EE7140C1204120C11004B
:1028A000370C3604350C794328008C462E006043E3
:1028B0006044834656432100300C80465846794395
:1028C00040440291844506D98846802149028C46BD
:1028D000E044414602913604010C360C00048B465C
:1028E00081191E0C1B041B0C0391190079438C46A3
:1028F000280075436544A8465843050C4544774372
:10290000A94203D9802149028C466744290C8C4690
:1029100039000004000C2D042D186144AB440591CE
:102920005946049101990F043F0C080C390051439A
:102930004243904602008C46090C8B4662437C431E
:1029400044445C44A04503D980214902884642445E
:10295000210C884661460904090C8C46390059430C
:10296000434370437E430F0CF6182404BE1964449D
:1029700042448C46B34203D980235B0298464044CC
:10298000029B61469846049B370443449B46AB45F3
:10299000AD416B420D0405992D0C8C467F1967449F
:1029A000FD18A8465D462D19A542A44193466442F0
:1029B000A446C344DC448F42BF4198459B419345A4
:1029C0009241A445A4415B427F421F43360C5242D0
:1029D0006442BF192243BF18624638184302D20D21
:1029E000039913436A020A43501E82416146ED0D6A
:1029F0002A434E023243D90100D4B3E001265008E5
:102A000032400243DE0732435B08224C5444002C20
:102A100062DD510709D00F201040042805D0101D99
:102A20009042924152429B180200D90104D5802461
:102A30001948E400034054441848844200DD27E765
:102A40005E075B02D2081F0B630516435B0DB2E6FF
:102A5000002399460133042700269B4664E603239E
:102A6000019781460C279B465EE601220120174311
:102A7000002276E6032303201F43434671E6C04647
:102A8000FF07000001FCFFFFF86D0110FFFF0F8042
:102A90000DFCFFFFFF030000FFFFFFFEFE0700002D
:102AA0000023802700933F030026434B83E6019BCE
:102AB0003200A446584670E6AC466EE6802701997F
:102AC0003F0339422DD03B422BD11F433F033F0BE5
:102AD00000951600384B6EE601252D1B382D00DDC4
:102AE00066E61F2D40DC35481C005044160082402D
:102AF0008440EE40501E824134431443EB40620751
:102B000009D00F222240042A05D02200141D94422D
:102B1000804140421B181A023ED50123002700269F
:102B200049E68027019B3F031F433F033F0B00946F
:102B3000214B40E603005A46283B9A40002601926A
:102B40006DE65846FDF7A0FE203057E603005246DA
:102B5000283B9A401300002293E65046FDF794FE6E
:102B600020307BE6CA4650E71F201E004042041B6F
:102B7000E640202D03D0124C5444A3401A43501E6B
:102B80008241324307260027164009D00F20002338
:102B9000104014000428B9D122005E075B021F0B0D
:102BA000D2081643002306E680273F031F433F0356
:102BB0003F0B1600004BFEE5FF0700001E0400005F
:102BC0003E040000F8B557464E464546DE460C002A
:102BD0000903E0B5490A460F5F0031431E03DB0FCE
:102BE000760A9B46530F3343C84E6500C000E40F7E
:102BF000D2006D0DA24681467F0D9C469046B7429D
:102C000000D1B9E05B46012673409B46EE1BA3450D
:102C100000D183E0002E63DD002F00D0B1E06346D9
:102C2000134300D123E1731E002B00D0BAE1861AB2
:102C30006346B04280410125C91A4042091A0B027D
:102C400000D447E149024B0A98464346002B00D185
:102C500089E14046FDF718FE0300083B1F2B00DD0D
:102C60007CE120223000D21A4146D0409940020037
:102C70009E400A439D4200DD6AE15D1B6B1C1F2BD9
:102C800000DD94E1202110003500C91A8E40DA40A1
:102C90008840DD40711E8E41110007222843002527
:102CA00006433240002A09D00F233340042B05D0BD
:102CB000331DB342B641764289191E000B0200D47F
:102CC0003DE26A1C914B55056D0D9A4200D119E108
:102CD0008F4AF6080A40570752023743120B9BE00F
:102CE000002E00D0C5E06E1C7605760D012E00DCAE
:102CF00048E16746861ACB1BB042BF417F42B846C7
:102D00001F004346FF1A3B00B8461B0200D55FE197
:102D100037439AD100220024002579E0002E00DC00
:102D2000FAE0002F00D18DE0784B9D4267D08023E0
:102D300067461B041F43BC46382E00DC52E1634645
:102D400013435A1E93411E1886428041404209187F
:102D50000B0200D4BEE06D4B01359D4200D1D2E0A4
:102D60006B4A73080A4001210E401E435108D307E5
:102D700007221E43324095E71E00164300D045E768
:102D800040E7624B9D423AD0802367461B041F43B5
:102D9000BC46382E00DDEBE01F2E00DC3AE13300AC
:102DA0006746203BDF403B00202E05D04027BF1B5D
:102DB0006646BE40324390464646721E96413343B5
:102DC000DAE0002B00D114E26346134300D168E13E
:102DD00080234E07C008C9081B030643194208D0C8
:102DE0006046C008184204D163460100D2085E075D
:102DF0001643F3009946C900720F444D11434B46E8
:102E0000DE08424B4F073743CA089D4200D16EE0AF
:102E100012036D05120B6D0D00211203130B0A0D29
:102E200012051A433B4B2D0513402B435B00E4076F
:102E30005B082343380019003CBC90469946A246E3
:102E4000AB46F8BD6346134311D0731E002B00D070
:102E500007E18618864280416144404209180125F5
:102E60000B0237D502257BE73E00614691463500CF
:102E7000C5E75C46002D00D0E1E00B000343F3D032
:102E8000731C00D1ACE1214B9F4200D13AE1F343E6
:102E9000382B00DD6FE11F2B00DD8CE120250E00BB
:102EA000ED1AAE40B0460600AA46DE404546354320
:102EB0002E005546D940A8406346451EA8415B1ADE
:102EC0009C463043161AB242924163465242991AC6
:102ED0003D00B4E607223240002A00D0E4E60B4B66
:102EE000F6084F073743CA089D4200D090E73B00E1
:102EF000134300D1A6E180231B031A431203120BD4
:102F0000024D89E715000022002785E7FF07000032
:102F1000FFFF7FFFFFFF0F80002E00D0C7E06B1C7C
:102F20005E05760D012E00DCF0E0C84DAB4200D10D
:102F3000B9E085180A008542894162444942511826
:102F40000722CE076D082E43490832401D00A9E62E
:102F5000BF49ED1A114007223240A3E6320028385B
:102F60008240002686E63000FDF78EFC203073E6B6
:102F7000634613435A1E9341C61AB04280414042F1
:102F8000091A5CE60E00674606431743002D5ED122
:102F9000002E00D0F3E0002F00D11EE15C46614618
:102FA00091462CE7A94FBE427BD01E00F1E61000EF
:102FB0001F3DE840202B03D04021CB1A9A401643F6
:102FC000731E9E410722064332400021002583E7FD
:102FD000161A6346B2428041591A40420B1A98466B
:102FE0005C4632E61F2E00DDABE02027BB1B9A4675
:102FF00063465746BB40994613004F46F3401F4374
:103000003B005746BA40571EBA4113436246F2404E
:10301000891898E62027BB1B9A4663465746BB4053
:10302000994613004F46F3401F433B005746BA40B2
:10303000571EBA4113436246F240891A9CE7834BFC
:103040009F425FD080252D047342294320E7002E44
:103050000CD1002F00D1D0E05C46614691467B4DFB
:10306000CDE67A4FBE421CD01E0065E6002F18D078
:10307000C0084E0706438020C9080003014208D05B
:103080006346DC08044204D12100DA46D2085E0718
:103090001643F300994601245346C900720F1143A9
:1030A0001C406A4DABE61D0000220027B4E6002D4F
:1030B00059D10B00034300D1D6E6731C00D1B2E016
:1030C000624B9F421ED0F343382B6FDC1F2B00DD79
:1030D00097E020250E00ED1AAE40B0460600AA4645
:1030E000DE40454635432E005546A840D940451E92
:1030F000A8418C440643B61896429241514261441D
:103100003D0025E63D006146914678E60B0003430D
:10311000002D00D055E6002BF5D06346134300D1B7
:103120006DE68618864280416144404209180022BB
:103130000B0200D4D0E6464B01351940B2E5B1464A
:103140005DE633006746203BDF403B00202E05D084
:103150004027BF1B6646BE40324390464646721E1D
:1031600096413343EFE5394B9F42CBD080252D0468
:1031700073422943A8E70843411E8841A2E6002F75
:1031800000D13CE66346861ACF1AB0429B415B42AF
:10319000FB1A98461B024ED5161A6346B24292415C
:1031A000591A5242891A5C4600227BE501430E00FF
:1031B000711E8E419FE71D000E00203DEE40B0467F
:1031C000202B04D04025EB1A9940084381464846FD
:1031D0004346411E8841184374E60022002417E646
:1031E000161A6346B2429241591A5242891A3D0058
:1031F00025E561469146154D01E680220024120323
:1032000079E61D000E00203DEE40B046202B04D094
:103210004025EB1A9940084381464E464346711EAD
:103220008E411E4367E7861896429B4161445B428C
:10323000C9183D008CE547463743CED007224146AA
:10324000324049E600273A00E6E5C046FF070000A5
:10325000FFFF7FFF70B50C4E0D031C0349005B00A0
:103260002D0B490D240B5B0DB14208D006490020FF
:103270008B4203D114432000441EA04170BD05437E
:103280000120002DFAD1F1E7FF07000030B5144D01
:103290000A034B00120B5B0DC90F0024AB4211DD7A
:1032A000104CA34210DC8024640322430E4CE41A29
:1032B0001F2C0CDD0D48C31ADA4013005C420029B4
:1032C00000D11C00200030BD094BCC18FAE7094D95
:1032D000E040AC4663449A4013000343EEE7C04627
:1032E000FE0300001D04000033040000130400006E
:1032F000FFFFFF7FEDFBFFFF70B500282DD0C31748
:10330000C5185D40C40F2800FDF7BEFA154B1B1A07
:103310005B055B0D0A2815DD0B38854000222D0367
:103320002D0B002110002D030A0D2D0B12052A4331
:103330000D4D1B052A4013435B00E4075B08234344
:10334000190070BD02002900153291400A000B21BE
:10335000081AC5402D032D0BE3E7002400230025A8
:103360000022DEE71E040000FFFF0F8010B5041EE0
:1033700025D0FDF789FA144B1B1A5B055B0D0A2853
:1033800012DD0B38844000222403240B002110009E
:1033900024030A0D240B120522430C4C1B0522406A
:1033A00013435B00590810BD020021001532914003
:1033B0000A000B21081AC4402403240BE6E700236B
:1033C00000240022E2E7C0461E040000FFFF0F8039
:1033D0004100090E4B1C70B5DBB24602750AC40FE2
:1033E000012B14DDE0239B006D07360BCB18002169
:1033F0000A0D280012051C4D32435B052A405B086C
:1034000013435B00E4075B082343190070BD0029E8
:1034100014D1002D1ED02800FDF736FA0A281CDC36
:103420000B232A001B1ADA40030015339D400F4B73
:1034300012031B1A5B05160B5B0DD8E7002D06D097
:10344000320B802636036D071643094BCFE7084B36
:103450000026CCE700230026C9E703002A000B3B27
:103460009A400025E3E7C046FFFF0F808903000074
:10347000FF070000F0B54C00640D0B03621C5B0AF3
:10348000460F5205C90F1E43C500520D012A29DD02
:10349000374BE718FE2F1CDC002F3BDD8001431E5D
:1034A00098410722F3006D0F03432B431A40002A73
:1034B00004D00F221A40042A00D004338022D20400
:1034C0001A4024D00137FAB2FF2F02D09B01580ACC
:1034D00001E0FF2200204002D205400AC907104344
:1034E0000843F0BD3543002C04D1002D0AD1002241
:1034F0000020F0E7002DECD08020C0033043FF22F5
:10350000E9E7002400235B02580AE2B2E3E7DB08A4
:103510003C00F8E73B001733F3DB80231B04334305
:103520001E26F61B1F2E14DD02225242D71B1A0044
:10353000FA401700202E04D00E4A94466444A3405B
:103540001D432B005D1EAB4107223B431A40002761
:10355000ADE7094A2800A218954093406C1EA5418A
:10356000F04007222B4303431A4000279FE7C04641
:1035700080FCFFFFA2FCFFFF82FCFFFF10B50029CB
:1035800003D1FDF781F9203002E0081CFDF77CF93A
:1035900010BDC046F0B54E465746DE464546E0B53E
:1035A0000F00002183B006008946002F06DA39009B
:1035B000002746428F41012149428946002B07DA04
:1035C0004946C943100089461900002342428B41F5
:1035D00034003D0092469846BB4269D866D04146C9
:1035E0005046FFF7CBFF834639003000FFF7C6FF98
:1035F0005B461B1A9C46203B9B4600D575E0514616
:10360000584681400B005146604681400A00BB424B
:1036100061D85ED034003D005946A41A9D4100296E
:1036200000DA7AE00021002001260090019159463D
:103630008E400196614601268E4061460096002923
:1036400050D0D90756085F080E4363460EE0AF42DC
:1036500001D1A6420CD8A41BBD41012124196D4102
:103660000022013B64185541002B06D0AF42EED931
:10367000013B24196D41002BF8D1009801995B465C
:1036800000196941002B3DDB2E00DE4063462C0013
:10369000DC405B46002B4BDB34005D46AC40230036
:1036A0006446A6403200801A994103E0B24296D99E
:1036B000002000214B46002B04D003000C00002109
:1036C0005842A14103B03CBC90469946A246AB4645
:1036D000F0BDB1429ED900210020009001916146C9
:1036E0000029AED100980199E4E7202362465146B3
:1036F0009B1AD940404600916146884003000099DA
:103700000B4380E7624620239B1A2A009A4026003A
:1037100013006246D6401E43B8E7614620260127C3
:10372000761A00200021F74000900191019781E76F
:103730006746202362463500BC409B1ADD402300CB
:103740002B43ADE7024670B50A4392072AD11E4DBE
:10375000EE0104C808C9541B9443344017D0D0B2BA
:10376000D9B2401A2106014310D190B299B2401A41
:10377000210401430AD110021902000A090A401A61
:103780002102014302D1100E190E401A70BD9A4257
:10379000DFD010BA19BA884201D9012070BD0020CB
:1037A000C04370BD02780B7801300131002A09D086
:1037B0009A4207D102780B7801300131002A01D0FA
:0C37C0009A42EFD0D01A70BD0101010147
:1037CC0010B50021102003F0A1FF022003F0F6FE3B
:1037DC000121102003F09AFF0A2003F0EFFE0021D4
:1037EC00102003F093FF0B4A0121112003F0EEFF90
:1037FC0000280CD0FFF77AFD074A084BFEF76AFF4A
:10380C000022074BFEF766FFFFF72EFE10BD0548A2
:10381C00FCE7C046307500009CC420B07268A13F24
:08382C000000E03F000080BF36
:103834001FB50A4B0A4C02930A4B40220193012301
:103844005B4200938021084B200001F0BBF9074A3A
:103854000749200009F0CEFD1FBDC046A086010027
:1038640048270020801A0600D415002048020020B2
:043874002D4C0010C7
:1038780037B5E121284C4902200002F0EDF803F0A9
:1038880081FE0500200001F0FFFE002805D103F0AD
:1038980079FE224B401B9842F4D92149200003F0BD
:1038A800A5FC0121102003F0F5FE0021112003F0F2
:1038B800F1FE0C2003F0E8FE1A49200003F096FC04
:1038C800194800F03DFA1949200003F08FFC012344
:1038D800174D00933C220221280001F09FFA00288E
:1038E80009D1FA25AD001349200003F07FFC280018
:1038F80003F062FEF7E71049200003F077FC280088
:1039080001F07BFA002300200C4A9900013388500B
:103918000A2BFAD137BDC046001C0020B70B0000A7
:103928001F6F01103B6F0110D4150020526F01105A
:10393800482700207A6F0110B66F01101C2A00205A
:10394800F0B58BB0FFF73EFFBE490290FCF76AFF67
:10395800051E13D1BC4E3378002B00D006E1FC21A4
:1039680002988905FCF778FF002809D0B749029822
:10397800FCF75EFF002803D0012333700BB0F0BDC5
:10398800B34C029A2068B34E83009A5101300A2141
:10399800FCF7E0FE002500202160AB00F15801355E
:1039A800FDF7F6F80A2DF8D1AB49FDF78BFA00239D
:1039B800002505900493049BA64A9B0098580599F6
:1039C800FDF78AFDFFF700FD02000B00FEF784FEFD
:1039D8000600281C0F00FFF7F7FC0B000200390057
:1039E8003000FDF753FFFFF741FD049B051C013331
:1039F80004930A2BDFD19849FDF764FA0CF0C8FB51
:103A080000252468071C631D05932E1C20000499BB
:103A1800FCF7A0FE8F4B8900C958301CFDF7B8F899
:103A28000499061C601DFCF795FE8A4B8900C9584D
:103A3800281CFDF7ADF8059B0134051CA342E5D110
:103A4800011C301CFDF748FD0021041CFCF704FF95
:103A5800002802D180231B06E418804907A803F038
:103A680034FD7F49381CFCF7F7FE002870D07D49EB
:103A780007A803F049FD00257B4C7C49200003F092
:103A880099FB0298FFF7A0FC022602000B000290A7
:103A980003910096200003F0C3FC7549200003F051
:103AA80089FB381CFFF790FC002702000B000096EA
:103AB800200003F0B5FC6F49200003F07BFB07A949
:103AC800200003F089FB6C4C013E200001F095F9C1
:103AD8000121200000F03DFF68492761200003F024
:103AE80069FB0A22802339002000009601F0D0FBF0
:103AF800A0235B0323616249200003F05BFB07A955
:103B0800200003F050FB80239B035E4923612000C3
:103B180003F050FB029A039B0096200003F080FC00
:103B28005949200003F046FBC0239B0323615749F2
:103B3800BD4200D05649200003F03CFB200001F0B4
:103B4800F5FB07A803F072FC642003F035FD15E7C8
:103B58008021201CC905FCF77FFE4E49002800D1B2
:103B68004D4907A803F0D0FC012585E7012BEBD1CF
:103B780064241A2003F04AFD2B000094474A484960
:103B880003F0EFF90500A04258DD25000027364C68
:103B98004449200003F00EFB0A222900200003F00C
:103BA80072FB4149200003F021FB334C200001F057
:103BB80024F90121200000F0CCFE3C4927612000B7
:103BC80003F0F8FA01230A22009339007F3320001A
:103BD80001F05EFB0221200000F0BBFEC8235B035E
:103BE80023613349200003F0E5FA0A222900200066
:103BF80003F049FB2C49200003F0DCFA01212000E6
:103C080000F0A7FEDC239B032A492361200003F070
:103C1800D1FA200001F08AFB82210298C905FCF73D
:103C28001BFEB84290D03B0000200A4A990001339D
:103C380088500A2BFAD10023337085E7C343DB177A
:103C48001D40A3E7000080BFEA2A00200000C04012
:103C5800182A00201C2A002000002041606E011054
:103C6800000060406D6E0110001C0020916E011074
:103C7800986E0110A36E011048270020B06E011045
:103C8800A66E0110C16E0110CB6E01104B6E0110B3
:103C9800386E01107A6E0110876E0110DC05000085
:103CA800FF0F0000CE6E0110EC6E0110EE6E0110D9
:083CB800016F0110086F0110FB
:043CC0000020704729
:023CC400704747
:0C3CC60010B50368C9B21B68984710BD18
:0E3CD2008B23002249009B00C161C250704745
:0C3CE00010B5036801211B6B984710BD54
:0C3CEC0010B503689C6B0123A04710BDBD
:103CF80030B58B248025A400025903006D000020F4
:103D0800AA4206D0501C185101209B182D33FF33AE
:043D1800197030BD31
:023D1C007047EE
:083D1E008C239B00C15070478B
:083D26008D239B00C150704782
:103D2E000300FC33DA6A002A04D09B6A0130C01803
:0A3D3E00C07F704701204042FBE700
:103D480070B5036804005B6A9847402009F072FD6B
:103D580005001A23E25E1823E15E05F0D5FF6561D0
:023D680070BD2C
:0A3D6A0010B50C220DF00BFE10BD89
:103D740070B58B25AD00435906001400D01880227D
:103D84005200904200D9D41A30002D30FF30C018B0
:103D940022000DF0F7FD735920001B19735170BDFB
:103DA40070B5050040690C00002801D005F0D4FE70
:0E3DB4002869002802D0210005F0F0FF70BD44
:103DC20010B50400FC3409F098F8E46A09F0ABF885
:043DD200200010BD00
:103DD60010B5040009F08FF82300FC33DA6A002AD4
:103DE60011D0DA6A002A0ED09A6A0134A4189A6AA7
:103DF600E47F0132D2B29A62DA6A013ADA6209F0F3
:0C3E060090F8200010BD01246442F8E791
:103E120070B504004069002804D00368DB68984745
:103E2200002363612369002B13D08E25AD006059F6
:103E320009F0E3FF60590AF001F86059002802D046
:103E420003685B6898470C21206909F026FD00236E
:043E5200236170BDBB
:103E56008B2330B502000C0001259B00C35885B0AA
:103E66004069D1696C40002B07D100942B0003AA4E
:103E760005F0A1FEC0B205B030BD2D32FF32009470
:0C3E860005F079FE431E98414000F4E76F
:103E9200F0B514008022C3B005005200944200D94C
:103EA200140001225340009302AE49002300320065
:103EB200686905F082FE002817D12B00FF27FC332A
:103EC2000135A04212D08021DA6A49008A420AD022
:103ED2005A6A315CAA18D1775A6A01323A405A6258
:103EE200DA6A0132DA620130EBE70024200043B0E3
:023EF200F0BD21
:103EF400F0B50400FF27C1B0206905F05CFF03287A
:103F0400FAD8FCF7AFFA5C0222228D239B00E35817
:103F1400002B00D098478B26B600A359002BEBD07A
:103F240008F0EAFF2100A5592D313D402A00FF3158
:103F340068460DF027FD0023A35108F0F3FF2A0083
:103F44006946206905F03FFFD6E7F02269462069FB
:103F540005F035FF050008F0CFFF23000022FC33F5
:103F64005A62601C9A62DA62AA4215DA8026D96A19
:103F74007600B14210D0D96AB1420BD06E46596A6C
:103F8400B65C4118CE77596A013139405962D96A11
:103F94000131D9620132E7E708F0C4FF2368200049
:103FA4001B6998470028A7DD8C239B00E558002D4A
:103FB400A2D0236820001B699847A8479CE703F018
:043FC40011FB99E76D
:063FC8000023C3607047F6
:0E3FCE00C36810B5002B01D09B68984710BD4A
:103FDC00FA2370B500254283802204009B00836085
:103FEC000C4B456008330561456103600183520049
:103FFC00290020300DF054FD2300FC335D629D62DE
:10400C00DD628B239B00E5500433E5500433E5500F
:08401C00200070BDF06F0110DF
:0E40240010B504000021FFF7CDFF200010BDF5
:0C40320010B50400FFF7CAFF200010BD0D
:10403E0010B542680368086854100019D20701D5FC
:08404E000268D358984710BD29
:0C40560010B501000430FFF7EFFF10BDB3
:1040640010B5024BC3601CC91CC010BDD86F011031
:1040740010B586B00400684603910092436004AB17
:1040840006C806C3200003A9FFF7EAFF200006B014
:0240940010BD5D
:0C40960013B50400FFF7EBFF200016BD7F
:1040A40070B5036888B05B6A04000E0098470C2062
:1040B40009F0C2FB05001A23E25E1823E15E05F055
:1040C40053FE71002561280005F06CFEBC2009F048
:1040D400B3FB0500134B08C0FFF7A2FF2800002123
:1040E400403009F001FE2800543009F099FD802287
:1040F4000D4B2800009312010023182109F072FED1
:104104008E239B00094AE5502100002304A8FFF7F1
:10411400C0FF04A9280009F0CFFE04A8FFF787FF19
:1041240008B070BD4C930110E46F0110F53E00100F
:0841340010B5FFF78EFF10BD6E
:08413C0010B5FFF7F9FF10BDFB
:1041440010B5042003F00AFA0400052003F006FA6F
:10415400210002000148FFF73FFF10BDD4150020E5
:024164007047A2
:10416600F0B51D0089B00EAB00241C5F0FAB1B8899
:1041760016000693A31ADA179B18534002936B1A7C
:10418600DA179B1853400393039A029B01909342BC
:1041960005DC23002C001D0033000E001900A6428A
:1041A60005DC2B000D001900230034001E00331B14
:1041B6009BB204934B1BDA179B18534007936B462D
:1041C60010229A5ED30F9B185B10009301238D4239
:1041D60021DA0593B44224DC019B039A1B689B6990
:1041E6001F00029B934218DD22002900069B0198BE
:1041F600B847009B079A9B1A9BB21AB20092002AF4
:1042060006DA059AAD18049A2DB2D3181BB200939C
:10421600013424B2DEE75B42DBE7069B2A0021007D
:06422600E5E709B0F0BD60
:02422C007047D9
:0A422E0010B504682469A04710BD14
:1042380037B506AC258804680095A46BA04737BD40
:1042480037B506AC258804680095E46BA04737BDF0
:1042580073B506AC0025655F07AC2688046801962F
:084268000095246CA04773BD12
:10427000F0B5160004000D0085B003930AAB1F884B
:1042800003685B699847039B2268013B9B191BB23B
:1042900000930197976A2B00320029002000B8474D
:0C42A00023682000DB6A984705B0F0BDE1
:1042AC00F0B505001C000E00170085B00AAB1B888A
:1042BC00013C03930368A4195B69984703992A6826
:1042CC000191009723B23100946A28003A00A0476C
:0C42DC002B682800DB6A984705B0F0BD95
:1042E800F0B50E0087B003930CAB029200229B5EE0
:1042F800050004930DAB1B883400059303685B69C4
:104308009847039A2B68B21894420ADA059A210052
:1043180000921F6A029A049B28000134B84724B20D
:0C432800EFE7DB6A2800984707B0F0BD03
:1043340013B501910E24015F0C22835E0268009183
:0A434400146C00221100A04713BD05
:10434E00F0B5040015000E0087B004930CAB0022EC
:10435E009B5E05930DAB1B88039303685B699847BF
:10436E00039A236800925F6A2A00049B31002000A2
:10437E00B847059B03995A1E2368009152195F6A2C
:10438E003100049B200012B2B847039A23680092B2
:10439E001F6A2A00059B31002000B8470499039A32
:1043AE00236801390092891909B21F6A2A00059BF8
:1043BE002000B84723682000DB6A984707B0F0BD9D
:0243CE00704736
:1043D000F0B585B01E000AAB0027DF5F0BAB1B8872
:1043E00014000500029103930268B14210D1BC424F
:1043F00002DC3B0027001C00039901340091E31B01
:10440000966B1BB23A0002992800B04705B0F0BD88
:10441000BC4211D1029BB34202DC3300029E0293E4
:10442000029B0399013300919B1BD76B1BB22200A7
:1044300031002800B847E9E753699847039A2B6889
:10444000019200979F6A2800330022000299B84722
:0A4450002B682800DB6A9847D8E7C4
:10445A000323194010B50822835E81760A24025F7D
:10446A00012904D0032902D08381C28110BD82812F
:04447A00C381FBE718
:104480004281C2810122524242610222002310B5C0
:10449000FF32074C0283013A0834FF3A436004605C
:1044A0000181818103618376C2760377036210BD47
:0444B000487501103A
:1044B400F0B58DB0089312AB039200229B5E079176
:1044C400049313AB00229B5E0400099314AB1B8876
:1044D4000A9303685B6998470722049B039FD91DCD
:1044E400CB1713405B18DB10059300231D000193C9
:1044F4000B92039ABBB206939B1A099A1BB29A4277
:104504002BDD0023049A93421EDA9AB202920B9A8C
:104514006D0099B2EDB2114204D1089A0199DB10F1
:104524005218D55C6BB2002B0ADA079B029A200062
:10453400D118236809B29B693A001E000A9BB04750
:10454400029E013633B2DDE7059A019B9446069F2D
:104554006344013701933FB2CBE723682000DB6A51
:0645640098470DB0F0BD08
:10456C00F0B595B01D001AAB1B88040005931BAB6E
:10457C001E881CAB1B78089103931DAB1B7804920F
:10458C000293036A002B00D0C4E00C22835E8B42A2
:10459C0000DC7DE00E22835E049A934278DD0623D4
:1045AC00039A53435B18002B72DD029B049ADB00C9
:1045BC009B18002B6CDD037F002B03D1AF2D01D991
:1045CC000135EDB2236820005B69984705235D43F4
:1045DC000B9300230793984B5B190F93079A0F9B30
:1045EC009B5C0A936B469B8B09936B469B890D9343
:1045FC006B460D9A1F8C099B5343FB181BB20E93F1
:10460C0008230C930023069301220A9B2068134273
:10461C0052D06B461A8B198A039B012B3AD1029B01
:10462C00012B37D1099B52188569D919059B12B2F8
:10463C0009B22000A847069B01335BB206930A9B84
:10464C005B080A930C9B013BDBB20C93002BDBD178
:10465C00079B01335BB207930B9B013BDBB20B93C4
:10466C00002BBBD1059BB3420ED0039B2268012BC0
:10467C003FD1029B012B3CD105370096156A39B20C
:10468C000733049A2000A84723682000DB6A984768
:10469C0015B0F0BD6B460C255B5F029D6A438A1812
:1046AC00059912B2019169460825495F0091C569C7
:1046BC000E992000A847BEE7059BB342BBD06B46C2
:1046CC00198B1A8A039B012B0AD1029B012B07D150
:1046DC00099B5218D91912B209B285693300A8E79F
:1046EC006B460C255B5F029D01966943521812B212
:1046FC00D9E76B460C215B5E05210D980196414371
:10470C0002987918C0000090D56909B2049A20006B
:10471C00A847B9E71A7AAD1AEDB25A68ED001B68D2
:10472C00551913932B880993AB780D93EB78119350
:10473C000523EB560E930623EB560F93039B012B8D
:10474C0002D8029B012B56D96B4638229B5E0B93E9
:10475C006B463C229B5E0C930027236820005B6910
:10476C00984707970697119B069A9A4200D38BE7B6
:10477C006B461B8A00260A930C9B9B18029A534388
:10478C000A9AD3181BB210933B000D9A96424BD247
:10479C005A1CD2B212920722134207D1099B0999D3
:1047AC00139A0133525C9BB2079209936B461B7FA1
:1047BC005BB2002B17DA6B46198C039B2068012B1C
:1047CC001DD1029B012B1AD10A9B0F9A9A18069B9A
:1047DC00D2180E9B12B2C918836989191D0009B22F
:1047EC00059B2000A847079B01365B00DBB20793B3
:1047FC00F6B2129BC9E700230C930B93ACE76B4604
:10480C000C229B5E0B9A039D92196A438918059A98
:10481C0009B201926A460825525F0092C2692000D3
:10482C001500109AA847DEE7069D0D9B0135FF1871
:0C483C00EBB2FFB2069396E74870011043
:10484800F0B5026A85B004000B00002A34D10A29A9
:1048580008D1437E0282DB00628A9B1863820120B2
:1048680005B0F0BD0D29FAD0E17E007E657E0029F5
:104878000ED01026A15F0626464389190C27E65F4D
:10488800B14205DD1226A15F2282EA005218628237
:104898000290E08A1221625E0190A08A1026A15F30
:1048A800009003952000FFF75DFE0622237E534308
:1048B800228A9B182382D2E70A2905D10023038282
:1048C800127B437E5343C7E70D29C8D0117A8B4228
:1048D800C5D3907A9842C2D3591AC9B25068C90050
:1048E8004518AF78002F28D0E978002925D0E17E37
:1048F800207E667E002913D005216956C9194143D7
:104908008C461021675EBC440C21675EBC4507DD00
:104918001227E15F00272782127B724352186282B6
:104928000290E08A1221625E0190A08A1027E15F5E
:10493800009003962000FFF715FE2B79227EB6E73C
:10494800002900D101310176002A00D101324276D6
:024958007047A6
:0A495A0010B50A00FFF7F3FF10BDCF
:104964000B000F2130B50122172487B069440B7066
:10497400C3686C44186803680092DD682300A84784
:06498400207807B030BDF1
:10498A00F8B5427A036805000C00CFB29B680E0A9C
:10499A00002A0FD13900FF2798472B68BC430443EC
:1049AA009B683100280098470302200038401843CA
:1049BA0080B2F8BD31009847FF262B6800023440C8
:1049CA0004439B68390028009847B4432043EFE723
:1049DA0013B5C368186803680092DC680B00A04727
:0249EA0013BDFB
:0249EC00704712
:0249EE00704710
:0249F00070470E
:1049F20030B5436885B004000D00029103929942DC
:104A020005D113000192826853401B0210D002AB01
:104A12001A79E3680821186805F078FAE368290032
:104A2200186805F08FFA201D072202A90CF0ABFFCF
:044A320005B030BDDE
:104A3600C36810B50400002B0BD01868002808D0F6
:104A460003685B6898470421E06808F024FF0023A8
:044A5600E36010BD4C
:0E4A5A0010B50400182108F01CFF200010BD4C
:104A680037B5C5680400002D04D1042008F0E2FE23
:104A7800E0600560E3681B68002B11D1302008F066
:104A8800D9FE1422A35E05001021625E1220215E69
:104A9800012040420090280005F0FAF9E3681D6003
:024AA80037BD18
:104AAC0070B5102002F056FD0500132002F052FDE7
:104ABC000400122002F04EFD094A0A4B08321A601B
:104ACC000121002259725A601A729A72DA60988225
:104ADC00054A064918001D825C8208F087FC70BDEF
:104AEC00A0750110BC15002048020020F1490010EF
:104AFC00F0B500291BDB0C25445F8C4217DD002A26
:104B0C0015DB0E25445F944211DD847E022C0FD000
:104B1C00032C16D0012C04D1D2430489A4180A000A
:104B2C0021B2012B13D0002B22D0022B32D0F0BD9E
:104B3C00CC4301890919D443428909B2121912B222
:104B4C00EFE7C94344896418110022B2E9E707254D
:104B5C00D4172C40A4182A4093400827C65FE410B1
:104B6C0074436118C46A61180A7813430B70DEE74A
:104B7C000724D31723409B180826855FDB106B4353
:104B8C005918C36A22405918012393401A000B7814
:104B9C009343EBE70724D31723400826855F9B1824
:104BAC00DB106B435918C36A01202240904002006D
:0A4BBC0059180B785A400A70B9E747
:104BC80070B5002504001E0012B204AB09B25D578F
:104BD800FFF752FC104B08332360002363629E42A8
:104BE80000D10E4E2100FF223331A662E3620A7023
:104BF8004A708A70CA70220037321570059A0121EE
:104C0800A263069A2000E263054A626422004432E5
:104C180013715171937170BD7C7A0110D415002005
:044C280000093D0042
:104C2C00054B10B5083304000360C06A002801D09E
:0C4C3C000CF074FB200010BD7C7A01100D
:104C4800836AF7B504000E000200002B14D030323E
:104C580011781A681800D26A9047A06A0021036880
:104C68001B689847A06A310003681B689847A06AC8
:104C780003685B6B9847F7BD35321078190002F06E
:104C880047FD606A002804D0036831009B68984794
:104C9800F1E70827802523002900333318783140AD
:104CA80002F036FD2300343301931878012102F015
:104CB8002FFD019B00211878013F02F029FD6D08A6
:064CC800002FE8D1D7E740
:104CCE0070B50400806A0D00002812D00368A16B35
:104CDE009B6A984729004D1EA9412000A631FFF777
:104CEE00ACFFA06A002813D00368E16B9B6A98475B
:104CFE0070BD606A002804D00368616CDB69A26C29
:104D0E009847230036331878002102F0FEFCE1E7C5
:104D1E00230036331878012102F0F7FC606A002870
:0A4D2E00E6D003681B6A9847E2E72D
:104D3800F0B5836A85B08A1805000C000392002B31
:104D48002DD007001A68303718003978D26A904792
:104D5800A86A0021036801261B689847A86A039A75
:104D68000368A24217D03E2E0CD95B6B9847A86AFD
:104D7800397803680126DB6A9847A86A0021036826
:104D88001B689847A86A2178036801361B6898470A
:104D9800B6B20134E2E75B6B984705B0F0BD02009C
:104DA80035321078190002F0B3FC039B9C42F4D012
:104DB8002378686A0193002805D0036801999B68E5
:104DC80098470134F1E7082680272B0001993333EF
:104DD8003940187802F09CFC2B0034330293187881
:104DE800012102F095FC029B00211878013E02F097
:0A4DF8008FFC7F08002EE8D1E3E7EE
:104E0200072110B50A22835E0733DA170A40D21847
:104E12000821435ED2105A43C06A00210CF045FEBD
:024E220010BDC1
:104E2400F0B587B004930CAB1F78C36A04000591F6
:104E34001600002B1BD02000FFF7E1FF0A23E25EDF
:104E44000823E15E202A25DC203AD30F9A180B00B0
:104E5400733BD90FC918012302931F335210491011
:104E640001935333009312B209B2964B24E00A2201
:104E7400835E07220733D8171040C0180822A35EA8
:104E8400C01058430CF044FAE062031ED3D118005A
:104E940007B0F0BD403AD30F9A180B00523BD90F1C
:104EA400C918012302933F3301931233521049105E
:104EB4000093854B12B209B22000FFF7F9FA6B4652
:104EC40025001B7D31352B70A06A00286BD0002E85
:104ED40067D10A23E65E203E731E9E413C362300C2
:104EE40030331E70002F00D1E7E00368DB69984778
:104EF400049B002B1BD02600002037363056002898
:104F040015DBC0B2012102F0C7FB0121307802F0A9
:104F140001FC012002F052FB0021307802F0FAFB80
:104F24000A2002F04BFB3078012102F0F3FBA06A67
:104F3400002862D00368A16B9B6A984704226349E6
:104F44002000FFF7F7FE618920000139C9B2FFF79D
:104F540079FE5F4904222000FFF7ECFE0023EB56A4
:104F64001421012B00D104392000FFF76BFE260029
:104F7400042258492000FFF7DDFE8F2340363370AA
:104F8400A368554A0227934251D0544A934243D1CD
:104F94000022AA56CF23012A00D1303B33701227B6
:104FA40045E076B29BE72300260035331878363681
:104FB400012102F071FB3078012102F06DFB3078A1
:104FC400012102F0A7FB666A002E05D0002F8FD0C6
:104FD40033683000DB6A8AE723002700333318780C
:104FE4003437012102F058FB3878012102F054FBD8
:104FF4003878310002F08EFB7AE7606A002804D02A
:105004000368616CDB69A26C984723003633187817
:10501400002102F07FFB91E7314A934232D1002212
:10502400AA56AF23012A00D19F3B02273370DA210D
:105034002000FFF707FE39002000FFF703FE81215F
:105044002000FFF7FFFD31782000FFF7FBFDD92199
:105054002000FFF7F7FD0023EB56F121012B00D1CF
:10506400CF392000FFF7EEFD200006221D49FFF78F
:1050740061FEA06A002811D00368E16B9B6A98471F
:10508400012304E7184A02279342D0D10022AA56EA
:10509400CF23012A00D081E7BF3B7FE723003633CB
:1050A4001878012102F036FB606A0123002800D140
:1050B400EDE603681B6A9847E2E7049B002B00D0E7
:1050C40019E737E79C780110DC750110E47A0110C8
:1050D400E87A0110EC7A0110800020008000400082
:0C50E40060001000F07A01104000200075
:1050F000F0B5140005AA1688002C41DB0A25425F92
:10510000A2423DDD002902DA5B1800211BB2082211
:10511000855E5A18AA4201DD6B1A1BB2002B2FDDE7
:105120000727E2173A401219D2105543C26A0120EC
:105130003C40A04069185218C0B2012E0CD0002E7D
:1051400013D0022E1CD1013B1BB2591C18D0117870
:10515000414011700132F6E7013B1BB2591C0FD0E0
:105160001178014311700132F6E7C043C0B2013B30
:105170001BB2591C04D01178014011700132F6E7BE
:02518000F0BD80
:10518400F0B505AC2588002976DB0824065FB1421A
:1051940072DA002A02DA9B1800221BB20A27C45FC3
:1051A400D718A74201DDA31A1BB2002B64DDD2B2CB
:1051B400DCB2D30873435918C36A591807231A4039
:1051C4001FD001339A1A314BD2B29B5C944254D211
:1051D400FF26171B3E413340012D06D0002D08D079
:1051E400022D49D10E78734001E00E7833430B70E1
:1051F40002E00E789E430E7094423DD30826835FEE
:10520400C918A31ADBB2072B22D9022D10D11A0018
:105214000C78083AE4430C700825445FD2B20919AB
:10522400072AF5D80722134026D0194AD35C19E07F
:105234002C00621E94411A006442E4B20C700827E8
:10524400C65F083AD2B28919072AF7D80722134051
:10525400002B11D00E4AD35C012D06D0002D08D0AE
:10526400022D09D10A78534001E00A7813430B70E8
:1052740002E00A789A430A70F0BD012DB5D0002DE2
:10528400B7D0022DAED08919BBE7C046D47A01103D
:04529400DC7A0110AF
:1052980037B5140006AA1588827E022A0DD0032A83
:1052A80018D0012A11D1E2430489A41824B20A00B3
:1052B80000952100FFF762FF0BE0E2434489C9181B
:1052C800A418028924B2511A09B200952200FFF7E6
:0E52D8000BFF37BD4289C918511A09B2E7E72A
:1052E60037B5140006AA1588827E022A0DD0032A35
:1052F60018D0012A11D10289E418141B24B20A001D
:1053060000952100FFF7F1FE0BE0CA430189E4187E
:105316008918428909B2141B24B200952200FFF7AE
:0E5326002EFF37BDCA434189891809B2E7E757
:10533400F0B50400806A85B0002855D00368A16BDD
:105344009B6A9847042259492000FFF7F3FC08227E
:10535400A35E402B57D120212000FFF773FC218945
:105364001F31C9B22000FFF76DFC07210A23E25E5A
:10537400A06A0732D3170B409B182289DB105343D2
:105384009BB20193E66A00284FD0270003683037A8
:105394003978DB6A9847A06A4021036801251B68B5
:1053A4009847019BA06A013B9BB20193019A036851
:1053B40011003F4A91422DD03E2D0CD95B6B98478A
:1053C400A06A397803680125DB6A9847A06A4021FE
:1053D40003681B689847A06A3178036801351B6825
:1053E4009847ADB20136DCE7606A002804D0036850
:1053F400616CDB69A26C984723003633187800216E
:1054040002F088F99EE700212000FFF71BFC2189A8
:105414000139A6E75B6B9847A06A002838D0036877
:10542400E16B9B6A984705B0F0BD230035331878CB
:10543400012102F06FF9019B013B9BB201931A0019
:105444001B4B9A42E8D03378606A0293002805D057
:10545400036802999B6898470136ECE70825802782
:105464002300029933333940187802F053F92300AA
:10547400343303931878012102F04CF9039B002183
:105484001878013D02F046F97F08002DE8D1E3E7E2
:10549400230036331878012102F03CF9606A0028B1
:1054A400C1D003681B6A9847BDE7C046F67A01106D
:0454B400FFFF0000F6
:1054B80070B5104C10492068104A114B88420FD122
:1054C800606890420CD1A068984209D100250D4827
:1054D80025600AF03DFA03008020290080049847DF
:1054E800216009480021A36062600AF09FF8002348
:1054F800236070BD44100020DE8116F0299B72BD28
:0C5508007ABE59D355420000A086010075
:105514000B00F0B50F2700260E33023902003A4083
:10552400D5B22C0000093034092A00DD07341C7080
:0A5534005E70023B9942F1D1F0BD18
:04553E001E20704774
:025542007047B0
:1055440013B50400684609F0F5FA21000098FFF746
:10555400DFFF210001981031FFF7DAFF202016BD8C
:1055640010B5192001F0FAFF040004480AF0F2F91A
:10557400030001200021A0409847C0465542000086
:105584009A2370B55B00C35C05001400002B1CD18A
:105594000368DB699847F0210C4B09012140C918C5
:1055A4004B1E9941F0232340303B5A4253410F2272
:1055B4000731144001330D3A012C02D0023C6242FF
:1055C4006241A869006804F01AFE70BD00FDFFFF87
:1055D4009A2310B55B00C35C0400002B05D1A369BA
:0C55E400186804F03CFE0028F9D010BD4F
:1055F0009A2370B55B00C55C0400002D14D183694B
:10560000002B0CD01868002809D00368DB68984785
:10561000A36904211D60A06908F040F9A561002379
:0A562000FC34E3622363636370BD92
:10562A009A23F7B55B00C35C0400002B2AD18025BE
:10563A00FF276D00A369186804F0F2FD002821D045
:10564A0007F057FCA369012218686B46DE1D036840
:10565A0031005B6998472300FC335A6BAA420ED08B
:10566A005A6BAA420BD02200D96A30782832505499
:10567A00DA6A01323A40DA625A6B01325A6307F047
:06568A004EFCD7E7F7BD5E
:105690009A2210B552000300805C002806D0012039
:1056A00001F08EFF054801F05EFA10BD9B69002BEA
:1056B000FBD01868431E9841C0B2F6E710180020CE
:1056C00070B504000D0001F04EFA03000020834283
:1056D00004D0236829001B6C2000984770BD08B4D3
:1056E000024B9C46024BC01A08BC6047C1560010D2
:0456F0004001000075
:1056F40037B56B46DC1D9A2321705B00C35C050043
:10570400002B04D0C9B20A48FFF7D8FF3EBDAB69ED
:10571400186804F0A4FD0028F9D0AB6901221868C8
:10572400210003681B6998470130431E9841EDE747
:045734001018002029
:10573800F7B5060001911700002401F010FAA04205
:105748000DD0A7420BD93D1B402D00D94025019B08
:105758002A001919300000F035FF6419F1E720001C
:10576800FEBD08B4024B9C46024BC01A08BC6047F9
:08577800395700104001000048
:105780009A2370B55B00C35C05000E001400002B6B
:1057900005D00F48FFF7D0FF0400200070BDAB69B3
:1057A000186804F05EFD0028F9D0AB6901211B6880
:1057B00018005B6F74301B6B9847AB692200186848
:1057C000310003681B699847431CE6D10024E4E7D5
:0457D000101800208D
:1057D400F0B5C3B0050001F0AFF9932380229B001C
:1057E400E918CB6852000400D31A984201DDCC6852
:1057F400141B01AB220002A92800A82600F0E1FF37
:105804000021019802AB241A76001C1993238022EC
:105814009B00EB18DF685200974211D081420FD0F1
:10582400DF6897420AD05A68675CAA1897555A6885
:105834000132D2B25A60DA680132DA600131E5E746
:0458440043B0F0BDC0
:1058480070B5040000F0A0FB2000FFF7BFFF932312
:105858009B00E318DD68200000F09DFB280070BD68
:1058680008B4034B9C46034BC01A08BC6047C046AB
:08587800495800104001000036
:105880009A2310B55B00C35C0400002B05D00648CA
:10589000FFF7DAFF0400200010BDFC3407F02EFBF8
:0C58A000646B07F041FBF6E710180020D5
:1058AC0070B5040000F06EFB2000FFF78DFF932312
:1058BC009B00E318DA68002A09D0A8229B685200E2
:1058CC00E3189D5C200000F064FB280070BD0125EE
:1058DC006D42F7E708B4034B9C46034BC01A08BC57
:0C58EC006047C046AD58001040010000AD
:1058F8009A2310B55B00C35C0400002B05D00B484D
:10590800FFF7D0FF0400200010BD07F0F3FA2300D2
:10591800FC335A6B002A05D01B6B2834E45C07F073
:10592800FFFAF0E701246442F9E7C04610180020A6
:1059380070B5040000F028FB2000FFF747FF932311
:105948009B00E318DA68002A10D0A8219A68490059
:10595800A218555C9A680132D2B29A60DA68013AA4
:10596800DA60200000F017FB280070BD01256D42A9
:10597800F7E708B4024B9C46024BC01A08BC6047C4
:08598800395900104001000034
:105990009A2310B55B00C35C0400002B05D00E48B1
:1059A000FFF7CAFF0400200010BD07F0A7FA23008C
:1059B000FC335A6B002A0CD01A6B2834A45C1A6B87
:1059C0000132D2B21A635A6B013A5A6307F0ACFA49
:0C59D000E9E701246442F9E71018002008
:1059DC00802210B50400520000210CF061F8230065
:0E59EC000022FC335A6020009A60DA6010BD81
:1059FA0010B542680368086854100019D20701D527
:085A0A000268D358984710BD53
:0C5A120010B501000430FFF7EFFF10BDDD
:105A200010B5024BC3601CC91CC010BDFC7A01102C
:105A300010B586B00400684603910092436004AB41
:105A400006C806C3200003A9FFF7EAFF200006B03E
:025A500010BD87
:0C5A520013B50400FFF7EBFF200016BDA9
:105A60009A2370B55B00C35C86B004000D00002B68
:105A700036D18669002E04D1042007F0DFFEA06134
:105A80000660A369186800282CD1783007F0D6FE8C
:105A900006002223E25E2023E15E2B0004F0D0FE0C
:105AA000A3691E602423E25E531C06D0A069262150
:105AB000635E0068032104F0D1FEA3691D68002D18
:105AC0000ED00026094A3300210002A8FFF7C1FFCB
:105AD0002800320002A904F02FFC02A8FEF7A9FA60
:105AE00006B070BD290004F07BFBDBE72B560010ED
:085AF00010B5FFF78EFF10BD99
:085AF80010B5FFF7F9FF10BD26
:105B0000F7B51A4B1A4DFA260024083300932B6080
:105B10002023B600AE606C6016486B61AC61EC612E
:105B2000FFF75CFF9A22012752002000AF5401F0DA
:105B300017FD0190380001F013FD20230E4D009950
:105B40006B616B469B88AE602B84012368845B424B
:105B50006C600A482960AC61EC61AB84EB84FFF7B0
:105B60003DFF9A225200AC54F7BDC046087B01109D
:105B7000001C0020281C0020C81A0020F01A002059
:045B8000002070474A
:025B8400704768
:025B8600704766
:105B880010B5054BC458002C05D023682000DB6AEB
:0C5B98009847A468F7E710BD8C050000DA
:105BA40070B50D00054BC458002C06D023682000A6
:105BB400DB6829009847A468F6E770BD8C050000EF
:085BC40000487047D87B011076
:105BCC0010B50400044B036006F04AF9200006F0FF
:0C5BDC007DFA200010BDC046587B01106F
:105BE80010B50400FFF7EEFFB2212000C90007F04E
:065BF80051FE200010BD6B
:105C0000F0B50F4B0500C458002385B0019102AADE
:105C1000D61C002C12D0236801991F69320003ABF7
:105C20002000B84731780300042905D0039A2800E2
:105C300005F0C2FB05B0F0BDA468E8E73178F5E7F0
:045C40008C050000CF
:105C440070B50E0005000021002A0CD10A4BC4587F
:105C5400002C0ED0236800225B6931002000984795
:105C6400002804D00121280005F070F970BDA46853
:0C5C7400EEE72100F7E7C0468C050000B9
:105C800070B50E0005000021074BC458002C07D04A
:105C90002368310020009B699847A4680100F5E75C
:0C5CA000280005F05FFA70BD8C050000C4
:105CAC00F8B505000E001700084BC458002C07D09F
:105CBC0023682000DB693A0031009847A468F5E7B7
:105CCC002800012105F0B4FAF8BDC0468C0500008F
:105CDC00F0B5002187B0040005F0E0FC6B46002213
:105CEC00DA80238901A9A588E28889260B731B0A0F
:105CFC004B730F4BEF27CB81042376000E80113EA4
:105D0C00FF3ECE704E710D728A72FF330A34013E23
:105D1C002D0A120AC871CA720F718E714D720B82E4
:105D2C00122220000BF02AFE200007B0F0BDC04666
:045D3C000102000060
:105D4000F8B506000C000500002730000CF0AEF995
:105D5000AB1B984205D92B7867702370013502344C
:085D6000F3E74000C0B2F8BDFA
:105D680070B504000C4BC558002D07D02B682800CF
:105D78005B6A9847002802D1AD68F5E72800A92595
:105D8800064BED006353064BE118FFF7D5FF635D43
:105D9800C0186055601970BD8C0500000203000032
:045DA8004A050000A8
:105DAC0070B5A125064BED004353064B0400C118FA
:105DBC000548FFF7BFFF635DC0186055601970BDE3
:0C5DCC00020300000A0500003C7B0110EF
:105DD80070B59925064BED004353064B0400C018D7
:105DE800FFF7ACFB635DC0186055601970BDC04615
:085DF80002030000CA040000D0
:105E00000023F0B587B003A98B71B123DB00C35C1D
:105E100005000B7101234B71BF33CB713A330B7209
:105E2000CE2309249B00154AC71803923800092283
:105E30000BF0AAFD124BEE58002E17D0336800214C
:105E40009B6830009847C37882781B021343093B54
:105E50000193CE2301009B00E01828180931019A14
:105E60000BF092FD019BB668E418E5E73800054B9E
:105E7000EC54054B2412EC5407B0F0BD0902FFFFAF
:0C5E80008C0500003A0300003B0300000A
:105E8C0073B504000D00160008F01AFB80235B00AC
:105E9C00010000932A003300200006F0C3F8024BE7
:0C5EAC002000236076BDC046587B01102A
:105EB80010B50E4A04008358002B12D18150B1232B
:105EC800DB00E25C48790A71E25C1218E2540B6864
:105ED80008009B6A9847238918182081012010BD63
:105EE80013009A68002AFBD19960E8E78C05000046
:105EF8001FB5040005F0CCFB0100684604F076FDF0
:105F08004021684604F0ECFD074BE458002C06D00D
:105F1800236820001B6A69469847A468F6E7684624
:0C5F280004F06BFD1FBDC0468C0500009E
:105F340010B50400FFF7DEFF200005F08FFB10BD55
:105F440070B50D4D2B78BFF35B8F0C4CDB0711D470
:105F5400280007F063FA00280CD0C022084920006A
:105F6400FFF792FF280007F07BFA064A0649200053
:105F740007F040FA200070BD3C1D002044200020A2
:0C5F84008A2E000048020020CD5B0010B7
:0E5F900010B5FFF7D7FF03685B6F984710BD91
:0E5F9E0010B5FFF7D0FF03689B6F984710BD4A
:0E5FAC0010B5FFF7C9FF0368DB6F984710BD03
:085FBA0010B504F0A0FE10BDBB
:085FC20010B504F0B2FE10BDA1
:085FCA0010B504F086FE10BDC5
:025FD200704716
:025FD400704714
:025FD600704712
:085FD800436A78331878704722
:065FE000FC30806A7047EE
:045FE60001207047DF
:085FEC0000487047447D0110DC
:105FF400F0B505009BB007AC4B220F002000002138
:106004000BF052FD2B00FC339B6A05215A1E934171
:1060140000202E795B421940731CDBB20193AB7BE9
:1060240002932B7B03936B7B0493874200D0A5E000
:106034006176534906A86183102161770B39E177B2
:106044002421471D0922F9772527627406A8053AF9
:10605400C019A274033A027006A8C71D0320494B55
:10606400F8772380BF3BFF3BA370812308AFFA7707
:1060740004275B00A380823BE37162754E3B22766A
:10608400A27706A80832121823722A3BD7776372C4
:106094000A220333A3723C4B06A8A38102231218DD
:1060A400D1770591073706A97F18FB7706270521C5
:1060B40009A8C77711A801702D2006A9401824212A
:1060C400E672A373E674A375E37501702E2006A926
:1060D400401807702F204018694606700E7912A8E0
:1060E40006703126072006A97618307032267618F5
:1060F40005213170332606A9761869460F7A06A958
:106104003770224E102726863726761837700927CF
:1061140014AE377039260427761837703A26761865
:1061240069460F7906A93770194E1D352687412611
:10613400761830703B30401805210170432106A8C1
:10614400091868464426007B0870124906A880197D
:10615400018011492800D1874A2206A952186946AC
:10616400097C11704B2206A952181370402219ABF6
:106174001A7021000B320BF005FC28001BB0F0BD97
:106184000524000009020000020200000340000090
:0C619400020A00000240000007050000A5
:1061A00010B504000A4B08330360FFF7CBFE05F07F
:1061B0005DFE2000D03004F030FD20007C3004F083
:1061C0002CFD2000703004F028FD200010BDC046DA
:0461D000FC7C011042
:1061D40010B50400FFF7E2FF94212000490007F006
:0661E4005BFB200010BD72
:0861EA0010B5FFF7DEFE10BD49
:1061F40010B50400024B036004F0BEFB200010BD88
:04620400207C0110E9
:1062080010B50400FFF7F2FF2000282107F042FB39
:04621800200010BD95
:10621C0010B50400024B036004F0AAFB200010BD73
:04622C00F07B0110F2
:1062300010B50400FFF7F2FF2000342107F02EFB19
:04624000200010BD6D
:1062440010B50400024B036004F096FB200010BD5F
:04625400087C0110B1
:1062580010B50400FFF7F2FF2000382107F01AFB01
:04626800200010BD45
:10626C0070B50D000400072217490F300BF086FBA8
:10627C0040220221280004F023FC4022207302213A
:10628C00280004F024FC402260730321280004F051
:10629C0017FCA073280004F0AFFB002804D1AF2238
:1062AC000A490B4806F076FD2200210000237832C3
:1062BC0085311165536513701373D93450321374CF
:1062CC005465936570BDC0463C7C0110DD7C0110AB
:0462DC00E87C011049
:1062E000F0B504000E0087B01500FFF75FFEF288DE
:1062F00023799A4236D1002D34D173780593012B3E
:106300002DD1F378202B26D13789072F23D12300D5
:106310000F33039307333A001900039804930BF0EB
:106320000DFB059D002816D03A00049903980BF048
:106330002BFB217CE07B09020918607CE77C0004D0
:106340000918A07C0097000609182068237D476B78
:10635000627D2000B847F378212B00D10125280069
:0863600007B0F0BD0025FAE7CB
:1063680070B50400FFF71EFEFFF7E8FD217B05F07E
:10637800F9FB23002200C833853225001A6020006B
:1063880000234732843513607C302B7004F0F9FB0E
:106398002B78002B03D123682000DB6B984770BD56
:1063A80070B504002500FC35FFF7FCFD6E6A002E71
:1063B80005D0DE220E49FF320E4806F0EDFC230020
:1063C800D9332B62FFF7BAFD617B05F021FB6862C8
:1063D80025002000D8352E70D03004F0D2FB2B7861
:1063E800002B03D1236820009B6B984770BDC046E3
:0863F800DD7C0110487C01105E
:10640000022370B543710023040083600C4B150018
:1064100008330360703004F0ABFB20007C3004F0E4
:10642000A7FB2000D03004F0A3FB2300FC339D62C7
:10643000FFF788FD2100FFF73FFD200070BDC0463B
:04644000FC7C0110CF
:1064440070B504000D00FFF7AFFD230078331D7015
:10645400002D42D1260084363378002B05D0FFF777
:106464006FFD217B05F03AF93570230022002500E9
:106474000026C83385327C3528001A605E6004F03B
:1064840082FB280004F078FBB04205D1A222154912
:106494001548520006F082FC2500D8352B78002BD5
:1064A40005D0FFF74DFD217B05F018F92E70230070
:1064B4002200FC33D93225001A620022D03528008C
:1064C4005A6204F060FB280004F056FB002804D153
:1064D400A722044952000548DCE72000703004F08C
:1064E40052FB70BDDD7C0110567C0110677C0110ED
:1064F40010B50400FFF758FD00212000FFF7A0FFAE
:0265040010BDC8
:1065060070B50D000400FFF74EFD042D03D00021E9
:086516002000FFF794FF70BDA7
:10651E00F8B5040016000D001F00FFF740FD042320
:10652E003370EA88237900209A4210D16A78012AC2
:10653E000DD1EB78212B06D0222B09D0202B19D18F
:10654E003070163401E032700F3407203C60F8BD15
:10655E00A988114000D011002000FFF76CFF012226
:10656E00AB8800201340E366AB8892181340A366F5
:0A657E003270ECE703233370E9E705
:1065880010B504008AB0FFF7FFFC684604F0E0F994
:1065980020000A4B694670300093099404F008FB08
:1065A8002000FFF7F8FC064B00211A68684604F043
:1065B80093F96846FFF71AFE0AB010BD207C011057
:0465C800447C0110FE
:1065CC0070B504000E008EB01500FFF7DBFC01A8BF
:1065DC0004F0BCF920000B9600260D4B01A90C957C
:1065EC007C300DAD01930A942E7004F0DFFA20007C
:1065FC00FFF7CFFC074B31001A6801A804F06AF9C9
:10660C002C7801A8FFF704FE20000EB070BDC04628
:08661C00F07B0110447C011029
:1066240070B5040025008435FFF7BEFC2B78002BE1
:1066340010D12600CC363368002B0BD0FFF780FC3A
:106644002200217B8532336805F026FA002801D028
:0666540001232B7070BD54
:10665A00F0B585B01F000AAB1B78040003930291C2
:10666A000192FFF790FC00233B60230078331B78EC
:10667A00002B21D0230084331B78002B1CD1260049
:10668A004025CC363368ED1A019B9D4200D91D0086
:10669A00019B002B06D02300C83318682A000299F0
:1066AA000BF06DF933685B193360039B3D60002B77
:1066BA0002D02000FFF7B1FF2000FFF76BFC05B006
:0266CA00F0BD21
:1066CC00F0B50400406A85B0030078331D780126CC
:1066DC00002D05D1303425703500280005B0F0BDF3
:1066EC000027009603ABE26AA16A0397FFF7AFFF9E
:1066FC00039AE36AA16A9B1A8A18E362A262BB42FC
:10670C0002D130342670E8E7606AFFF785FF3D0060
:02671C00E3E7B1
:10672000F0B51C0093B0019205000F00FFF730FC9C
:1067300063426341DBB20093002C00D103AC00261E
:1067400004A8266004F008F96A46109428003D2445
:106750000F4B12780493019B04A90F9311AB1A708D
:1067600002ABE418D03026700D950E9704F024FA91
:106770002800FFF714FC074B31001A6804A804F046
:10678000AFF8247804A8FFF75DFD200013B0F0BD3A
:08679000087C0110447C01109B
:10679800030070B5FC335B6A0400002B0ED10500C2
:1067A800D8352B78002B09D1FFF7C8FB22004023EE
:0E67B800D932617B05F0CCF801232B7070BD47
:1067C600F8B506001F0000233B60330078331B78C2
:1067D6000800002B19D03300D8331B78002B14D1B6
:1067E6003400FC34656A954200D915002A00216AF6
:1067F6000BF0C7F83D60236A5B192362636A5D1B71
:0C680600656202D13000FFF7C4FFF8BD4E
:1068120037B50400406A030078331D78002D04D197
:1068220035342570013528003EBD0023E26A01930C
:10683200A16A01ABFFF7C6FF019BA26AD218A2624E
:10684200226B1168CB181360E36A01995B1A21006D
:10685200E36234310978002902D11268002A01D199
:10686200002B03D1012335342370DCE7606AFFF784
:0668720092FF0025D7E7AC
:0C68780010B50400FDF7D2FB200010BD9D
:1068840010B542680368086854100019D20701D58E
:086894000268D358984710BDBB
:0C689C0010B501000430FFF7EFFF10BD45
:1068A80010B5024BC3601CC91CC010BD307C011060
:1068B80010B586B00400684603910092436004ABAB
:1068C80006C806C3200003A9FFF7EAFF200006B0A8
:0268D80010BDF1
:0C68DA0013B50400FFF7EBFF200016BD13
:1068E800F0B58BB00400FFF75DFBFFF727FB060050
:1068F80006ADA77B00212800FFF7BAFF3900032364
:1069080040220095300005F01BFB2800FDF78DFBA9
:10691800FFF714FB0700267B21002800174A0023F5
:10692800FFF7D7FF3100022340220095380005F019
:1069380007FB2800FDF779FBFFF700FB0600677BE4
:10694800210028000E4A0023FFF7C3FF3900022365
:1069580040220095300005F0F3FA2800FDF765FBAA
:10696800FFF7ECFA2200FC32617B4023126A04F044
:10697800EFFF0120D83420700BB0F0BD6963001020
:04698800A9630010EF
:08698C0010B5FFF785FF10BDF7
:0869940010B5FFF7F9FF10BD7B
:06699C0016204042704786
:0A69A2000020814200D1193870472F
:0469AC00012070470F
:0669B00016204042704772
:0669B6001620404270476C
:0469BC0011207047EF
:0269C00070471E
:0269C20070471C
:0269C40070471A
:1069C80010B503689B6C984710BD08B4024B9C46F1
:1069D800024BC01A08BC6047C9690010400100009A
:0469E800704770473D
:0469EC007047704739
:1069F00010B504000120783400F0E2FD207810BDCD
:106A000008B4034B9C46034BC01A08BC6047C04601
:086A1000F169001040010000D3
:106A1800012270B501235242FF210B4807F0D6F836
:106A280000F0B0FD0500094C78342378002B03D022
:106A3800012000F0C1FDF8E700F0A4FD401BC728C5
:106A4800F6D9FEF78BFD70BDDC1D00201018002064
:106A580007B50122019101A9FFF7B4FD002801D073
:0A6A680001980EBD01204042FBE73B
:106A740008B4034B9C46034BC01A08BC6047C0468D
:086A8400596A0010280100000E
:106A8C0013B56B46DC1D0023012221002370FFF798
:106A9C0041FE002801D0207816BD01204042FBE7C2
:106AAC0008B4034B9C46034BC01A08BC6047C04655
:086ABC008D6A001028010000A2
:106AC400F7B5040001930E001500FFF76DFA9C233F
:106AD4009B00E758002F04D0089B019A290030003E
:106AE400B84798239B00E650019A0433E5500433D9
:0A6AF400E250089A0433E250F7BDA7
:106B0000962310B5DB00984203D10121014807F01C
:086B100043F810BDDC1D00205C
:046B1800006870475A
:046B1C000C30704782
:0C6B200010B5FFF7FBFF0023036010BD61
:106B2C00CB6810B5C360002B01D05B68984710BDD3
:106B3C0070B50500FFF726FA2B000024D8331B781C
:106B4C00A34205D12B00FC335C6A402C00D94024B5
:0A6B5C002800FFF71EFA200070BDAC
:066B660078300078704752
:106B6C00F0B585B003930AAB1E880BAB04001F88ED
:106B7C000D00029207F0A4FC039B0100029A0197FE
:106B8C0000962000FFF736FC200029300021FF3052
:106B9C0005F036FF2300FA2200264133FF33920022
:106BAC005E609A60184B194A23602300FC33DA624A
:106BBC00174A20001A63174A51305A648022310058
:106BCC00FF3052000AF06CFF93239B00E3185E60C9
:106BDC009E60DE609D239B00E6184033E718300072
:106BEC001036FDF719FABE42F9D1AD2200239200FE
:106BFC00A350443AA3509D4202D02000FFF7BEFCA4
:106C0C00200005B0F0BDC0461C7E0110947E011022
:086C1C00F47E0110047F011059
:106C2400104B70B5036003000F4AFC33DA620F4A5D
:106C340004001A630E4A5A649D239B00C61840330D
:106C4400C518AE4204D0103D2800FDF7F0F9F8E76E
:106C540020002930FF3005F003FF2000FFF79EFAE3
:106C6400200070BD1C7E0110947E0110F47E011082
:046C7400047F011088
:106C780008B4034B9C46034BC01A08BC6047C04687
:086C8800256C0010280100003A
:106C900008B4034B9C46034BC01A08BC6047C0466F
:086CA000256C00102C0100001E
:106CA80010B50400FFF7BAFFAE212000890006F0F6
:066CB800F1FD200010BDFB
:106CC00008B4034B9C46034BC01A08BC6047C0463F
:086CD000A96C00102C0100006A
:106CD80008B4034B9C46034BC01A08BC6047C04627
:086CE800A96C00102801000056
:106CF00070B504000D00884205D0FDF768F9290041
:0A6D00002000FFF713FF200070BD14
:106D0A0010B5FFF706FF0068431E9841C0B210BDD8
:106D1C0010B50400FFF7F3FF002804D1054A06491B
:106D2C00064806F037F8E068FFF7F0FE0300200095
:106D3C00984710BD02020000FB7D0110067E011079
:106D4C00F8B5AD2706000025FFF72AF9BF00F35967
:106D5C00AB420ED99D2292002B01B418E4182000EE
:106D6C00FFF7CDFF002804D02000FFF7D1FF01353D
:046D7C00EDE7F8BD8A
:106D800010B5044B0822C3600B68002108C00AF04C
:086D90008DFE10BD687D0110AD
:106D980013B504000191002903D1FFF7BDFE2000BF
:0A6DA80016BD01A9FFF7E8FFF9E7A7
:106DB20010B542680368086854100019D20701D55B
:086DC2000268D358984710BD88
:0C6DCA0010B501000430FFF7EFFF10BD12
:106DD80010B5024BC3601CC91CC010BD5C7D0110FE
:106DE80010B586B00400684603910092436004AB76
:106DF80006C806C3200003A9FFF7EAFF200006B073
:026E080010BDBB
:0C6E0A0013B50400FFF7EBFF200016BDDD
:106E180030B589B00400FFF7B7F89C23274A9B00D8
:106E2800E2502000FFF7B7F80023254A210004A804
:106E3800FFF7E7FF2000FFF7A7F8AD239B00E05816
:106E4800032808D8421CE2500001403BC018201813
:106E580004A9FFF749FF2000FFF79DF804A8FDF7F4
:106E6800E4F8BC2006F0E6FC0500164B08C0FDF768
:106E7800D5F828000021403006F034FF28005430AF
:106E880006F0CCFE8022104B52000093280000230D
:106E9800182106F0A5FF97239B00E5500B4904A88D
:106EA800FFF776FF04A9280007F004F804A8FDF707
:106EB800BCF82000FEF78AFC09B030BD016B001059
:106EC800D55700104C930110747D0110196A0010F9
:106ED80008B4034B9C46034BC01A08BC6047C04625
:086EE800196E001040010000CA
:086EF00010B50368984710BDBE
:086EF80010B5FFF7F9FF10BD12
:086F000010B5FFF762FF10BDA0
:086F080010B5FFF7F9FF10BD01
:106F100037B50E4C200006F035FE0D4D0D492A0008
:106F2000200006F069FA012201920B4AF823009230
:106F300000220A4C5B0111002000FFF717FE2A0017
:106F40000749200006F058FA37BDC046DC1D002076
:106F500048020020A3DB00101220000010180020BF
:046F6000256C00108C
:066F640010B509F0C5F9AB
:106F6A0010B51C00431A0298511A001B5843F9F72E
:066F7A000AFB001910BD26
:106F8000F0B589B00191037D0400012B00D08AE0A7
:106F9000021D0292100001220493002352421C00A1
:106FA0001500049E03920178002900D06EE041781C
:106FB000002900D06AE0511C65D001335BB204990E
:106FC0008B4201DD049303920134E1B202304CB2F2
:106FD0000829E8D100263700039BBB4204DC049B50
:106FE000039A9B18BB4253DC0F22029B1D782B1186
:106FF0001540029ADCB25278111107916946097F57
:1070000005910F2111400691002B08D02100573126
:10701000092B00DC2739019800F0D4F836182C43EE
:1070200008D029005731092D00D82739019800F0E0
:10703000C9F83618059B1C430AD01900079B573125
:10704000092B01DC05993031019800F0BBF83618A6
:107050000699069B5731092B01D819003031019848
:1070600000F0B0F83618072F04D03A21019800F04C
:10707000A9F83618029B013702330293082FABD1CF
:10708000300009B0F0BD2200330098E72A009BE7EA
:10709000039BBB42EED1002BE7D13A21019800F0CF
:1070A00091F83618E1E70300050000261333103588
:1070B000029329780A22019800F0F9F82E2107009E
:1070C000019800F07FF8029B3F180135F6199D42A8
:1070D000EFD1E17C0A22019800F0E9F83618CFE7F9
:1070E00010B50400054B0175083303601022002120
:1070F00004300AF0DBFC200010BDC046307F0110D8
:10710000F7B50F0000211D0008AB1B7804000193A8
:10711000084B16000833036001750C2204300AF096
:10712000C5FC6B461B7927746674A5742000E37454
:08713000FEBDC046307F0110D6
:1071380007B501210548FFF7CFFF0021044800915A
:107148000B000A00FFF7D8FF07BDC046841E0020C9
:047158009C1E002059
:10715C00F7B506000D000C008B180193019B671B03
:10716C009C4207D0336821781B6830009847013463
:08717C000028F3D13800FEBD2C
:1071840070B5040008000D000AF08EFF23680200A9
:0A71940029005B682000984770BDD9
:10719E0010B50B1E02D0FFF7EEFF0300180010BD56
:0E71AE0010B503688A685B680968984710BDD1
:0871BC0010B5FFF7EEFF10BD56
:0A71C40010B503681B68984710BD62
:1071D00010B50249FFF7D6FF10BDC0464A7F011027
:1071E00070B50500FFF7E3FF04002800FFF7F0FF8C
:0471F000201870BD36
:1071F40070B50400FFF7D1FF05002000FFF7E6FF9C
:04720400401970BD00
:10720800F0B58BB06B461500002205330600DA771F
:107218000800012D00D80A2509AC2900F9F7B0F9B2
:10722800CAB2130037330700DBB2092902D81300AA
:107238003033DBB2013C2370002FEED12100300047
:08724800FFF7A9FF0BB0F0BD38
:10725000F8B506000C00151E04D10368C9B21B68FE
:107260009847F8BD0A2A0CD100290BDA2D21FFF727
:10727000A9FF614207002A003000FFF7C5FF381858
:0E728000EFE7D2B221003000FFF7BEFFE9E7D2
:08728E0010B5FFF7DEFF10BD93
:1072960010B5002A04D10368C9B21B68984710BD0F
:0872A600D2B2FFF7AEFFFAE7D8
:0872AE0010B5FFF7F1FF10BD60
:1072B800F7B51E00089B05001700002B01DA022312
:1072C800089331003A0033003800FBF7BFFF4B4901
:1072D800002814D10122740064085242484B380037
:1072E8002100FBF7B3FF00280FD10122444B524283
:1072F80038002100F9F76CFA002806D14149280026
:10730800FFF73CFF04002000FEBDE0223E4B1206C2
:1073180038003100F9F766FA002801D03B49EEE75A
:10732800E0223B4B120638003100F9F747FA0028F3
:10733800F4D10022002338003100F9F73FFA002881
:1073480014D02D212800FFF739FF80231B06009059
:10735800F618002400202F49089B9C4208DA0022D6
:107368002D4B0134FAF7AEFDE4B2F5E70090F0E7F3
:107378000B00020031003800FAF788FA0F00060007
:10738800F9F70AFB0A22019001002800FFF738FFED
:10739800009B1C18089B002BB5D00198FBF7E2FF57
:1073A80002000B0030003900FBF708FC06000F0054
:1073B80028001A49FFF7E2FE2418089B5A1E089273
:1073C800A1D3154B002230003900FBF785F90F00D7
:1073D8000600F9F7E1FA0A22010000902800FFF7F9
:1073E8000FFF24180098FBF7BDFF02000B003000C8
:1073F8003900FBF7E3FB06000F00DEE73C7F0110D6
:10740800FFFFEF7F407F0110FFFFEF41447F011036
:10741800FFFFEFC10000E03F00002440487F01105B
:0C74280007B504990091FFF743FF0EBD6B
:1074340010B504000068002801D009F073FF200093
:0274440010BD79
:1074460010B504000068002801D009F06AFF002387
:087456002360A360636010BD18
:10745E0070B504000D00006801310AF0EEFB031E4A
:08746E0001D0012028C470BD0B
:10747600036810B50400002B04D043688B4201D387
:10748600012010BD2000FFF7E7FF0028F9D0A36810
:0A749600002BF5D122681370F3E714
:1074A00070B50E00110004001500FFF7E4FF00287E
:1074B00004D12000FFF7C7FF200070BD2A00310073
:1074C000A56020680AF060FA00232268A16853547E
:0274D000F2E7E1
:1074D200002370B504000D0003604360836099428D
:1074E20007D008000AF0E1FD290002002000FFF7A2
:0674F200D6FF200070BD72
:1074F80070B5050008000C000AF0D4FD2100020058
:087508002800FFF7C9FF70BD68
:1075100010B50400002903D0FFF7EEFF200010BDD6
:06752000FFF791FFFAE7FE
:1075280010B500F051F8FEF708F8FEF707FDFEF772
:10753800FDFCE12106484902FFF76AFCFCF798F9CF
:10754800FCF7FEF9034B002BFAD000E000BFF7E789
:087558001018002000000000E3
:1075600010B50400FDF7EBFF844203D2034B240166
:10757000E05E10BD01204042FBE7C0466C020020E7
:0C75800010B5040003F018F8200010BD46
:10758C0007B50649684603F050F800980199FA22AD
:10759C0000239200F9F790F90EBDC0465010002060
:1075AC0007B50349684603F040F800980EBDC04685
:0475BC00501000204B
:0875C00010B506F0C7FB10BD79
:0875C80010B506F0B1FA10BD88
:1075D00010B5044C200002F0FBFF200002F0F8FF81
:0875E00010BDC0465010002050
:0875E80010B506F0C5FB10BD53
:1075F00010B5054C200003F05BF8044A0449200054
:1076000005F0FAFE10BDC0465010002048020020D0
:047610008175001070
:1076140070B50400FDF791FF844202D3012040427B
:1076240070BDFDF78AFF8442F8D2144A192C14D88D
:1076340023001A331B01D55E6B1CEFD0104BE40002
:107644001C196668002E0ED0300002F015FA0D4B9E
:107654001A6810239B1A1841E2E72301D55E1A3CED
:107664006B1CEBD1DAE70C2006F0E6F80600064ABC
:10767400290002F025FA6660E6E7C0466C020020A5
:0C7684004C0200204C0400200000C07FDD
:0C769000014B18607047C0464C040020FD
:10769C00F7B504000D00FDF74CFF84422ED21A4EB4
:1076AC002701F319D868002802D0042106F0F0F85D
:1076BC002000FFF74FFF0190042006F0B9F80023DB
:1076CC000400038083700199F61904F0BEFDF46088
:1076DC00012D10D0002D06D0022D10D0200002F06C
:1076EC0018FA022103E0200002F013FA290020000E
:1076FC0002F01AFA02E0200002F000FAF7BD2000B6
:0C770C0002F007FA0121F2E76C020020F5
:10771800F7B507000E00FDF70EFF87421AD20E4D8F
:107728003B01ED18EC68002C10D13800FFF714FF6E
:107738000700042006F07EF800230400038083700D
:1077480001220096390004F0A1FDEC603100200010
:0C77580006F038FFF7BDC0466C020020B0
:10776400F7B506000F001400FFF71EFF0500D02335
:107774001B065B680122F3401340BB4206D1FFF7AE
:1077840013FF401BA042F2D90020FEBDD0231B06EC
:107794005B680122F34013409F4205D0FFF704FFCA
:1077A400401BA042F2D9EFE7FFF7FEFE0190D02381
:1077B4001B065B680122F34013409F4205D1FFF78B
:1077C400F3FE401BA042F2D9DEE7FFF7EDFE019B7A
:0477D400C01ADAE716
:1077D80070B515000C00FFF7BFFE2A002100FFF767
:0477E800BDFF70BDB4
:1077EC00010010B5002807D10420404200F0D5F963
:1077FC0004235B42180010BD132001F00DFE002382
:10780C009842F7D10120404200F0C7F90123F0E77C
:10781C0080B5EFF30583002B03D1EFF31083002B1E
:10782C0006D00620404200F0B8F90620404280BD48
:0C783C00014F00DFFBE7C046ED770010B5
:1078480070B5051E18D084680268002C10D003217A
:1078580023000B400C4203D1C16815000F2923D81F
:1078680009210020494202F07FF80024200070BD61
:10787800C368002BF4D11500114B1A009032106820
:1078880000280AD000F04FFB0400012300280BD188
:107898000521494202F068F8E8E704330122102183
:1078A800D86F00F0C2FAEFE7F322A370002322702A
:1078B800A360E360034A024B65605A66D6E7C04698
:0878C800500400202979001092
:1078D00070B50300022510000124284014402A42FC
:1078E00014D1EFF3108672B61A6815000D40002C03
:1078F00006D0A94206D1100088431860100001E0AC
:10790000281EF8D1002E00D162B670BD18680300A1
:107910000B40002C03D09942F7D00020F5E75A1E07
:0879200093415B421840F0E7BF
:10792800F8B505008468002C00D1F8BD2800231D97
:10793800DA7F616A0C30A768FFF7C6FF061E07D01A
:10794800200001F011FB00223100200001F0C4FCEE
:047958003C00E8E720
:10795C00F8B504000D0016001F00002804D00378B1
:10796C00F32B01D1002907DA04212000494201F050
:10797C00F9FF04204042F8BD0C30FFF7A3FF0028AC
:10798C00F9D1002F10D03900433001F045FD00280B
:10799C0008D0064B20005F69390001F0C3FA0437A8
:1079AC003D62FE770220E5E70320E3E75004002068
:1079BC0070B5041E02D00378F32B08D004212000EC
:1079CC000425494201F0CEFF6D42280070BD83684A
:1079DC00002B0DD003256D42200001F0B9FA0022D6
:1079EC00290001F077FCA0680028F5D101F042FBDA
:1079FC000025A3782570DB07E7D5084B1A009032D9
:107A0C001068A84203D0210000F09DFADDE7043392
:107A1C002100D86F00F03DFAD7E7C0465004002093
:107A2C00F7B50C00002804D00378F32B01D1002902
:107A3C0007DA04210424494201F094FF6442200037
:107A4C00FEBD03000C330093EFF3108372B6C268D3
:107A5C001443C460002B00D162B68568002D03D19D
:107A6C00280001F007FBEAE7AB682F1D0193FA7FB2
:107A7C00696A0098FFF726FF061E0ED00222FB7FD4
:107A8C000400134201D16B6A9C43280001F06AFA8E
:0E7A9C0000223100280001F01DFC019DDEE7F4
:107AAC0080B5EFF30583002B03D1EFF31083002B8C
:107ABC0006D006210020494201F054FF002080BD71
:0C7ACC00014F00DFFBE7C04649780010C6
:107AD800B0B5EFF30583002B03D1EFF31083002B30
:107AE8001AD0002804D00378F32B01D1002907DA33
:107AF80004210424494201F037FF64422000B0BD4C
:107B0800EFF3108372B6C4680C43C460002B00D135
:107B180062B601F0F7F8F1E7014F00DF0400EDE786
:047B28002D7A0010A2
:107B2C00B0B5EFF30584002C03D1EFF31084002CD7
:107B3C0016D0002806D00478F32C03D1002B01D1E9
:107B4C00002906DA0421494201F00CFF04204042CE
:107B5C00B0BD0C30FFF7B6FE0028F9D10338F7E7BB
:0C7B6C00014F00DFF4E7C0465D79001017
:107B780080B5EFF30583002B03D1EFF31083002BBF
:107B880006D00621494201F0EFFE0620404280BDA2
:0C7B9800014F00DFFBE7C046BD79001084
:027BA400704728
:027BA600704726
:107BA80073B5514C0020237A012B06D0834205D0AF
:107BB800013801F0C9FE0120404276BD4B4DEB680B
:107BC8002A8AE365230054331A80AB68296B23643F
:107BD800EB6A1800019300F00DF9002802D0019A11
:107BE800231DDA676E69A969300000F003F90028DF
:107BF80001D1231DDE6F6667EE69296A300000F047
:107C0800F9F8002801D1231DDE6FA6676E6AA96AFC
:107C1800300000F0EFF8002801D1231DDE6FE66781
:107C28006E6B002E08D0F3683000B268316800F03F
:107C380053F923000833DE67AE6B002E08D0F368D3
:107C48003000B268316800F047F9230088331E60BD
:107C5800EE6B002E08D0F3683000B268316800F08F
:107C68003BF923008C331E602E6C002E08D0F3687D
:107C78003000B268316800F02FF9230090331E609D
:107C88006E6C002E08D0F3683000B268316800F0DE
:107C980023F9230094331E60AE6C002E08D0F368DD
:107CA8003000B268316800F017F9230098331E607D
:107CB800EE6C002E08D0F3683000B268316800F02E
:107CC8000BF923009C331E602D6D002D08D0EB6846
:107CD8002800AA68296800F0FFF82300A0331D6077
:107CE80001230020237268E750040020786C0110FB
:107CF800F7B51E4C0720257A012D04D101F0C4FBED
:107D0800002807D101200126404201F01DFE7642DD
:107D18003000FEBDFF23164A1B04116A154F0B43A2
:107D28001362136AD1695B029B0E9B060B4378684A
:107D38001149D36101F09CFC061EE3D101F0DCFC83
:107D4800206101F0BDFC0D4801F004F901F08CF947
:107D58003B6801932B4207D0022383F31488BFF3B7
:107D68006F8F02232372D3E70323F6E75004002022
:107D780000ED00E0786C0110D50300106C040020C1
:027D8800704742
:107D8A0070B50D000400FFF708FF2900200001F07C
:047D9A009CFD70BD1F
:107DA00080B5FFF7F1FFEFF30583002B03D1EFF36D
:107DB0001083002B06D00620404201F0C9FD0620AA
:107DC000404280BD014F00DFFBE7C046A97B0010A9
:107DD00080B5EFF30583002B03D1EFF31083002B65
:107DE00006D00620404201F0B3FD0620404280BD8F
:0C7DF000014F00DFFBE7C046F97C0010EB
:107DFC00030010B5002813D002000A43072410001A
:107E0C00204022420DD117290AD9102219600839B5
:107E1C00C91899605A60086099684A60D860012056
:067E2C0010BD0020FCE780
:107E32000300F0B5002817D0081E15D00326140041
:107E42000020B44384420FD11D000F31073081431B
:107E520008352C002D686768281BB743C01B814278
:107E620003D928680028F4D1F0BD58681E680818A4
:107E720058609B19083B5E68B04200D95860606840
:107E82000A43002803D1200062600830ECE7032394
:0C7E920098432018056042602060F6E76D
:107E9E00020010B5002812D0081E10D013000024C6
:107EAE00083908338B420BD10321586888430100EF
:107EBE005068411A5160002C08D15C60012010BD41
:107ECE0018681C000028FAD00300EBE71B6823603B
:027EDE00F4E7C7
:107EE00030B504000800002C1BD0002914D0002A53
:107EF00019D0002B19D0216000216160110041438D
:107F00005D18A260E360636125611C0001380028F0
:107F100003D18A1A9850013030BDA51825602C0075
:0E7F2000F4E72000F8E71000F6E71800F4E799
:107F2E000300EFF3108100280BD072B640690028D1
:107F3E0004D002685A615A6801325A60002900D191
:047F4E0062B6704760
:107F5200EFF31082002811D0C3688B420ED8036958
:107F62008B420BD972B643690B6043684161013B96
:107F720043600020824200D162B670470420404232
:027F8200FBE71B
:107F840070B5EFF31085036B002B1DD00024CE7861
:107F9400DA78B24210D31A004A608C60002A11D0F9
:107FA4009160002C13D0616072B6836A01338362DE
:107FB400002D00D162B670BD5A681C00002AEBD0B7
:107FC4001300E5E7C162ECE74B608B60C1620163BB
:027FD400EAE7DA
:107FD600EFF3108372B6826A002A11D0511E8162B5
:107FE600002B0FD00122C06A00280ED072B681780D
:107FF6008270002B00D162B6002907D08068F3E7B3
:0E800600002B02D162B6002AECD10020704798
:108014004B688A68002B05D09A608A68002A03D0CE
:0C80240053607047C262F8E70363FAE79C
:10803000F8B587780400002F31D0C56800262F00DE
:1080400001000C372800FFF7E5FF210038002670FB
:10805000FFF77FFFAB68B34246D03800FFF767FFFA
:108060000400B04240D0280000F078FF0700320042
:10807000310001F035F9380000F0F6FF070020006C
:108080006A6AB9680C3009F07FFCF923A670237086
:10809000FB68E37021002800FFF774FF24E0856887
:1080A000AB68002BF6D05B78832BF3D1280000F06F
:1080B00055FF06003A00390001F012F9300000F0D7
:1080C000D3FF210006006A6A80680C3109F05CFC6D
:1080D000F368002B01D0E2781A70002328002100F9
:0A80E00023700C30FFF735FFF8BDE8
:1080EC00F7B504000E0017000193002804D00378A4
:1080FC00FA2B01D1002907D104212000494201F0BB
:10810C004BFC042040421AE08368002B18D05B78AB
:10811C00832B15D100F01CFF05000122002101F07A
:10812C00D9F8280000F09AFF05003100626A8068D7
:10813C0009F024FC0020EB68834200D01F70FEBDC8
:10814C000C30FFF7EEFE051E0FD03100626A0C30CA
:10815C0009F014FC0026F923200029002B70AE70C6
:10816C00EF70FFF709FF3000E9E7019B0320002BBC
:10817C00C8D01900932001F04FF9002808D0054B06
:10818C002000596900F0CEFEEFF309839E60DF609A
:08819C000220B7E750040020A7
:1081A400F7B504000F0016000193002804D00378EB
:1081B400FA2B01D1002907D104212000494201F002
:1081C400EFFB042040421DE0FFF703FF051E3BD0F8
:1081D40001002000FFF71CFF29003800626A0C31FF
:1081E40009F0D0FB002E01D0EB7833702700002675
:1081F4000C37290038002E70FFF7A9FEA368B3429C
:1082040001D10020FEBD3800FFF78FFE051EF8D017
:10821400200000F0A1FE07003100012201F05EF809
:10822400380000F01FFF07002800B968626A0C30AC
:1082340009F0A8FBF923AE702B70FB68290020001D
:10824400EB70FFF79DFEDCE7019B0320002BB9D008
:108254001900832001F0E4F8002808D0054B200021
:10826400596900F063FEEFF309839F60DE6002202A
:08827400A8E7C04650040020F9
:10827C00F0B587B007001600019100280AD000293C
:10828C0008D0F8F7FBFA04000198F8F7F7FA001990
:10829C001F2806DC04210020494201F07DFB00244C
:1082AC007BE00322019B033393430C3305937B4305
:1082BC000293002E22D0B468002C06D0144202D1B6
:1082CC00F368332B04D80921E5E7F368002BFAD1C6
:1082DC003368356972690393002D09D003212B0093
:1082EC000B400D4202D10299914259D90A21D2E791
:1082FC00002AFBD1002C03D004920FE0350003962A
:10830C00294B1A00A032106800281CD0FFF709FE78
:10831C00041E16D00123002D29D10493224E0022D5
:10832C000299F06FFFF77FFD051E19D1049B002BFE
:10833C0007D03300A033186800280BD02100FFF7BA
:10834C0002FE0521A7E7043301223421D86FFFF781
:10835C006AFDDDE704362100F06FFFF79AFDF0E7C8
:10836C00029A002109F09CFB0223049A1343FA227F
:10837C00A370039B2000636000232270019AA3600A
:10838C006262A362059AE362236339002B000C300E
:10839C00FFF7A0FD044B054A1A67200007B0F0BD9B
:1083AC00002CE4D1ACE7C046500400203180001012
:1083BC00064B10B59A6ED86E0821FFF759FF044B87
:1083CC00D86443425841404210BDC046786C0110FD
:0483DC005004002029
:1083E000F7B505000E0001920093EFF30583002B13
:1083F00003D1EFF31083002B29D0002D07D02B7869
:10840000FA2B04D1002E02D0009B002B07D00421B0
:108410002800494201F0C6FA0420404216E0280034
:108420000C30FFF784FD041E16D031006A6A0C3050
:1084300009F0AAFAF9232370009B2000A370019B86
:108440006660E370A56000F061FC0098FEBD019AD3
:10845000009B024F00DFF9E70320DEE7ED8000100C
:10846000F7B504000E000192EFF30582002A03D154
:10847000EFF31082002A27D0002C06D02278FA2AA7
:1084800003D1002E01D0002B07D004212000494247
:1084900001F088FA0420404215E02000FFF79BFD20
:1084A000051E15D00100626A30000C3109F06CFA2B
:1084B000019B002B02D0EB78019A13702800EC602E
:1084C00000F024FC0020FEBD019A024F00DFFAE715
:0884D0000320E0E7A581001084
:1084D80070B500283AD0846805684668002C0FD02B
:1084E800032223001340144202D1C2681B2A1CD85D
:1084F80009210020494201F03FFA0024200070BD04
:10850800C368002BF4D1134B1A009432106800286A
:1085180006D1043301221C21D86FFFF786FC01E045
:10852800FFF701FD041E0CD00123F522A3700023E0
:108538002270E6706560A360E3602361636123765F
:10854800DCE70521494201F017FAD7E705000600E4
:08855800D9E7C04650040020E1
:108560002A4B70B55D6904000E00002D06D108216C
:10857000494201F005FA0120404219E0002802D0EA
:108580000378F52B06D004212000494201F0F8F9C8
:108590000420F1E7037E002B0BD10361EB6AC56079
:1085A0004361002B00D018610123EC620020237688
:1085B00070BDC278D1070CD5C168A94209D1FF2B83
:1085C00005D11021494201F0DBF90320D4E7013342
:1085D000ECE7002EF9D093070BD51F221F21E0688E
:1085E0006B1C9A56431C5956914202DADA7700F016
:1085F000CAFC3100532000F015FF002803D02900E9
:10860000200000F095FC0220B6E7C0465004002090
:10861000354B70B55B690400002B06D10821494237
:1086200001F0AEF90120404270BD002802D002786E
:10863000F52A06D004212000494201F0A1F90420C6
:10864000F1E7027E0F21002A03D0C168994206D0CB
:108650000E212000494201F093F90320E3E7013A9B
:10866000D2B2027600208242DED16269824201D01B
:10867000216911612169002923D04A6102209A1CD5
:10868000D27FDD6A52B2002D1DD10133DA77A368A3
:10869000002B11D0200000F061FC06002A00290008
:1086A00000F01EFEF36AE66025616361002B00D0D6
:1086B0001C610123F4622376002000F0E1FC00201D
:1086C000B2E7DA62DAE7E97801420AD0A96800295C
:1086D00007D00131C97F0E1C49B2914200DA161C45
:0C86E00072B26D69CFE7C0465004002064
:1086EC0070B5041E02D00378F52B08D004212000AD
:1086FC000425494201F03EF96D42280070BD037E0D
:10870C00002B1FD06369C068002B01D022691A614D
:10871C002269002A25D053610225831CDB7FC26AA3
:10872C005BB2002A1FD11F21421C5156994202D024
:10873C00D37700F022FC03256D42A068002822D1DB
:10874C0000F098FC0025A3782570DB07D5D5154BD8
:10875C001A0094321068A8421DD02100FFF7F3FBD9
:10876C00CBE7C362D8E7D17829420AD091680029B7
:10877C0007D00131C97F0E1C49B2994200DA1E1C88
:10878C0073B25269CDE7200000F0E2FB0022290011
:10879C0000F0A0FDD1E704332100D86FFFF779FB7F
:0887AC00ABE7C04650040020B9
:1087B400F8B50400002C00D1F8BD0822E3786769FD
:1087C400134216D00026A3682676B34211D02000A7
:1087D40000F0C2FB05003200310000F07FFDEB6ABF
:1087E400E56026616361B34200D01C610123EC6241
:0687F40023763C00DEE7E5
:1087FA0070B50225C3782B4220D01F22C0684319C6
:10880A009A56C46AE3782B420DD0A3688B4200D1F2
:10881A008B68002B07D00133DB7F1E1C5BB29342AF
:10882A0000DA161C72B26469002CEBD11F21431CBA
:0E883A005956914202D0DA7700F0A0FB70BDD3
:1088480080B5EFF30583002B03D1EFF31083002BE2
:1088580006D006210020494201F08EF8002080BD94
:0C886800014F00DFFBE7C046D984001080
:1088740080B5EFF30583002B03D1EFF31083002BB6
:1088840006D00621494201F079F80620404280BD15
:0C889400014F00DFFBE7C04661850010CB
:1088A00080B5EFF30583002B03D1EFF31083002B8A
:1088B00006D00621494201F063F80620404280BDFF
:0C88C000014F00DFFBE7C04611860010EE
:1088CC0080B5EFF30583002B03D1EFF31083002B5E
:1088DC0006D00621494201F04DF80620404280BDE9
:0C88EC00014F00DFFBE7C046ED860010E6
:1088F800F8B5254B1500421E06000F009A4201D814
:10890800884207D204210020494201F03DF80024A2
:108918002000F8BD002D12D0AC682A68002C0AD0BF
:10892800032123000B400C4203D1E96815000F29ED
:108938001DD80921E7E7EB68002BFAD11500134B86
:108948001A009832106800280AD0FFF7ECFA0400E1
:10895800012300280BD10521494201F015F8D7E77A
:10896800043301221021D86FFFF75FFAEFE7F622F0
:10897800A37000232270A360054A044B6560A78199
:10898800E6819A66C4E7C046FEFF00005004002056
:04899800BB89001087
:10899C000300EFF3108172B602880020824202D0ED
:0E89AC00013A1A800130002900D162B67047EE
:1089BA00836810B50400002B0BD00C30FFF7E9FFD9
:1089CA00002806D0200000F0C4FA0022110000F0AE
:0489DA0082FC10BD4E
:1089E00070B504000D00002802D00378F62B08D0E3
:1089F00004212000494200F0CBFF04235B42180011
:108A000070BD0C30FFF7CAFF00239842F7D19D429A
:108A10000CD02900632000F005FD002804D0044B91
:108A20002000596900F084FA0223E7E70323E5E711
:048A300050040020CE
:108A340070B5041E02D00378F62B08D00421200060
:108A44000425494200F0A2FF6D42280070BD8368EE
:108A5400002B0DD003256D42200000F07DFA00228A
:108A6400290000F03BFCA0680028F5D100F006FBCB
:108A74000025A3782570DB07E7D5084B1A00983248
:108A84001068A84203D02100FFF761FADDE7043340
:108A94002100D86FFFF701FAD7E7C0465004002041
:108AA40010B5002802D00378F62B06D004214942E1
:108AB40000F06CFF0420404209E08368002B07D0DB
:108AC40000F04AFA0122002100F008FC002010BD49
:108AD400EFF3108172B68289C489944206D90132B7
:108AE400828118000029F2D162B6F0E7002900D192
:0E8AF40062B61121494200F049FF0320DBE782
:108B040080B5EFF30583002B03D1EFF31083002B23
:108B140006D006210020494200F038FF002080BD25
:0C8B2400014F00DFFBE7C046F98800109D
:108B3000B0B50C00EFF30583002B03D1EFF31083E6
:108B4000002B16D0002804D00378F62B01D1002C7E
:108B500006D00421494200F01BFF04204042B0BD72
:108B60000C30FFF71BFF03002000002BF7D1032080
:0C8B7000F4E7014F00DFF2E7E18900109C
:108B7C0080B5EFF30583002B03D1EFF31083002BAB
:108B8C001BD0002802D00378F62B06D004214942D2
:108B9C0000F0F8FE042040420EE0EFF3108272B6B3
:108BAC008389C18999420BD901338381002A00D171
:108BBC0062B600F0A5F8002080BD064F00DFFBE791
:108BCC00002A00D162B61121494200F0DBFE0320DD
:088BDC00E1E7C046A58A001084
:108BE40080B5EFF30583002B03D1EFF31083002B43
:108BF40006D00621494200F0C9FE0620404280BD4D
:0C8C0400014F00DFFBE7C046358A00107E
:108C100070B500F06FFD1E4CE3680133E36000F0B7
:108C2000EDF9002000F02CFA236D002B00D09847BE
:108C3000226C002A2BD0A369E16B994204D0D96938
:108C4000E363002900D1DA61DA69002A1BD1237AB3
:108C5000022B1CD1656A002D19D0E36B6A1C01330D
:108C6000D27FDB7F52B25BB29A4210D1280000F073
:108C70007FF9E06B00F09AF9280000F0F9F9236C15
:108C8000E563EB6103E0013ADA61002ADFD070BDF1
:048C9000500400206C
:108C9400F8B51C4B1D001C0054355634288872B698
:108CA4002288002A04D162B6002000F0E7F9F8BD5A
:108CB4001E00013A22805A363188DF6D8A00013164
:108CC40089B2D25988420ED0318062B6002AEBD0E4
:108CD4001078F1380828E1D8F7F7BAFB07E00BE081
:108CE400E00D0FE011000021EEE71B6E1000984725
:108CF400CFE75B6EFAE79B6EF8E7DB6EF6E71B6F78
:088D0400F4E7C0465004002012
:108D0C000100F8B5EFF31080164A130054331C8899
:108D1C0072B6150056352B889C421BD901332B801B
:108D2C00150058352B88D76D9E0001339BB2F1513D
:108D3C009C4200D100232B80002800D162B6537ACC
:108D4C00002B04D18022084B52055A60F8BD012338
:108D5C009372FBE7002800D162B60220FFF70FF8F0
:0C8D6C00F4E7C0465004002000ED00E0D9
:0C8D78000378F12B00D07047C068F9E7C9
:108D8400C26910B503694169541C0ED1002B00D08F
:108D940059614269002A03D013610023436101E051
:108DA400084A13630023C36110BD002B03D0DC69A0
:108DB4005961A218DA614269002AEDD1014AD362ED
:088DC400F0E7C0465004002056
:108DCC0001231F2110B54370C3185956094B0A4A89
:108DDC005B6A002B04D05C1CE47F64B28C4206DC22
:108DEC00C26083609060002B00D0D86010BD1A0068
:0C8DFC009B68EEE7500400206C0400208F
:0C8E0800014B58697047C0465004002020
:108E140080B500F0CDFD044F00DF01210020494260
:0C8E240000F09CFDFEE7C04645930010E6
:108E300070B50300022510000124284014402A4286
:108E400014D1EFF3108672B61A6815000D40002C8D
:108E500006D0A94206D1100088431860100001E036
:108E6000281EF8D1002E00D162B670BD186803002C
:108E70000B40002C03D09942F7D00020F5E75A1E92
:088E800093415B421840F0E74A
:108E8800002210B508490B6B002B08D1012464425D
:108E9800C46142610361002A04D0106110BD1A0048
:0C8EA8001B69F1E70863F9E750040020A3
:108EB400002310B5827804000380930707D5016B63
:108EC4000E4BD20610D50833D86FFFF740F8A378BD
:108ED400DB0708D5094B1A0088321068002807D030
:108EE4002100FFF734F810BD586FFEF7D6FFEEE708
:108EF40004332100D86FFEF7D0FFF4E750040020BC
:108F0400C37810B5DB0702D4FFF7D2FF10BD0423EA
:108F140043700023044AC360536B8360002B00D06A
:0C8F2400D8605063F2E7C0465004002003
:108F30001F2210B54B1C9A568368002B04D05C1C72
:108F4000E47F64B2944206DAC8608B608160002BD3
:0C8F500000D0D96010BD18009B68EEE74F
:108F5C000300806882689A60002A00D0D3600023E6
:048F6C00C360704727
:108F7000C268002A06D083689360002B00D0DA60B4
:068F80000023C3607047EE
:108F860070B505000400002C09D02378F12B07D01A
:108F96002800FFF7EAFF29002000FFF7C6FF70BD93
:048FA600E468F0E7A4
:108FAC00012310B5010043700148FFF7BBFF10BD52
:048FBC006C04002021
:108FC000F8B50D4D2E7A022E13D16C6A002C10D0FC
:108FD0001F22631C9A561F236F69791CCB569A4235
:108FE00007D12000FFF7C4FF3800FFF7DFFF6670EE
:0C8FF000AC610020F8BDC0465004002019
:108FFC00F8B5194DEC6A002C1ED0E369013BE36116
:10900C00002B19D1102620276378732B18D014D875
:10901C00532B19D0BB43432B12D02000FFF7A2FFD8
:10902C002000FFF7BDFF2469002C04D0E369002B5E
:10903C00EAD000236361EC62F8BDB343832BECD11F
:10904C002000FFF793FEE8E72000FFF78FFE2100DA
:0C905C00FFF7CDFBE1E7C0465004002008
:06906800806B2030704710
:1090700002234370014B98617047C04650040020A2
:10908000F8B5154D04002E7A6F69002815D1022E0F
:1090900012D16C6A002C0FD0621C7B1CD27FDB7F4C
:1090A00052B25BB29A4207DD2000FFF761FF380041
:1090B000FFF78CFE6670AC61F8BD022E07D1421C32
:1090C0007B1CD27FDB7F52B25BB29A42EFDC200086
:0C90D000FFF76CFFF0E7C04650040020E2
:1090DC00F0B587B005910390042100280AD0002A2E
:1090EC0056D09768002F0BD0BB0702D1D368432B07
:1090FC0009D809210020494200F02CFC0024BEE0D4
:10910C00D368002BF5D19369146956690093002C30
:10911C0006D0630702D1002E00D0BCE00B21E9E79A
:10912C00009B002B31D0009B0C21013B372BE1D84D
:10913C00002E00D0B5E0136802935368049300230B
:10914C0001939F420BD15C4B1A00883210680028A7
:10915C0025D0FEF7E6FE071E44D001230193002C18
:10916C0049D1554B002E21D1544A566D1A00083264
:10917C00D06F00281AD0FEF7D4FE051E1DD0102388
:10918C00019A1A4301923C0026E018230093CFE782
:10919C00182314001600029200930492D3E70433B0
:1091AC0001224421D86FFEF73EFED4E722003100A5
:1091BC00586FFEF738FE051EE5D10025019BAB422A
:1091CC000AD03D4B1A0088321568002D0CD02800AF
:1091DC003900FEF7B8FE00250223019A1A430192CA
:1091EC00002C0AD1052185E704333900D86FFEF72E
:1091FC0050FE2C00F0E725003C00F223FF332380C7
:10920C00019B6A46A370049B1278E370029B52B2D6
:10921C0063600023611CA360E36023616361A3614D
:10922C00E361CA77A11CCA776362A362E36233006D
:10923C00FD22403BEB18A363039B6284E363204B4A
:10924C00256366632B601D4B1B6800935B0719D469
:10925C00A36B002019001A00343101C39942FCD1D0
:10926C00184B20005363039B936380235B04D363ED
:10927C00059B1362104B144A1A66FFF7FBFE200085
:10928C0007B0F0BDB608114B113E002EE0D00435EE
:10929C00013E2B60F9E7009B002B00D043E718231D
:1092AC000093730700D039E733000949483B8B42E0
:1092BC0000D840E732E7C04650040020786C01101B
:1092CC00A52E5AE2158E001001930010CCCCCCCCFC
:0492DC00B7FFFF7F5A
:1092E00070B50400836B15001962FFF74BFD200079
:1092F000002D02D0FFF7C4FE70BDFFF757FEFBE75D
:1093000010B543780400332B0BD1031D416ADA7F7B
:109310002830FFF78DFD011E03D000222000FFF74B
:04932000DFFF10BD9E
:1093240010B504008069002803D000221100FFF763
:10933400D5FF6378232B02D10022A3689A6110BD64
:1093440070B50E4C267A022E16D1636A002B13D008
:109354006569E86AFFF72CFA2800FFF7E1FF08487F
:10936400FFF7FAFD4670A061EFF30983AB630023B6
:1093740028006361FFF7C4FD70BDC046500400209F
:049384006C04002055
:1093880070B5041E02D00378F12B07D00421200009
:10939800494200F0E1FA0420404270BD0F224378B0
:1093A8001340022B1ED0032B2AD0012B21D1FFF70B
:1093B800DBFDE06AFFF7FAF92000FFF7AFFF6578F9
:1093C800022D23D11348FFF7C5FD134B4570986153
:1093D800EFF30982A26300225A612000FFF78EFD95
:1093E8000020DAE70C4B1A7A022A02D15B6A002BBA
:1093F800DFD103212000494200F0AEFA0320CBE779
:10940800FFF7B2FD2000FFF7B9FCD2E70020FFF715
:0C94180033FEE2E76C040020500400204A
:1094240070B5184C0300207A002202280FD1606A1C
:1094340090420CD0606943704B1C0AD1FFF722FDA7
:109444001148FFF789FD022301224370A061100037
:1094540070BDE36A002B02D0DD69A9420CD2C16160
:1094640042610361002A0BD01061002BE8D0DA6955
:109474005861511AD961E3E71A00491B1B69E9E7EE
:0C948400E062F2E7500400206C040020BD
:1094900070B50D4D0021AA6D0C48FFF71FFE0C4C56
:1094A0006B6EA0620120002B0DD0984703000020B6
:1094B000834208D1EA6DE16C286EFFF70FFEA064CD
:1094C000431E9841C0B270BD786C0110CD98001059
:0494D0005004002024
:1094D40080B5EFF30583002B03D1EFF31083002B4A
:1094E40006D006210020494200F038FA002080BD51
:0C94F400014F00DFFBE7C046DD900010D8
:1095000080B5EFF30583002B03D1EFF31083002B1D
:1095100002D0034B586980BD024F00DFFBE7C04615
:0895200050040020098E001028
:1095280080B5EFF30583002B03D1EFF31083002BF5
:1095380007D006210020494200F00EFA06204042DA
:0C95480080BD014F00DFFBE7C18F001069
:10955400B0B5040000F038FAEFF30583002B03D113
:10956400EFF31083002B07D006212000494200F0BE
:10957400F5F906204042B0BD2000014F00DFFAE7B4
:0495840089930010B7
:10958800002230B50C4C636C002B02D01D698D4253
:109598000CD901618260C360002B03D01D699860FB
:1095A800691A1961002A05D0D06030BD1A00491B1C
:0C95B800DB68E9E76064F8E7500400207D
:1095C400F8B51B4D6C6C002C2DD023696E69013BE2
:1095D40023612369002B25D1E368002B01D0A26805
:1095E4009A6021006B640023E86C1A001831FEF7BE
:1095F400F5FE00280CD0AB69210003206F696B6174
:10960400FEF7C1FB6B69002B02D1B74200D11E00EB
:10961400E378012B08D120006169FFF7B3FF6C6C7C
:10962400002CD6D16E61F8BD01236370F7E7C04604
:0496340050040020BE
:1096380010B5FEF7BFFE002803D1034B034A1A6595
:1096480010BD01204042FBE750040020C5950010E2
:1096580037B5012504006D422B0000226946200021
:10966800FEF7FAFE0028F7D10198009B9847F3E728
:10967800010010B5002817D00D4B1868F6F7FAFE50
:10968800802301385B0498420ED2FF23094A1B0647
:10969800116A0B4313620622074B1A6058600020B8
:1096A8009860064B187010BD01204042FBE7C04689
:1096B800FC05002000ED00E010E000E0EE2A0020AC
:1096C800074B1A78002A05D000221A708022054B11
:1096D800D2045A600123044A11680B43136070478F
:0C96E800EE2A002000ED00E010E000E0A1
:0C96F400014B1B687047C04610E000E00E
:0697000001204042704709
:10970800094A0A4B10B51A60094B9B1A094A13609B
:10971800094A0A4B1A600A4B9B1A0A4A136000F05E
:1097280055F800F06DF8C04600FC032080280020A2
:10973800000004207C280020D4AB002074280020DE
:0897480000FC03207028002042
:1097500070B50B251C240C480C4B456003600C4B6A
:10976000C4608360FFF770F80A4B18600A480B4B1F
:10977000456003600A4BC4608360FFF765F8094BDE
:10978000186007F015FD70BD40280020F48101101D
:109790005428002050280020942700200182011026
:0897A000A8270020A4270020E7
:0897A80010B5FDF7BDFE10BD78
:1097B000012110B5024B49421868FFF75BF810BD54
:0497C000502800200D
:1097C40010B5024B1868FFF769F810BD5028002047
:0C97D40010B505F00DF800F011F810BD04
:0297E0007047D0
:0297E2007047CE
:1097E40010B500F043F8FFF7F9FFFFF7AFFFFFF7FD
:0C97F400F6FF03F0E7FCFFF7D5FF10BD07
:0898000010B5FEF7CDFA10BD12
:1098080013B5114B114C0021236180231B026361A6
:109818004423E3600E4B2200A3601823A3610D4B81
:109828000D482360FFF752FE031E05D122000B49A5
:1098380000900B4803F0CCFCFEF7C6FA0022094959
:1098480013000092F5E7C046402B0020142B00209F
:10985800D02900200B820110E5970010108201101A
:089868001D0101802C8201109A
:1098700030B585B068460200054B32CB32C21B685A
:109880001360FEF7E1FF034B186005B030BDC04622
:08989000E86C0110382B0020E8
:1098980073B506000C00150003F094FC00280CD1E9
:1098A8000649A31DA21D02D3054A9B00995800230F
:1098B80032002800009303F08BFC73BD4182011035
:0498C8005C830110AC
:0698CC0010B500F091F858
:1098D400002307B502000138009304281AD8002396
:1098E400F6F7C0FD03080C10140001220B490C48C4
:1098F40003F070FC02220B490B48F9E703220B49E1
:109904000B48F5E704220B490B48F1E705220B4904
:109914000B48EDE70B490C48EAE7C04649820110C1
:10992400250102806A820110260102808F820110C3
:1099340027010280C482011028010280FF820110E5
:0C9944002A0102803F8301100001028014
:1099500010B50100014AFFF79FFF10BD31010180E2
:1099600010B5024AFFF798FF10BDC04632010180D2
:1099700010B5024AFFF790FF10BDC04637010180C5
:1099800010B5024AFFF788FF10BDC04633010180C1
:109990000B0010B5113302D0014AFFF77DFF10BD57
:0499A000340101800D
:1099A40010B5024AFFF776FF10BDC04638010180AA
:1099B40010B5FFF7A3FD034B1B68002B00D098479D
:0899C40010BDC046602A00201E
:1099CC00034B10B51B68002B00D0984710BDC04648
:0499DC00602A0020DD
:1099E00010B503F08BFA03F089FC03F088FC03F058
:0499F0009BFA10BD11
:1099F40010B5024B1B689847FBE7C046F4040020EF
:089A040010B5FDF789F910BD52
:0C9A0C0010B50400FDF78CF8200010BD20
:109A1800F8B50500060010CD002C14D10E4F38689B
:109A2800002803D001214942FEF720FF3468002CAA
:109A380004D1280004F0F2F82C00356038680028BA
:109A480001D0FEF729FFAC4204D08B220349044819
:109A580003F0A2F92000F8BD382B002098830110EC
:049A6800A7830110BF
:029A6C00704741
:0E9A6E0010B504000C2103F012FF200010BD03
:109A7C0070B5040003689B689847201D04F082FDB4
:0E9A8C00050023682000DB689847280070BDA5
:109A9C0010B50348FFF7BAFF04F0C6F810BDC04676
:049AAC002C1E00204C
:109AB00010B50348FFF7B0FF04F0D8F810BDC0465A
:049AC0002C1E002038
:109AC40070B504000D00074B82600360FFF7E4FFEC
:109AD4002900201D04F020FD2000FFF7E7FF2000EF
:089AE40070BDC046D4830110DF
:0E9AEC0010B50368012200211B69984710BDC8
:0E9AFA00002210B5036811001B69984710BDCB
:109B080010B5040003F0F6F90121200004F092FDDD
:069B180003F006FA10BD87
:109B1E0010B5040003F0EBF90021200004F087FDDE
:069B2E0003F0FBF910BD7D
:109B340070B50D00040003F0DFF92900200004F0E3
:089B440061FD03F0EFF970BDB3
:029B4C00704760
:0E9B4E0010B50400402103F0A2FE200010BD5F
:109B5C0070B504000D0003681B6898472900256147
:109B6C00201D04F0C7FD236820005B68984770BD7A
:109B7C00F0B585B01C000AAB1B7805000393036895
:109B8C0017001B680E0098470123039A31005340BD
:109B9C0000933A002300281D04F0C5FD06002B6835
:109BAC0028005B689847A01B441EA04105B0F0BD7F
:109BBC00F0B585B01C000AAB1B7805000393036855
:109BCC0017001B680E0098470123039A310053407D
:109BDC0000933A002300281D04F096FD06002B6824
:109BEC0028005B689847A01B441EA04105B0F0BD3F
:109BFC007FB500246B4601261C819C721500230046
:109C0C00220002A8009602F03FFB6B4603A89C8141
:109C1C009C73220023002900009602F035FB03A858
:109C2C0004F0DAFCA04251D002A804F0D5FCB042FA
:109C3C0002D1002004B070BD210003A8FFF774FF0F
:109C4C0003A8FFF75BFF0A240525002103A8FFF7F3
:109C5C006BFF002103A804F0B3FC280003F062FFA3
:109C6C00012103A8FFF760FF012103A804F0A8FC61
:109C7C00013C280003F056FF002CE6D102A8FFF7A8
:109C8C003DFF210002A804F09BFC052003F04AFFD5
:109C9C00012103A804F094FC052003F043FF0121EB
:109CAC0002A804F08DFC052003F03CFF02A8FFF78E
:109CBC0030FF03A8FFF72DFF03A804F08DFC00284C
:109CCC0004D002A804F088FC0028B2D10220404243
:029CDC00B0E7EF
:109CDE0000220300010004C328311A700133994297
:049CEE00FBD17047EF
:0E9CF20010B51430FFF78FFE03F09BFF10BD7E
:0E9D000010B51430FFF788FE03F0B0FF10BD61
:109D1000F8B505000400134B0E00083308C5170002
:109D200000210C22280007F0C1FE20000E4B143049
:109D30002361FFF7D4FF2000FFF7DBFF3A0031007B
:109D4000A687E7872000FFF759FF28003E23E25E41
:109D50003C23E15E04F096FC2000FFF7D1FF2000D9
:0C9D6000F8BDC046E4830110A08601009D
:109D6C0070B504000D00160000210C2207F098FEBF
:109D7C0032002900200004F07FFC2000044904F08C
:109D8C00B9FC2000012104F0E0FC200070BDC046AD
:049D9C00A08601009C
:089DA00010B504F0ADFC10BD8C
:109DA8000023012210B5C9B20A43190004F011FDBD
:029DB80010BDDC
:089DBA0010B504F0CFFC10BD50
:089DC20010B504F0DCFC10BD3B
:109DCA0010B5140004F0F4FC001B421E904110BDB3
:109DDA0037B504000C22835E0A21425E0820215E08
:109DEA0060680E25645F0430009406F09CF837BD65
:109DFC0070B50024050003F07BF8064B1B68A342EA
:109E0C0004DD054B1A78AA4200D11C0003F086F839
:0C9E1C00200070BD281E0020F41D002056
:109E2800084A10B51368002B04DDAF22064907481D
:109E380002F0B2FF3420591C43430548C018116092
:109E480010BDC046281E0020158401101D84011075
:049E5800F41D0020D5
:109E5C00082370B543610023040083610A4B25007D
:109E6C00C361FF232835038403F042F82878FFF7F9
:109E7C00BFFF6060002804D1FFF7D0FF60602B7833
:0C9E8C00037003F04BF870BD40420F0063
:109E980070B5040004A80025455F0D4821810830ED
:109EA8002060E5812000002501216281A3812582AF
:109EB800A5744942103002F0E4F9064B6562E3628A
:109EC8002300283320001D70FFF7C4FF200070BD59
:089ED80048840110DB9D00101D
:109EE000436810B51B6B040083420FD0C36A9847C8
:109EF0006368A269181D6169002306F081F8636830
:0E9F0000E169181D06F0B6F863681C6310BD19
:109F0E0070B504000D00160003681B699847606861
:109F1E006561036BA661A3420AD1002332002900BA
:109F2E00043006F066F8236820005B69984770BD20
:089F3E002000FFF7CEFFF6E75B
:109F460070B504000D0003681B6998476068E561F9
:109F5600036BA34208D12900043006F088F8236871
:109F660020005B69984770BD2000FFF7B6FFF6E753
:109F760070B510300D00040004F07BFB002803D000
:0A9F86002900200004F01FFB70BD4D
:109F900070B504001F2503681B699847A31C5D5713
:109FA0006A1CDA77002D06D12000FFF799FF2900FF
:089FB0002000FFF7E0FF70BD87
:109FB80010B5821CD37F0400013B5BB2D377002B22
:109FC80002D10121FFF7D3FF236820005B6998477E
:029FD80010BDBA
:109FDA0070B504000D00FFF7D6FF63682900181D4D
:109FEA0006F049F805002000FFF7E1FF280070BDE0
:109FFA00F7B504001F0016000D00FFF7C4FF6368E1
:10A00A003200181D631CDB7F29000193089B009313
:10A01A003B0006F048F805002000FFF7C8FF2800BB
:02A02A00FEBD79
:10A02C0010B540680830FFF7F1FC03F0FDFD10BDE2
:10A03C0010B540680830FFF7E9FC03F011FE10BDC5
:10A04C0010B50400074B08330360FFF7E9FF6368A2
:10A05C001A6BA24201D100221A632000FFF7E8FF1D
:08A06C00200010BD4884011022
:10A0740010B50400FFF7E8FF2000302103F00CFCCA
:04A08400200010BDEB
:02A0880070471F
:10A08C0070B506000400831D3E229A5E0C36031D3B
:10A09C003E21595E300005F0F7FDE56C236D002D77
:10A0AC0001D1DA0711D558102018DB0701D5036848
:10A0BC005D592300583300229B5E2200563200214A
:10A0CC00525E210054310978A8473000E16B05F04D
:10A0DC0040FE30002200024905F07AFE70BDC046F9
:04A0EC00D1A30010EC
:10A0F000F7B50093836C04000E001500002B05D00B
:10A1000036222B492B48FF3202F04AFE2A4A0365C9
:10A110000368C2641B6898472300270054331E70ED
:10A1200002331D800193009B58373B80042E0DD8CD
:10A130003000F6F799F915031015190001232A00CC
:10A1400001215B4220000C3005F0BFFE2368200097
:10A150005B689847F7BD01222B0002215242F1E7CC
:10A160002A003100009BEDE72300012270331A70B2
:10A170006B1C0CD0042003F061FB019B0500002147
:10A18000595E00230380837002F065F8E5650022C4
:10A19000BB5E0133DAD0042003F050FB002205003F
:10A1A0000023F95E0280827002F05AF82566CDE73E
:0CA1B0008184011090840110F1A00010C7
:10A1BC0010B50400F9F705FF2000FCF7ABFC2000FC
:10A1CC0010BD10B50400F9F7FCFE2000FCF7A2FC52
:04A1DC00200010BD92
:10A1E00070B5040003680D001B6898472000290023
:10A1F0000C3005F0B4FD2368E56320005B689847E8
:02A2000070BD2F
:10A20200F8B504001F0003680D001B68160098478C
:10A2120020003B00320029000C3005F0B0FD23681D
:08A2220020005B689847F8BDBD
:10A22A0070B5040003681B68984720000C3005F0DD
:10A23A003CFE230070331B780500002B06D0206EED
:10A24A00002803D06942694104F0BBF92368200061
:08A25A005B689847280070BD05
:10A2620070B5040003681B68984720000C3005F0A5
:10A2720026FE230070331B780500002B05D0E06D0D
:10A2820004F0AFF9434258410540236820005B685F
:06A292009847280070BD92
:0AA2980010B50C3005F0FAFD10BD02
:0EA2A20010B50C000C3005F0FCFD200010BDC6
:10A2B000F7B5002504001F001D4B0E000833036096
:10A2C0001C4B290043600192856010220C3007F07E
:10A2D000EDFB20001C30F9F7A5FE20002C30F9F72B
:10A2E000A1FE0222A31CFF32E763DA87019A231D35
:10A2F000DE87A31DDA874E33A564E5642565220059
:10A300001D70012356325B4213805380230070334B
:10A310006566A566E5661D70A26863685010201822
:10A32000D20701D50268D35898472000FEBDC04629
:08A33000A88401108DA00010AB
:10A33800F7B50500036816001B680F0098472B0047
:10A3480040331B783401002B01D0002E11D02B0094
:10A3580041331B78002B01D0012E0AD020001C307D
:10A3680039002818FCF7C0FC2B6828005B68984760
:10A37800F7BD02F0BFFD3800FCF7C3FC2B001C340E
:10A388000C332C190193002812D02000FCF7B9FCDB
:10A39800002801D102F0AEFF39002000FCF7A4FC30
:10A3A80001223100019805F027FD02F0B9FDDBE735
:10A3B8002000FCF7A6FC002801D002F09CFF20003A
:08A3C800FFF7F8FE0022ECE7AC
:10A3D00009011C3110B544182000FCF796FC002838
:0AA3E00002D02000FFF70EFB10BDB5
:10A3EA00F8B504002600036840361B680D0098473C
:10A3FA003378AB4233D0002D0DD0230041331B7884
:10A40A00002B08D1A268636850102018D20701D522
:10A41A000268D3589847270002F06BFD1C37002DBD
:10A42A0022D03800FCF76CFC00280AD03800FCF770
:10A43A0070FC02F05EFF2000012200210C3005F0C2
:10A44A00DAFC02F06CFD3570002D08D1230041338F
:10A45A001B78002B03D120000C3005F076FC236812
:10A46A0020005B689847F8BD20002A000C302900BC
:10A47A0005F0C1FC3800FCF743FC0028E1D002F0EB
:04A48A0039FFDEE7D1
:10A48E00F8B504002600036841361B680D00984796
:10A49E003378AB4233D0002D0DD0230040331B78E0
:10A4AE00002B08D1A268636850102018D20701D57E
:10A4BE000268D3589847270002F019FD2C37002D5B
:10A4CE0022D03800FCF71AFC00280AD03800FCF71E
:10A4DE001EFC02F00CFF0122200011000C3005F0D2
:10A4EE0088FC02F01AFD3570002D08D12300403390
:10A4FE001B78002B03D120000C3005F024FC2368C0
:10A50E0020005B689847F8BD20002A000C3001211E
:10A51E0005F06FFC3800FCF7F1FB0028E1D002F0EB
:04A52E00E7FEDEE77F
:10A534001FB50400194B0021083303606846FCF77B
:10A5440099F9002269462000FFF7F4FE6846F9F7FE
:10A554006EFD00216846FCF78DF901226946200052
:10A56400FFF7E8FE6846F9F762FD230040331B78E5
:10A57400002B04D1230041331B78002B03D020008F
:10A584000C3005F0E5FB20002C30F9F750FD2000DD
:10A594001C30F9F74CFD200004B010BDA884011054
:10A5A40010B50400FFF7C4FF2000742103F074F910
:04A5B400200010BDB6
:10A5B80010B5437D0400002B04D0037D002B01D08F
:08A5C80002F099FE200010BD15
:10A5D00013B5040001A802F0ADF8637D002B0BD188
:10A5E000237D002B01D002F089FE206902F060F883
:10A5F000012320606160637501A802F0A1F813BD1A
:10A6000037B5040001A80D0002F094F800230022E1
:10A61000226063606B7D002B08D0286902F048F847
:10A620002A686B68801A99412060616001A802F075
:06A6300087F820003EBD8A
:10A6360030B50D0085B0040003A802F078F82900B3
:10A646006846FFF7DAFF00980199AA68EB681218C6
:10A656004B4103A82260636002F06FF8200005B04A
:02A6660030BD05
:10A6680013B5040001A802F061F8206902F01CF893
:10A678000022002320606160A260E36001A802F06C
:04A688005BF813BDAB
:10A68C0010B50B0004000021002023610023206082
:10A69C006160A060E160227520006375FFF7DEFF4A
:04A6AC00200010BDBD
:10A6B00010B5040002F026F8012201002000FFF787
:06A6C000E5FF200010BDC3
:04A6C60000207047B9
:0CA6CA001D20404270471D204042704798
:0CA6D6001620404270471620404270479A
:08A6E2000120704701207047C0
:08A6EA000020704700207047BA
:10A6F200F8B5050000248EB2CB0704D5FFF794FD10
:10A70200441EA04104B210273E4205D02800FFF7A4
:0CA71200A7FD002800D03C432000F8BD4B
:10A7200008B4024B9C46743808BC6047F3A600107E
:0AA7300010B5FFF75AFE002010BD1F
:10A73C0008B4024B9C46743808BC604731A7001023
:0AA74C0010B5FFF79EFE002010BDBF
:10A7580008B4024B9C46743808BC60474DA70010EB
:10A7680010B50400024B0360FFF7E0FE200010BDA7
:10A77800C884011008B4024B9C46743808BC604772
:04A7880069A70010AD
:10A78C0010B50400FFF7EAFF2000782103F080F8F1
:10A79C00200010BD08B4024B9C46743808BC6047BE
:04A7AC008DA7001065
:10A7B000F7B505000C00161E1BD002F09BFB012311
:10A7C0004340DFB2002F03D02B6828001B68984756
:10A7D000A3190193019B9C4205D021782800FFF723
:10A7E00060FD0134F6E7002F03D02B6828005B687A
:06A7F00098473000FEBD99
:10A7F80008B4024B9C46743808BC6047B1A70010E7
:10A8080070B504000D00101E0CD0236820001B68D2
:10A8180098472000FFF73CFD2870236820005B68FC
:06A828009847012070BDFD
:10A8300008B4024B9C46743808BC604709A8001055
:10A8400010B50400FFF734FD024B20002360024BDB
:0CA85000636710BDC8840110048501106E
:10A85C00F8B504000D0016001F0003681B6898472C
:10A86C003B00320029002000FFF73CFC236820004D
:06A87C005B689847F8BD7F
:10A8820070B504000E0002F038FBA569002D0BD054
:10A8920020000830FFF79AFC0122631CDA770023BC
:10A8A200A21CE361D677A36102F03DFB002D03D029
:0AA8B2002100280000F090F970BDAD
:10A8BC0010B5002802D003F0B7F910BD02F018FB58
:02A8CC00FBE7A8
:10A8CE0010B5002802D003F0CAF910BD02F025FB26
:02A8DE00FBE796
:10A8E000F0B5040089B00E00170002F007FBA5695F
:10A8F00002F01AFB002D29D003AD0021280003F03F
:10A90000F5F902F0FBFAA3690193E369002B04D087
:10A9100039220F490F4802F043FAE56102F004FBC7
:10A92000019B002B0FD03900280003F0E9F9002823
:10A9300009D13000FFF7C2FF20000121FFF7A1FF7E
:10A940003000FFF7C4FF280003F0FDF909B0F0BDA7
:08A950006985011075850110F5
:10A9580070B500250400064B4560083303600830D5
:10A96800F9F75CFB2000A561E561258470BDC04650
:04A9780094850110B1
:10A97C00084B10B50833036083690400002B04D026
:10A98C0026220549054802F005FA0830F9F74BFB79
:10A99C00200010BD9485011069850110838501107C
:10A9AC0030B50400250085B0083502F0A1FA290065
:10A9BC006846FFF725F82800FFF703FC0023E06941
:10A9CC00A361984201D003F0B3F902F0A7FA6846EC
:10A9DC00FCF795F9002802D06846FFF70DF8684699
:08A9EC00F9F721FB05B030BDB5
:0EA9F4000023436083600133016003737047EA
:02AA020070479B
:10AA04000300007B002805D00CCB002012689A427A
:06AA14004041C0B2704792
:10AA1A00F0B5036885B0019301230500180088404A
:10AA2A0019001E0051400290039101989900445C5C
:10AA3A000299214205D030210C40002A07D0102C5F
:10AA4A0007D10133112BF0D10120404215E0002C2F
:10AA5A00F7D01000590002390843009131008140B3
:10AA6A00AF680F42EDD1202C07D10399009C0C430B
:0EAA7A00210034008C402742E3D105B0F0BD2E
:10AA880070B5040008001100020020001D00FFF747
:10AA9800C0FF002802DA0020207370BD4108236837
:10AAA8008A009A18D3885279666855439B195B19AE
:10AAB800636001238340A268C00113430843A36075
:04AAC800C0B2EAE747
:0EAACC0010B513000A000121FFF7D8FF10BDDE
:0EAADA0010B513000A000021FFF7D1FF10BDD8
:10AAE80070B50D0004000A000021FFF7EBFF2A00F3
:0AAAF80000212000FFF7EDFF70BD04
:08AB020000230360436070476B
:02AB0A00704792
:04AB0C000068704726
:10AB100000230B604368002B02D101604160704745
:04AB20001960FBE7D6
:10AB240003000068002806D00268002A00D15A6099
:08AB34001A6000230360704762
:10AB3C0010B50468002223008B4204D0002B10D0E7
:10AB4C001A001B68F8E7002A01D00B6813608C42CE
:10AB5C0001D10B68036043688B4200D14260002333
:04AB6C000B6010BDAD
:0CAB700010B50400FFF7C5FF200010BD69
:0EAB7C0010B5FFF7C5FF43425841C0B210BDEF
:10AB8A0070B505002800FFF7BCFF00280ED0041F8F
:10AB9A00236820009B689847002807D02800FFF701
:0EABAA00BCFF23682000DB689847EBE770BD16
:10ABB80070B504000D00FFF7A5FFAC610600291D64
:10ABC8002000FFF7A1FF002E02D12000FFF7D9FFD8
:02ABD80070BD4E
:10ABDA0070B505000C00FFF794FF0600002C00D0AA
:10ABEA00043421002800FFF7A4FFA64202D128005E
:06ABFA00FFF7C6FF70BD6D
:10AC000010B504002000FFF781FF002804D00438AD
:0AAC10000368DB689847F5E710BD04
:10AC1A0010B50400FFF7EFFF2000FFF771FF2000D7
:02AC2A0010BD5B
:02AC2C0070476F
:02AC2E0070476D
:0AAC300010B503689B6D984710BD36
:10AC3C0030B587B06B46040005220021981D06F044
:10AC4C002FFFC8239B00E258238901AD8921AB81DA
:10AC5C000A4B4900EB8104232980EA71113962689F
:10AC6C00FF390A34E9700392FF33122229002000C5
:10AC7C002B8206F083FE200007B030BD01020000DD
:08AC8C000048704784880110A4
:08AC940000487047BC88011064
:08AC9C00004870478888011090
:08ACA40000487047CE88011042
:08ACAC0000487047B488011054
:08ACB400004870479E88011062
:10ACBC00036810B55B6F04009847BB239B00E058FA
:10ACCC0003681B6F9847236820009B6F984710BD43
:10ACDC00CD239B00C35810B5002B04D1024A034965
:10ACEC00034802F057F810BDCD060000C9850110CD
:04ACFC00D7850110E7
:10AD000010B5040002F0FAF8CD229200A3580133E6
:10AD1000A350002B05D1D72202490348D20002F0EC
:0CAD20003FF810BDC9850110D785011057
:10AD2C00CD239B00C35870B50400012B16D1C92547
:10AD3C00CA26AD00B6000122A05963590240002B6F
:10AD4C0001D1002A0AD00021401061512018A151D4
:10AD5C008A4201D00268D3589847ECE7CD22920082
:10AD6C00A358002B04D1054A0549064802F012F8F5
:10AD7C00013BA35002F0D2F870BDC046C6060000DD
:08AD8C00C9850110D7850110F3
:10AD940007B50022024913000248009202F01AFA91
:08ADA400E38501100E0115808A
:10ADAC0007B50022024913000248009202F00EFA85
:08ADBC000B8601100401158053
:10ADC400036870B5DB6F04009847BE239B00E55A07
:10ADD4002B12022B28D0032B5BD00020012B06D191
:10ADE400236820001B6B9847002801D1002070BD08
:10ADF400236820001B6B98470678122EF6D123682F
:10AE040020001B6B98474578012DEFD1C1239B008F
:10AE1400E650236820001B6B9847C0239B00E0503A
:10AE240008332800E554E2E72368EDB22900200046
:10AE34005B6B98470028D9D0236829005B6B2000FE
:10AE440098470378092BD1D1236829005B6B200034
:10AE540098474378022BC9D1236829005B6B2000F3
:10AE640098472368867829005B6B20009847C122A5
:10AE7400C37892001B023343A350236829002000A7
:10AE84005B6B9847C0239B00E05001200833E054DB
:10AE9400ADE7EDB20020052DA9D82800C12523680F
:10AEA400AD00F5F7DFFA030D151D252D9B6B200072
:10AEB40098470378635123689B6B20009847E1E728
:10AEC400DB6B20009847037863512368DB6BF4E75E
:10AED4001B6C200098470378635123681B6CECE7D4
:10AEE4005B6C200098470378635123685B6CE4E74C
:10AEF4009B6C200098470378635123689B6CDCE7C4
:10AF0400DB6C20009847037863512368DB6CD4E73B
:10AF14001F200B78DB0913700B785B069B0F5370B3
:10AF24000B78034093704B78D370C8788B78000209
:10AF34000343938048790B7900020343D380C87993
:0AAF44008B7900020343138170476C
:10AF5000036870B55B6F04000D009847C3239B0026
:10AF6000E35C022B05D03E2209490A48FF3201F07A
:10AF700017FFC423084A9B00E5541433E250002213
:10AF80000433E250236820009B6F984770BDC04691
:0CAF9000C98501102A860110FDB40010D4
:10AF9C00036870B5DB6F04009847C2239B00E35C29
:10AFAC00002B02D00025280070BDBB25AD006059D8
:10AFBC0003685B6C9847C1239B00E2589042F1D820
:10AFCC00C026B600A159121A0918A151E250002A44
:10AFDC0014D102210833E1540E4BE55C002D07D04F
:10AFEC00E254163BE118236820009B6E9847DAE781
:10AFFC0001212000FFF7A6FF0125D4E7C8239B0001
:10B00C00E3586059934200D913000268146C1A007B
:08B01C00A047F1E70A03000060
:10B02400036813B5DB6F04009847C7239B00E35CF8
:10B03400012B06D8002213000F4900920F4802F09A
:10B04400C9F8C3239B00E35C002B04D000220C4905
:10B0540013000092F2E70B4BE35C032B0AD02000B1
:10B06400FFF79AFF002805D1BB239B00E058036833
:10B07400DB6C984713BDC046E38501100E011580B3
:08B08400558601100B030000CA
:10B08C00036870B5DB6F04009847C2239B00E35C38
:10B09C000025012B36D1C1239B00E358AB4206D1CE
:10B0AC001C4AA15CA94201D101252BE0A354C82262
:10B0BC009200A5589D4200D91D00BB23C0269B00C1
:10B0CC00E058B60003682A009B6CA1599847A35915
:10B0DC005B19A351C1239B00E258551BE550E3D1EA
:10B0EC000C4BE25C002ADFD102210333E1540A4B02
:10B0FC00E55C002D08D0E254163BE11823682000D3
:10B10C009B6E9847280070BD01212000FFF71AFFA5
:0CB11C00CAE7C046090300000A03000057
:10B12800036810B5DB6F04009847C7239B00E35CF6
:10B13800012B01D8FFF72AFE074BE35C032B0AD04B
:10B148002000FFF79FFF002805D1BB239B00E05894
:0CB158000368DB6C984710BD0B0300007F
:10B16400036870B55B6F04000D009847C3239B0010
:10B17400E35C032B05D0C32209490A48520001F0BD
:10B184000DFEC423084A9B00E5541433E250002208
:10B194000433E250236820009B6F984770BDC0467B
:0CB1A400C98501109F860110C5BE001077
:10B1B000036810B50400DB6F98470120044BE218C8
:10B1C0001D3BE2500433E0500433E05410BDC04650
:04B1D0001D0300005B
:10B1D400036810B5DB6F04009847C7239B00E35C4A
:10B1E4000020042B0CD1074B0130E25A064BE252EB
:10B1F4003633E218303BE2500433E0500433E05479
:0CB2040010BDC0462E030000FA0200003E
:10B21000036810B5DB6F04009847C32304229B002A
:10B22000E254143BE25C044B2000E15A23681B6F9C
:0CB230009847012010BDC046FA02000043
:10B23C00036870B55B6F04000D009847C3239B0037
:10B24C00E35C042B05D0EB2209490A48520001F0BB
:10B25C00A1FDC423084A9B00E5541433E25000229C
:10B26C000433E250236820009B6F984770BDC046A2
:0CB27C00C9850110CB8601109DB50010A3
:10B28800036870B5DB6F04009847C7239B00E35C35
:10B29800042B04D000201E4BE35A834215D11D4BCA
:10B2A800E15C012912D0022913D0002081420CD17F
:10B2B8000122194B1A80C023174A9B00E250022230
:10B2C80001200433E2500433E05470BD0022124BD5
:10B2D800F0E70F4BE25A8F23100098430300002039
:10B2E8008342F2D10C48130702D100230380E2E71E
:10B2F8001E2553002B40D2111A431823023A5343F8
:10B30800E31830331B780B42EFD00123EEE7C04639
:0CB31800FA020000F6020000642A002087
:10B3240030B5036891B0DB6F04009847BB23C82293
:10B334009B00E058920003686946A258DB6B98476B
:10B34400BD239B00E5182A0069462000FFF7E0FDB5
:10B35400C02200239200A3500432A3500432A3500D
:10B36400C32301229B00E2542368290020005B6E62
:06B37400984711B030BD46
:10B37C00036810B5DB6F04009847C7239B00E35CA0
:10B38C00012B01D8FFF700FDCB2201239200A3541F
:10B39C00203AA25C002A03D12000FFF7BDFF10BDAC
:0CB3AC00014AA354FBE7C0462D0300003B
:10B3B800F8B51D00036804005B6F0F00160098477E
:10B3C800C3239B00E35C012B04D00B4A0B490C48B8
:10B3D80001F0E2FCC4239B00E7540433E650094A19
:10B3E8000433E5500C33E25000220433E250236862
:10B3F80020009B6F9847F8BDBA020000C98501106C
:08B40800F386011055BD001090
:10B41000036870B5DB6F04009847BF239B00E35AB5
:10B42000002B34D0BD229200A55C1432A25C012D09
:10B4300025D1012A06D0BB239B00E0580368DB6CB2
:10B44000984770BDC1229200A158994200D9A350DB
:10B45000C1229200A0581F4E012D28D1834208D945
:10B46000C8239B00E158F5F78FF8002901D11A4B4A
:10B47000E55402232000A355FFF708FEE1E7002A68
:10B48000D9D1C1229200A2589A42E1D0D3E7BB237E
:10B49000C1229B009200E058A15803680029CED138
:10B4A00003250C4A9B6CA5540A009847C9E7012361
:10B4B000C822A355BB239200A2589B00E3588242A6
:10B4C00000D90200196818000D6CC021890061586C
:0CB4D000A847B6E70B03000009030000CA
:10B4DC00036810B5DB6F040098470022024BE2545E
:10B4EC00024B0332E25410BD2D0300000B0300008D
:10B4FC00036810B5DB6F04009847C423C3220021F6
:10B50C0092009B00E35CA154134AA15C002903D078
:10B51C002000FFF7DDFF10BD002B06D1BB239B00E5
:10B52C00E0580368DB6C9847F5E70C4BE25C012AAA
:10B53C0008D10232E2541F3BE05803689B6C0A00AE
:10B54C009847E8E7022AE6D10132E254BB239B007C
:10B55C00E05803681B6CF2E72D0300000B0300009E
:10B56C00036810B5DB6F04009847CB2300229B00C7
:10B57C00E254203BE35C934203D12000FFF7A8FF89
:10B58C0010BD0122014BE254FAE7C0462D03000026
:10B59C00036810B5DB6F04009847C423C322002155
:10B5AC0092009B00E35CA1540E4AA25C8A4203D039
:10B5BC002000FFF78DFF10BD002B0BD00A4B200095
:10B5CC00E25A0A4BE252363BE25A3833E254FFF766
:10B5DC0019FFF0E7BB239B00E0580368DB6C98472E
:10B5EC00E9E7C0462D030000FA0200002E0300001C
:10B5FC0070B5BC2504000368AD005B6F9847635DB4
:10B60C00002B10D1BB26B600A059210003689B6803
:10B61C009847A059402103689B6B9847C8239B000F
:10B62C00E05001236355236820009B6F984770BD41
:10B63C00036870B55B6F05009847C7239B00EC5CF3
:10B64C002B68E4B228009B6F043C98476042604131
:04B65C00C0B270BD4B
:10B6600070B5040003680B4D5B6F98472000FFF72F
:10B67000C5FF635D002B07D1BB239B00E058036827
:10B680005B69984701236355236820009B6F9847A7
:08B6900070BDC046F10200008C
:10B69800BB239B0010B5C05803685B6B984710BD6F
:10B6A80070B50D00036804005B6F98472B0708D13D
:10B6B800C8239B00E558236820009B6F9847280003
:10B6C80070BD1E2369001940ED0929430239063B64
:08B6D800594361188D8DEEE766
:10B6E000F7B50E00036804005B6F984737008F239F
:10B6F0009F4301D1330706D1002217491300174891
:10B70000009201F069FD1E2375001D40F3091D43E1
:10B710001823023D5D4365192B0030331B78DB078E
:10B7200009D42000FFF78AFF002810D00C4A0D49E9
:10B730000D4801F035FB31352B78002B07D0BB23AA
:10B740009B00E05831000368DB6E98472F70236838
:10B7500020009B6F9847F7BD0B86011004011580F0
:0CB760008C050000C9850110168701103F
:10B76C0073B50D00036804005B6F98478F232A00A4
:10B77C009A4301D12B0706D100221A4913001A480B
:10B78C00009201F023FD1E236E001E40EB091E43A8
:10B79C001823023E5E43A619320030321178CB07D3
:10B7AC0009D42000FFF744FF002816D00F4A104997
:10B7BC00104801F0EFFA02230B431370BB239B00DC
:10B7CC00E0582900036831369B6D98473378002B7D
:10B7DC0003D029002000FFF77DFF236820009B6F1A
:10B7EC00984773BD0B86011004011580CC04000032
:08B7FC00C98501101687011038
:10B80400036810B5DB6F04009847C7239B00E35C13
:10B81400042B04D000200E4BE35A834217D10D4B66
:10B824000020E35C022B12D1094BE15A8F230A005A
:10B834009A4382420BD10B0709D0BE239B00E35AE3
:10B84400834204D12000C9B2FFF78EFF012010BD4E
:08B85400FA020000F6020000F8
:10B85C0073B50D00036804005B6F98478F232A00B3
:10B86C009A4301D12B0706D100221D4913001D4814
:10B87C00009201F0ABFC1E266B003340EE091E4318
:10B88C001823023E7343E3181A0030321278D207A1
:10B89C0009D42000FFF7CCFE00281BD0124A134914
:10B8AC00134801F077FA31331B78002B03D02900B1
:10B8BC002000FFF70FFF182302217343E3183033E6
:10B8CC001A788A431A70BB239B00E058290003683E
:10B8DC00DB6D9847236820009B6F984773BDC0466B
:10B8EC000B86011004011580F1040000C9850110BC
:04B8FC00168701109A
:10B90000036810B5DB6F04009847C7239B00E35C16
:10B91000042B04D000200E4BE35A834217D10D4B69
:10B920000020E35C022B12D1094BE15A8F230A005D
:10B930009A4382420BD10B0709D0BE239B00E35AE6
:10B94000834204D12000C9B2FFF788FF012010BD57
:08B95000FA020000F6020000FB
:10B95800F0B50F001E00036885B05B6F0392050009
:10B968003C0098478F239C4301D13B0706D1002216
:10B97800130020492048009201F02AFC1E237A0077
:10B988001A40FB0913431822023B5A43AA18130012
:10B9980030331B78DB0709D42800FFF74BFE041E61
:10B9A80012D0164A1649174801F0F6F9938DB3429A
:10B9B80005D923002200144914480094DCE73132E9
:10B9C80016001278002A06D02B6828009B6F98472B
:10B9D800200005B0F0BDBB229200A85839000268CB
:10B9E800146E039AA047041EEED0337801333370E7
:10B9F800EAE7C0460B86011004011580AF05000078
:10BA0800C9850110168701102487011005011580CA
:10BA180037B50D00036804005B6F98478F232A0031
:10BA28009A4301D12B0706D1002215491300154866
:10BA3800009201F0CDFB1E226B001340EA091A4365
:10BA48001823023A5343E31830331B78DB0709D431
:10BA58002000FFF7EFFD051E0CD00B4A0B490C48E0
:10BA680001F09AF9BB239B00E058290003685B6E3C
:10BA780098470500236820009B6F984728003EBD23
:10BA88000B86011004011580E9050000C985011025
:04BA980016870110FC
:10BA9C00F0B50F0087B00393036805925B6F050048
:10BAAC003C0098478F239C4301D13B0706D10022D1
:10BABC00130024492448009201F088FB1E237E00C9
:10BACC001E40FB091E431823023E5E43AE19330091
:10BADC0030331B78DB0709D42800FFF7A9FD041EBF
:10BAEC0014D01A4A1A491B4801F054F9B38D039A21
:10BAFC00934205D223002200174918480094DBE733
:10BB0C003300313304931B78002B06D02B682800AC
:10BB1C009B6F9847200007B0F0BDBB239B00E858F3
:10BB2C0039000368059A9C6E039BA047041E07D03E
:10BB3C00039B049AF385049B1B7801331370E5E790
:10BB4C00F085E3E775870110040115800A060000F3
:10BB5C00C985011016870110938701100501158006
:10BB6C0037B50D00036804005B6F98478F232A00DC
:10BB7C009A4301D12B0706D1002212491300124817
:10BB8C00009201F023FB1E216B000B40ED091D43BD
:10BB9C00023D06394D4365192B0030331B78DB070A
:10BBAC0009D42000FFF744FD051E05D0074A0849BB
:10BBBC00084801F0EFF8ED8D236820009B6F984743
:10BBCC0028003EBD0B8601100401158049060000BB
:08BBDC00C98501101687011054
:10BBE400036870B5DB6F04000E009847C721890015
:10BBF400625C6654D3B2B24226D00025032B03D92B
:10BC04000322B2426D41EDB2012B04D9012E02D8B8
:10BC1400002D11D002E0002D11D00025B422200007
:10BC2400920000211C3005F03FFF0023074AA35473
:10BC3400074AA3549D4202D02000FFF795FC2368D5
:10BC4400310020001B6E984770BDC0461D030000E4
:04BC5400F2020000F8
:10BC5800036870B5DB6F04009847BB23BE259B00C3
:10BC6800E058AD000368615DDB6A9847635B0221B9
:10BC7800002B00D003212000FFF7B0FF012070BD8A
:10BC8800036810B5DB6F04009847BE239B00E15C96
:10BC98000C4BE15400290AD1313BE05803681B6A78
:10BCA800984703212000FFF799FF012010BD0122CA
:10BCB800054B2000E2541A330232E2542368DB6E4B
:0CBCC8009847F2E71D030000F2020000A4
:10BCD400036810B50400DB6F984700201A4BE35C3F
:10BCE40083420ED1194BE05C0B282BD8F4F7BAFB36
:10BCF400060A2A0E2A12162A1A1E22262000FFF7E6
:10BD0400C1FA10BD2000FFF7F9FDFAE72000FFF7A4
:10BD140077FDF6E72000FFF79DFFF2E72000FFF72D
:10BD24004FF8EEE72000FFF741FAEAE72000FFF7BB
:10BD3400A9FFE6E72000FFF74BFAE2E72000FFF750
:10BD440065FADEE70020DCE7F5020000F7020000F8
:10BD5400036870B5DB6F04009847C5229200A158B0
:10BD6400C4230432C325A05800229B00AD00E35C29
:10BD740062551B4AA25C002A10D0012B0AD8022368
:10BD84006355BD239B00E1182368012220009B6EAC
:10BD9400984770BD2000FFF79FFBFAE7042B12D1F0
:10BDA4002000FFF795FF002806D1BB239B00E05835
:10BDB4000368DB6C9847ECE7635D002BE9D1200056
:10BDC400FFF724FBE5E7032BEFD00125054AA55433
:10BDD400063AA050043AA1500832A354EFE7C046F3
:08BDE4002D0300000A0300001A
:10BDEC0010B504000368DB6F984702212000FFF7B1
:10BDFC00F3FE0022044B2000E254FFF7B1FB236852
:0CBE0C002000DB6D984710BD1E030000F5
:10BE180070B504000368104D5B6F9847635D002B95
:10BE280007D0BB239B00E05803689B699847002311
:10BE38006355C7239B00E35C012B03D90121200034
:10BE4800FFF7CCFE0023054A2000A354044AA3545C
:10BE580023689B6F984770BDF10200001D03000026
:04BE68001E030000B5
:10BE6C0070B5BC2504000368AD005B6F9847635D3B
:10BE7C00002B0AD02000FFF7C9FFBB239B00E05822
:10BE8C000368DB68984700236355236820009B6F89
:04BE9C00984770BD96
:10BEA000036870B5DB6F0D0004009847002D08D1C2
:10BEB000C7239B00E35C002B03D029002000FFF781
:04BEC00091FE70BDC2
:10BEC400F8B503680400DB6F9847C4231A4E9B003F
:10BED400E75CA35D002B01D1002F0FD12000FFF7F9
:10BEE400ABFB051E0AD10100B422200092001C30D5
:10BEF40005F0DAFD114BE554114BE554C323002240
:10BF04009B00E254A35D934203D02000FFF7E4FAC0
:10BF1400F8BDBB239B00E0580368002F09D0DB6900
:10BF2400984720000421FFF75BFE2000FFF76EFA1C
:10BF3400EEE7DB6C9847EBE72D0300001D030000E0
:04BF4400F202000005
:10BF4800F0B50D0089B00693036817005B6F040015
:10BF580098478F232A009A4301D12B0706D1002244
:10BF68002A4913002A48009201F032F9294BE65C6D
:10BF7800002E06D1236820009B6F9847300009B037
:10BF8800F0BD1E2368001840EB091843030018226F
:10BF9800023B5343E3180393303304931B78173A57
:10BFA8001A40079201220590134205D08E221A49A1
:10BFB8001A48D20000F0F0FE8023DB009F4203D92C
:10BFC800174A15491748F5E7BB239B00E0583A0084
:10BFD800036829001E6D069BB047061ECAD01823A9
:10BFE80005980E990138584304302018FAF77CFE5A
:10BFF8000122049B1B781343049A1370039B079A2E
:10C0080031331A70039B9F85B4E7C0460B86011035
:10C0180004011580F2020000C9850110B4870110DF
:08C0280071040000D68701102D
:10C03000F0B5060085B002930AAB1B881C3603934B
:10C04000214B04000360BB2335009B00009101924B
:10C05000C71828001835F7F7E5FFAF42F9D1B42229
:10C06000019B0021A380029B3000E380039B920090
:10C07000238105F01BFDBD239B00E0182822002131
:10C0800005F014FDC322002300999200A354203A26
:10C09000A150012120000432A3520C4AA354423281
:10C0A000A350143AA3500432A3500432A3500432D4
:10C0B000A3500432A354143AA154054AA354054A88
:10C0C000A35405B0F0BDC04604880110F202000080
:08C0D0001D0300001E03000027
:10C0D8000E4B70B50360BC239B00C35C0400002BAF
:10C0E80004D00B4A0B490C4800F056FEFFF7BAFE85
:10C0F800BB2326009B00E5181C36B54204D0183D2A
:10C108002800F7F792FFF8E7200070BD04880110B7
:0CC1180062050000C9850110EE870110CF
:10C1240070B50D0003680400DB6F98478F232A0065
:10C134009A4301D12B0701D1FEF736FE1E231820A6
:10C1440069001940ED0929438B1E4343E318313339
:10C154001A78002A0DD0013941430431013A641898
:10C1640020001A70FAF7CFFD002802D02000FDF756
:04C1740047FC70BD57
:10C1780070B50D0003680400DB6F98478F232A0011
:10C188009A4301D12B0701D1FEF70CFE1E2318207C
:10C1980069001940ED0929438B1E4343E3183133E5
:10C1A8001A78002A0DD0013941430431013A641844
:10C1B80020001A70FAF7A5FD002802D02000FDF72C
:04C1C8001DFC70BD2D
:10C1CC00EFF3108172B6054B1A78002A05D10132B3
:10C1DC001000884302491A7008707047EF2A00203B
:04C1EC00E92A00201C
:10C1F00010B5EFF310820123934304D03622064991
:10C20000064800F0CDFD064A1370064B1B78002B44
:10C2100000D062B610BDC046E98801100589011042
:08C22000EF2A0020E92A0020AA
:0CC22800014B18787047C046EF2A002038
:10C2340070B50D000400160002F0DBF96B1C07D08A
:10C244000021200002F0F8F93100200002F0DAF9B0
:02C2540070BDBB
:0AC2560010B50022FFF7EBFF10BD4A
:10C2600070B50D000400160002F0C5F96B1C0BD070
:10C270003100200002F0AAF90121200002F0DEF9CD
:0AC280000021200002F0C0F970BD9B
:0AC28A0010B50022FFF7E7FF10BD1A
:10C2940070B504000D001E00002A09D11A00FFF732
:10C2A400C7FF6B1C03D02000049902F08DF970BD08
:10C2B40002F09FF96B1CFAD02000049902F084F973
:10C2C4002000012102F0B8F93100200002F09AF9AF
:02C2D400EDE794
:10C2D60003000022885E421C02D0984201D14868C1
:06C2E60070470C31F5E782
:10C2EC0013B50400431C0AD0FFF7EFFF431C06D123
:10C2FC000023220002490348009300F067FF16BD9B
:08C30C001F89011030010180BE
:10C3140003000022885E421C02D0984201D1886842
:06C3240070470C31F5E743
:10C32C0013B50400431C0AD0FFF7EEFF431C06D1E3
:10C33C000023220002490348009300F047FF16BD7A
:08C34C003F890110300101805E
:10C35400F7B54668330032331C78002C32D10368B9
:10C364005B6898470300306A98422BD03269181AE8
:10C37400104033223362B256002A24DB2100F4F742
:10C38400FDF93427F75704000D00002F14D00021C5
:10C39400706A24184D41009401958F421ADB3A00CB
:10C3A40020002900F4F7DEF93A0004000D00F4F748
:10C3B400E5F9009B181A7062B26AF36AA4185D4129
:10C3C400B462F562F7BD020023002100B068F4F7FF
:10C3D400BBFAD6E7F7680B00009801993A00F4F726
:10C3E40093FA4743009B0400DF1B0D007762E3E7E9
:10C3F4000300824206D901208A4202D99942894126
:10C404004842704700208B42FBD991424041F8E7F3
:10C41400F0B546683B4B326B040085B01A4266D1D6
:10C42400FFF796FF7368002B63D018685968F36AA6
:10C434008B4207D302D1B36A834203D323685B6977
:10C44400984754E06568AA6AEB6A801A9941EB69D7
:10C454006F698B4224D302D1AB69834220D3342247
:10C46400AA56002A29DBF4F789F92B0033331B7809
:10C474005BB29C46002B10D0AB680393039B013B3B
:10C48400009300230193009A019B8018594163464D
:10C49400002B19DB6246F4F765F9874200D90700DF
:10C4A4002B6AFF182B691F40336ABB4211D1CA2281
:10C4B40015491648FF3200F071FC02000B00E868D1
:10C4C4000021F4F741FAD0E7039A019BF4F71CFA30
:10C4D400E3E7236838001B69984723685B6898473B
:10C4E4003A000100306AFFF783FF0028A6D105B0A7
:10C4F400F0BD336A726930699B18184023681B6960
:10C504009847F4E700FFFF00728901108489011045
:10C514004368F0B51A0030321278040085B0002A5E
:10C5240000D080E032331B78002B7CD103681B6879
:10C5340098472368DB69984706680390002E06D164
:10C54400330032003A493B48009600F043FE300085
:10C5540039490F00F4F716F838000029F9D13900E9
:10C564003548F3F789FF1F23012265680290A8600C
:10C57400013B04D31100029899408842F8D12A0063
:10C584003332137039003000F3F776FF1F230200B3
:10C594000121E86008009840824201D0013BF9D2B1
:10C5A400290034310B70039B5868011F1C2905D9DD
:10C5B40000222249130022480092C6E701232028C2
:10C5C40033D08340013B07200027884016002B61AD
:10C5D400029A3B006861C117F4F7B6F902000B0038
:10C5E40001204042C1178019794180185941320015
:10C5F4003B00F4F789F92368A861E9615B682F605F
:10C604006F609847002128620122002063689862C5
:10C61400D9625F621A86323320001F70FFF798FEDA
:10C624002000FFF7F5FE05B0F0BD5B42CBE7C04646
:10C63400A88901100E01048040420F00C189011035
:04C644000501048068
:10C6480070B5050000F056FC2B686C68DB689847ED
:10C65800230032331B78002B02D000F061FC70BD40
:10C6680026000123313633706368002B16D028006A
:10C67800FFF76CFE6368E26A596891420ED803D1ED
:10C688001A68A16A8A4209D86A68DB6852686360D6
:10C698002368002BE8D090689847E5E70023280036
:08C6A8003370FFF7B3FED8E781
:10C6B00070B50400FFF72EFF00F020FC2000FFF70C
:10C6C00049FE63689C6ADD6A00F02EFC29002000A8
:02C6D00070BD3B
:08C6D20010B5FFF7ECFF10BDED
:10C6DC0010B50022024B1A7003F053FD10BDC0467A
:04C6EC0040AB00203F
:10C6F00010B503F003FD0122014B1A7010BDC046B6
:04C7000040AB00202A
:08C7040000487047008A011093
:10C70C00034B10B51B68002B01D00248984710BD95
:08C71C00F8040020008A01105E
:10C7240010B50C23CA5E0423C95E03F0B1FA10BD30
:0CC7340010B5040000F0E0FB200010BD78
:0CC7400010B5040000F0F0FB200010BD5C
:04C74C00007B7047B7
:10C750000F4B70B50833036000230E4E43608160B9
:10C760000273040030000D00FDF756F901F062FA83
:10C77000002D0AD0084B1A681C6062603000FDF77B
:10C780004BF901F073FA200070BD6560F6E7C04612
:0CC79000348A0110581E0020541E0020A6
:10C79C0070B50400154B164D083303602800FDF7E7
:10C7AC0035F901F041FAA368002B05D011496268F4
:10C7BC000B68A34213D10A600F4B1A68A24201D135
:10C7CC0000221A602800FDF721F901F049FA237BB9
:10C7DC00002B02D1201F01F071F8200070BD190050
:10C7EC005B68A342FBD14A60E6E7C046348A01107D
:0CC7FC00581E0020541E0020801E00204B
:10C8080010B50400FFF7C6FF2000102101F042F820
:04C81800200010BD2F
:10C81C00F7B51A4E019030000D00FDF7F7F801F056
:10C82C0003FA174B1C68002C16D0A768002F11D0E8
:10C83C00380005F035FCA8420CD12A0038000199CB
:10C84C0005F076F8002805D13000FDF7DFF801F08F
:10C85C0007FA11E06468E6E7072DF5D12A00019983
:10C86C00084805F065F80028EED13000FDF7CEF849
:10C87C0001F0F6F9044B1C682000FEBD581E002088
:0CC88C00541E00202C8A0110801E002089
:04C8980000207047C5
:10C89C00036870B5012200211B6904009847051E2E
:10C8AC000DDB2368022200211B692000984706003B
:10C8BC0023682900002220001B69984735002800B6
:02C8CC0070BD3D
:10C8D00070B50E0000250400104905604560300069
:10C8E00005F016FC29003018206023681A782F2ADA
:10C8F00008D10133236000290AD12A2208490948B6
:10C9000000F04EFA002AF6D0013301312360ECE743
:10C91000FFF784FF6060200070BDC046948A01105C
:08C92000B08A0110BD8A01106C
:04C9280000687047EC
:10C92C00436810B5181E05D0FFF70AFF01384342C3
:06C93C005841C0B210BD1D
:10C9420010B50400FFF7F1FF0023984203D063689B
:0AC95200002B00D0043B180010BDBC
:10C95C00436810B5181E04D0FFF7F2FE434258414D
:04C96C00C0B210BD88
:10C9700010B50400FFF7F2FF0023984203D063686C
:0AC98000002B00D0043B180010BD8E
:0AC98A004068431E9841C0B2704798
:04C9940000207047C8
:10C99800F8B50E00036804001B6D8D189847330026
:10C9A80022689D4207D019785F1C2000936C984735
:10C9B800431C06D13D00236820005B6D9847A81BE7
:06C9C800F8BD3B00ECE7A6
:10C9CE00F8B50E00036804001B6D8F1835009847EC
:10C9DE002368AF4207D0DB6C20009847431C02D07F
:10C9EE0028700135F4E7236820005B6D9847A81B7B
:02C9FE00F8BD82
:04CA0000002070475B
:04CA04000020704757
:02CA0800704775
:10CA0C0013B504000F4B002208C0FFF79BFE0E4B22
:10CA1C0020001A0068336360002308320B4922603F
:10CA2C00636100F0A9FF6061002806D103000200D9
:10CA3C0000900749074800F0C9FB00F0DEFC20001D
:10CA4C0016BDC0464C8A01103C8B0110C68A0110E1
:08CA5C00C98A011019010180D3
:10CA6400094B10B51A0004000832683302604360B1
:10CA7400406903F0B7FC054B201D2360044B636041
:10CA8400FFF78AFE200010BD3C8B0110E48A0110E0
:04CA9400348B0110CE
:10CA980030B5002585B01A4CAB002900E25819487A
:10CAA800013500F00DFA0D2DF5D1A36C164802934F
:10CAB800636C0193236C0093E36BA26B616B00F0D2
:10CAC800FFF9124B1248196800F0FAF9E36C1B07DA
:10CAD80012D5104800F0F4F9236D0F48DB0700D495
:10CAE8000E4800F0EDF9E36C0D485B0700D40D48E3
:10CAF80000F0E6F905B030BD0B4800F0E1F9EFE7CA
:10CB080044AB0020AC8B0110BA8B011000ED00E0A3
:10CB1800098C0110178C0110268C0110338C011020
:0CCB2800568C0110628C0110468C01102C
:10CB3400F7B51B4F05000E003800012100F046F93F
:10CB44000024A04216D1174800F0BCF9302D18D0AB
:10CB5400402D1BD0202D1ED1134800F0B3F9134CE7
:10CB6400134800F0AFF9FFF795FF124800F0AAF957
:10CB740000233B700023320020000F49009300F093
:10CB840029FB0E4800F09EF90D4CE9E70D4800F032
:10CB940099F90D4CE4E70D4800F094F90C4CDFE7EB
:10CBA40098AB00206E8C0110978C01103E01FF8021
:10CBB400C48C0110CF8C0110EE8C0110A68C0110D6
:10CBC4003F01FF80AF8C01104001FF80BA8C01103F
:04CBD4003D01FF80A0
:10CBD800F7B50C007746160000F06CFB0194002CAA
:10CBE80003D02300083B1B6801930025AE420FD0F9
:10CBF800300004F08BFB051E0AD0019AB24200D91E
:10CC080032002100280004F0BBFE200004F088FB5D
:10CC18003B0032002100280000F008FB00F05AFB1E
:04CC28002800FEBD25
:10CC2C00F7B516007746019100F042FB019D754364
:10CC3C00280004F069FB041E03D02A00002104F034
:10CC4C002FFF3B0032000199200000F005FB00F0A3
:06CC5C003FFB2000FEBDBD
:10CC6400F7B50D000192060000F026FB204F3800B6
:10CC7400FCF7D0FE00F0DCFF2B001E4C093332D849
:10CC840029003000083104F057FB00282BD006009F
:10CC9400A268194B521905604360A2602269236897
:10CCA400013222616268EB1808362360934200D98E
:10CCB400636004380368002B00DAC018012203689B
:10CCC4009343A269521B9B18A3613800FCF7A2FE90
:10CCD40000F0CAFF29003000019A00F095FA00F034
:10CCE400FBFA3000FEBD6369002601336361ECE7A3
:0CCCF400B41D0020441D0020EFBEADDE8A
:0ACD000010B57246FFF7AEFF10BD3C
:10CD0C00F7B50C000500160000F0D2FA1B4F3800E6
:10CD1C00FCF77CFE00F088FF002C21D021000839A4
:10CD2C00174B4A689A4227D123000C3B18680A68B3
:10CD3C00002800DA1B1818680123984300234B6065
:10CD4C00104B01901868801A186018690138186126
:10CD5C00986912180198121A9A61280003F0BEFD06
:10CD6C003800FCF753FE00F07BFF3100200000F090
:10CD7C008BFA00F0ADFAF7BD2100EEE7B41D0020F0
:08CD8C00EFBEADDE441D0020E6
:0ACD940010B57246FFF7B8FF10BD9E
:10CDA00007B50B00009201000022014800F014FAC0
:04CDB0004401FF80BB
:10CDB40070B5050000F0A0F82C780123E4B2601EE1
:0CCDC40084412B7000F0AEF8E0B270BDAE
:10CDD00070B504000E0000F091F825782670EDB2D1
:08CDE00000F0A2F8280070BD6C
:10CDE80037B500F087F8192101A8FFF74AFA01259D
:10CDF8000424290001A801F0E5FB104800F094FE86
:10CE0800002101A801F0DEFB013C0C4800F08CFE7B
:10CE1800002CEED10434290001A801F0D3FB084806
:10CE280000F082FE002101A801F0CCFB013C04487F
:10CE380000F07AFE002CEED1DAE7C046F049020095
:04CE4800801A060046
:10CE4C0037B5002201000400022000F083FB0D2501
:10CE5C0000F04EF800222378002B02D100F05EF88F
:10CE6C0037BD0A2B08D10D2A06D06B460122D91DDD
:10CE7C0002200D7000F06EFB01222100022000F058
:08CE8C0069FB22780134E6E79E
:10CE940010B5A2B002000B0001A8842107F0F4FF32
:10CEA4000400832805D9832005220549684404F039
:10CEB40069FD002C02DD01A8FFF7C6FF22B010BDFA
:04CEC400FE8C0110CF
:10CEC8000FB407B504A901C90191FFF7DFFF03B04B
:06CED80008BC04B018477D
:0ACEDE00EFF3108301209843704722
:0CCEE800EFF30580431E9841C0B2704774
:08CEF40010B5FFF797F910BD1E
:10CEFC0010B5FFF765F9064A1368591C04D13F2297
:10CF0C0004490548FFF746FF0133136010BDC046C6
:0CCF1C00442700201D8D01102D8D0110F8
:10CF2800054A10B51368002B05D0013B1360002B90
:0CCF380001D1FFF759F910BD442700207B
:10CF440010B50C48FFF734FF002805D0FFF7D4FFD5
:10CF5400BFF34F8F20BFFDE7FFF7C4FF002801D0C8
:10CF6400FFF740FFFFF7B9FF0028F9D0012000F0D8
:08CF740043FAC046EB2A00203D
:10CF7C00F0B54A4C0E0021689BB04B00070005929F
:10CF8C009B0F8DB2032B00D14D420B1444482A0049
:10CF9C00DBB2FFF793FF28003238FF3813280FD885
:10CFAC00F3F75CFA0A6366696C726F750E0E0E0EFF
:10CFBC000E0E0E0E0E0E0E78A1683A48FFF77EFF8D
:10CFCC003800FFF73DFF61683748FFF777FF002E09
:10CFDC0009D03648FFF734FF3000FFF731FF0599D1
:10CFEC003348FFF76BFFA1683248FFF767FF2368F0
:10CFFC00314A9A18012A06D9304A934203D0304A52
:10D00C000020934207D10020A368834203D0DB6C3D
:10D01C000130DB089843E3682A49002B03D0596898
:10D02C00002900D12749284A002800D1274AE06965
:10D03C0006AD0390A0690290606901902069009090
:10D04C002348FFF73BFF280000F044FDEB68069AED
:10D05C0001932B7A1F4800936B682168FFF72EFF12
:10D06C001D48FFF72BFF1BB0F0BDA1681B48A5E7BF
:10D07C00A1681B48A2E7A1681A489FE7A1681A4853
:10D08C009CE7A168194899E7A168194896E7A16837
:10D09C00184893E71848FFF711FF91E70C28002078
:10D0AC00738D0110C48D01106C8E01107D8E0110DA
:10D0BC00858E0110898E0110C2FE007F4001FF8019
:10D0CC003D01FF805E8D0110688D0110898F01106C
:10D0DC009D8E0110F68E0110708F0110DA8D0110EB
:10D0EC00EA8D0110F98D01100C8E0110208E0110AB
:0CD0FC00348E0110438E0110598E01107B
:02D1080070476E
:10D10C00F0B505000E0017008FB0002800DB224D93
:10D11C003022002102A804F0C3FC204B01ACEB1818
:10D12C000195A660012B05D91D4B9D4202D01D4BCC
:10D13C009D422AD1F36B6360736BE3611A4B5B699D
:10D14C00DA6BE36022615A6B1B6B6261A361FFF7C0
:10D15C00CFFE164A136801331360012B04D134221D
:10D16C002100134804F00AFC124D3422210028003F
:10D17C0004F004FC104B28001B68002B08D09847C7
:10D18C00FFF7CCFE00200FB0F0BD6760E461D5E77F
:10D19C00FFF7B4FFF4E7C0460101FF80C2FE007F39
:10D1AC004001FF803D01FF8050040020C427002077
:0CD1BC00CC2700200C280020C8270020F1
:04D1C800002070478C
:0CD1CC00014B1878C0B2704798AB0020EF
:10D1D800F7B5050001910A480121774616001C00A1
:10D1E800FFF7F2FD002809D13A0031002800FFF7C7
:10D1F80089FF2100089A0198FFF7BCFEFFF79EFE01
:04D2080098AB0020BF
:10D20C000B00074970B50D680400002D06D00549C8
:10D21C000978012902D801000020A847200070BD20
:08D22C00601D0020E62A00202D
:10D2340037B5040010001A00074B1D68002D08D0F4
:10D24400064B1B78012B04D80B0000902100012011
:10D25400A84720003EBDC046601D0020E62A0020ED
:10D2640037B5040010001A00074B1D68002D08D0C4
:10D27400064B1B78012B04D80B00009021000220E0
:10D28400A84720003EBDC046601D0020E62A0020BD
:10D294000A00074910B50C680300002C06D00549A4
:10D2A4000978012902D800210320A04710BDC046F7
:08D2B400601D0020E62A0020A5
:10D2BC0010B50548FCF7AAFB00F0B6FC034A13783E
:10D2CC000133137010BDC046641D0020E62A0020F7
:10D2DC0010B5054A05481378013B1370FCF796FB13
:10D2EC0000F0BEFC10BDC046E62A0020641D0020E4
:02D2FC00704779
:02D2FE00704777
:06D300001D2040427047B1
:06D30600162040427047B2
:04D30C000120704745
:04D310000020704742
:02D31400704760
:10D31800044B10B51868002803D001214942FBF7D7
:08D32800A5FA10BD382B00200E
:10D33000034B10B51868002801D0FBF7B1FA10BDF7
:04D34000382B002066
:10D3440070B515000C008E18B44205D0217803483E
:10D3540002F0A6FD0134F7E7280070BD9CAB002065
:10D3640070B500248DB2CB0705D5084802F0A0FDA6
:10D37400441EA04104B21026354205D0034802F0F1
:10D384009DFD002800D03443200070BD9CAB0020DC
:10D39400002010B50C00824204D0034802F078FD4E
:0CD3A4002070012010BDC0469CAB002092
:10D3B000094B70B508330360084B04001B68150067
:10D3C000002B07D1064E3000FFF7ACF929003000E2
:10D3D00002F0C5FC200070BDA09001104C2A002076
:04D3E0009CAB0020E2
:04D3E400002070476E
:04D3E800002070476A
:0CD3EC0010B5002801D0FFF7F9FCFEE7A7
:04D3F8000120704759
:06D3FC0010B5FFF7F5FF7C
:04D40200012070474E
:0AD4060010B5002104F0DBFC10BD9E
:08D4100010B5FCF7CDF910BDC9
:08D4180010B5FCF7D3F910BDBB
:10D4200070B50400037803252B40012B07D0FFF7CC
:10D4300073FF22781540012D03D1FFF779FF0020FB
:10D440000BE0002D05D0D42204490548D200FFF797
:10D45000A7FC022313432370012070BDA48F011089
:04D46000B68F011072
:10D4640010B50378032219001140022904D0064A9A
:10D4740006490748FFF792FC9343012213430370C4
:10D48400FFF754FF10BDC046A9060000A48F011089
:04D49400D48F011020
:10D49800F8B5040000203F2C19DC174EA500A85948
:10D4A800431C14D1022C12DC2000FFF799FF00283E
:10D4B8000CD12000FFF792FF002807D10F4F3B78CF
:10D4C800BFF35B8F0E4CDB0702D520007051F8BD0F
:10D4D8003800FFF7A1FF0028F7D0E12209495202DE
:10D4E8002000FFF761FF3800FFF7B8FF2000064A69
:10D4F8000649FFF77DFFE8E7FC040020401D0020F7
:10D50800D4250020F09001104802002015D3001007
:10D5180070B50400FFF7BCFFA30000240B4A9C5021
:10D52800A04206D102F0EAFE09230360012040422E
:10D5380070BD03685B69984705002000002DF7DA85
:10D5480002F0DCFE6D420560F0E7C046FC040020F6
:08D5580010B5FFF7DDFF10BD67
:10D5600070B50C001500FFF797FF002807D102F0F7
:10D57000C9FE0923036001246442200070BD0368D2
:10D5800021002A00DB689847041EF6DA02F0BAFE92
:06D5900064420460EFE7B5
:10D5960070B50C001500FFF77CFF002807D102F0DC
:10D5A600AEFE0923036001246442200070BD0368B7
:10D5B60021002A009B689847041EF6DA02F09FFEB7
:06D5C60064420460EFE77F
:10D5CC0010B5FFF763FF041E05D102F095FE092389
:10D5DC000360200010BD0368DB699847041EF8DA6D
:0CD5EC0002F08AFE644204600024F2E7B2
:10D5F80030B585B0019009200C004023042202AD0B
:10D6080001A968442B7004F0BBF92100280003F03D
:10D618000BF9041E07D00198FFF7D4FF002802D0A9
:0CD628002000FFF7ECFE200005B030BD34
:10D63400F0B585B006000F000292FFF753FC051EFB
:10D6440006D0002332002C492C480093FFF7C2FD7A
:10D65400FFF743FC0028F4D0029B002B08DA02F009
:10D664004FFE1623036001246442200005B0F0BD80
:10D674003000FFF7A9FF041E2AD02C00204B9B5D2D
:10D684000393029BAB4223DD7B5D0A2B1CD1039BDE
:10D694000D2B19D0AC420CDA30002A1B3919FFF7D4
:10D6A4005DFF0028DFDB2418A542DEDC144B039A5F
:10D6B4009A55012230001349FFF750FF0028D2DBAE
:10D6C400D3D00D220E4B9A557B5D01350393D8E7D9
:10D6D400029BA342C9DD30001A1B3919FFF73EFF34
:10D6E4000028C0DB2418002CBFD03F19013F3A7832
:10D6F400034B9A55B9E7C0460B9001102F010180E6
:08D70400A62A00204590011047
:08D70C0010B5FFF75DFF10BD31
:10D714007FB504000D001600FFF7E4FB002806D0D7
:10D72400002322001E491F480093FFF753FDFFF713
:10D73400D4FB0028F4D0002E06DA02F0E1FD162313
:10D7440003600120404219E02000FFF73DFF00285C
:10D754001FD00F266E44012231002000FFF719FF6D
:10D764000028EEDB0AD033780F4A0D2B08D1115D67
:10D774000A290AD013550A2301202B7004B070BD66
:10D784000A2B04D1115D0D29F4D11355E1E713558A
:10D79400F2E7320029002000FFF7FBFEEEE7C04667
:0CD7A400479001102F010180662A002030
:10D7B00070B50C001500FFF76FFE002807D102F0CE
:10D7C000A1FD0923036001246442200070BD0368A9
:10D7D00021002A001B699847041EF6DA02F092FD28
:06D7E00064420460EFE763
:08D7E60010B5FFF7E2FF10BDD2
:10D7F00070B50D00FFF750FE041E06D102F082FD49
:10D80000092303600120404270BD0368DB6998472B
:10D81000431E9841802243420548120203409B1850
:10D820006B60236820009B6A984728610020EBE723
:04D8300000A0FFFF56
:08D8340010B5FFF7DBFF10BD8A
:10D83C0013B50400074B724621001868FFF70CFA69
:10D84C00002806D103000090220003490348FFF78B
:10D85C00BDFC16BD74060020839001101F010180D1
:10D86C0010B5034B010072461868FFF7F5F910BDAF
:04D87C00740600200E
:08D8800010B5FFF7F3FF10BD26
:10D8880010B5034B010072461868FFF73BFA10BD4C
:04D8980074060020F2
:10D89C0010B5034B010072461868FFF731FA10BD42
:04D8AC0074060020DE
:0ED8B00010B504000421FFF7F1FF200010BDA9
:08D8BE0010B5FFF7E2FF10BDF9
:10D8C80070B50C4D04002800FCF7A2F800F0AEF982
:10D8D80000231900084A1068A04200D111600133E2
:10D8E8000432402BF7D12800FCF792F800F0BAF97F
:0CD8F80070BDC0468C1D0020FC04002008
:10D9040070B50324114D2800FCF784F800F090F959
:10D914000F4BA200995800290ED00134402CF8D1A5
:10D9240002F0EEFC182303602800FCF773F800F003
:10D934009BF9413C200070BD012128004942D1508F
:10D94400FCF768F800F090F9F4E7C0468C1D00205D
:04D95400FC040020AF
:10D9580010B50400FFF7D2FF002807DB044A830054
:10D968009C500023034A1354034A135410BDC04665
:0CD97800FC040020662A0020A62A0020E3
:10D98400F8B506000F000025FFF7E4FF0400A842E5
:10D994000ADB3900FFF72EFE051E05D1064BA40055
:10D9A400E258964202D1E0502800F8BD02F0A8FCEB
:0CD9B40009230360F8E7C046FC040020D3
:10D9C0000EB4F0B586B00500FFF79CFF041E13DB14
:10D9D0000023290004A80393FEF77AFF04A8FEF7AA
:10D9E000D4FFA600051E1D4F0CD102F08BFC1323A3
:10D9F0000360BD5101246442200006B0F0BC08BCA5
:10DA000003B0184704A8FEF7A9FF0300009004A87C
:10DA1000002B0AD0FEF7ACFF0390039B104ABB51CA
:10DA2000002313550F4A1355E6E7FEF78AFF051E3C
:10DA3000DBD0036804A89B680193FEF775FF0B9B7E
:10DA4000020003A92800019DA847051EE5D002F0A9
:10DA500059FC009B6D420560BB51CBE7FC040020E4
:08DA6000662A0020A62A00201E
:10DA680073B50E0018490500F5F768FE041E03D1CA
:10DA7800FFF70EFD200076BD28001449F5F75EFE7D
:10DA8800002804D10130FFF703FD0124F2E7280044
:10DA98000F49F5F753FE002804D10230FFF7F8FCD0
:10DAA8000224E7E72B78402B06D10422691C01A841
:10DAB80003F066FF019CDDE7064928003140FFF7C7
:10DAC8007BFF0400D6E7C0461091011017910110A2
:08DAD80008910110FFFFFEFFA1
:10DAE00010B5041E04D190220C490D48FFF758F9D7
:10DAF0004C220021043003F0D9FF0A4B236080231D
:10DB00009B05236180235B052363074B1B686360D0
:10DB100002232372054BE36010BDC046399101100A
:10DB20004691011004F1000000ED00E05860010092
:10DB300070B50500FEF7E6FD0400FEF7CAFD06001D
:0EDB40002000FEF7C6FD801BA842F9D370BD81
:10DB50001FB500230193031D0293102304006846A0
:10DB600000910393F9F7A2FF2060002804D1352229
:10DB700002490348FFF714F91FBDC0466A9101101E
:04DB80007991011086
:10DB840010B504000249FFF7E1FF200010BDC046B4
:04DB94007D9101106E
:0ADB980010B50068F9F79CFF10BDFE
:0EDBA20010B504000068F9F7E6FF200010BD82
:10DBB00010B502AC2478002C01D102342243006855
:06DBC000F9F7B4FF10BDEF
:0EDBC60007B5009313000022FFF7EFFF0EBD1E
:08DBD40010B5FFF7F6FF10BDCC
:10DBDC001FB5002304000362994200D10B49231D99
:10DBEC0002931C2368460393113B00910193FAF7AF
:10DBFC0025FE2060002808D1FFF7E2FA002804D1A6
:10DC0C003D2203490348FFF7C5F81FBD9D91011044
:08DC1C00CD910110D791011018
:0EDC240010B504000021FFF7D7FF200010BD4F
:10DC340037B50121040049420068FAF719FE051EB0
:10DC440003D1236A0133236237BDFFF7BDFA031EF4
:10DC5400FAD12A00024903480093FFF7BBFAC046F1
:08DC6400FB9101101501028083
:10DC6C00036A13B5013B03620068FAF713FE041E46
:10DC7C0009D0FFF7A5FA031E05D100902200024936
:10DC8C000248FFF7A3FA13BD0D9201101701028091
:0EDC9C0010B504000068FAF713FE200010BD5A
:10DCAC007FB504000E00150000210822684603F021
:10DCBC00F7FE231D029310236A46310028000393BC
:10DCCC00FAF71AFF2060002804D1372202490348D2
:10DCDC00FFF760F87FBDC0463792011045920110E6
:10DCEC0010B50400024AFFF7DBFF200010BDC04650
:04DCFC00FFFF000026
:10DD000013B500680C00FAF713FF021E0ED00023B3
:10DD1000C11C07D19C420BD0009306490023064842
:10DD2000FFF75AFA1800911CF6D116BD0120FCE746
:0CDD30002000FAE7549201101401028058
:0ADD3C0010B50068FAF71CFF10BDD7
:0EDD460010B504000068FAF74AFF200010BD77
:10DD540010B5002808D0F9F75FFD002804D0E322AD
:10DD640002490348FFF71AF810BDC0468392011018
:04DD740017930110F0
:08DD780010B5FBF7D5FB10BD4F
:10DD8000F7B501930723089D04000F002E000092B1
:10DD90001D4201D09E4308362000442200217830E5
:10DDA00003F084FE6A426A412300002120003C33D4
:10DDB00061611C301A705970202203F077FE009BBD
:10DDC0002363019BED180723AD1B9D43099BE5626F
:10DDD000002B01D1034B0993099BA6626763A361E2
:08DDE000F7BDC04626930110B7
:10DDE80013B5049C0093019413000A000021FFF767
:04DDF800C3FF13BD95
:10DDFC0070B50500040054352800FFF715FF20000E
:10DE0C0040306669FFF794FF002363613D3423784B
:10DE1C00002B05D000242800FFF722FF200070BD46
:10DE2C0001232370002EF5D03000FBF78DFB04008E
:02DE3C00F1E70C
:10DE3E0070B50500040054352800FFF7F4FE636941
:10DE4E001C1E02D09C6B1B6BE41A2800FFF707FF09
:04DE5E00200070BD73
:10DE640010B504000E4B08330360FFF7C5FF230011
:10DE74003C331B78002B06D0A06A002801D0FFF7A2
:10DE84001CFD0023A36220005430FFF705FF20008F
:10DE94004030FFF756FF201DF6F7C9F8200010BDEB
:04DEA4004493011092
:10DEA80010B50400FFF7DAFF2000BC21FFF7F2FCF1
:04DEB800200010BD79
:10DEBC0070B505000400543528000E00FFF7B4FEC1
:10DECC006369002B04D123003D331B78002B05D054
:10DEDC002800FFF7C5FE0420404270BDA36A002B4A
:10DEEC000AD000232449E26A92089A4218D9A06AFF
:10DEFC009A0011500133F6E7E06A204B98420CD897
:10DF0C00032398431E49FFF7B5FCA0620028E8D113
:10DF1C002800FFF7A5FE0520DEE701204042F1E7CF
:10DF2C00442363622300783331002362201DF8F709
:10DF3C00D9FE2200210013481832FBF7C5FA6061A4
:10DF4C00002814D123003C331B78002B06D0A06A88
:10DF5C00002801D0FFF7ADFC0023A3622800FFF7D7
:10DF6C007FFE20004030FFF7E3FE0320B4E72800DB
:10DF7C00FFF776FE0020B0E7A52E5AE2FBFFFF7FED
:08DF8C0048A2011095DF00100E
:10DF940010B504000430FBF733FD20005430FFF7C4
:10DFA40047FE002363612300012220003D331A70E1
:08DFB4004030FFF7C1FE10BD73
:02DFBC007047AC
:04DFBE000120704787
:10DFC400054B064A1A608022054B5202DA6480220D
:10DFD4009205DA647047C046900011509314010012
:04DFE40000201150B8
:02DFE800704780
:10DFEC008022024B92021A607047C046902011505A
:10DFFC008022024B92021A607047C046903011503A
:04E00C008160704778
:10E010008022024B5201DA647047C0460020115042
:08E02000004870470898011048
:04E0280040207047DD
:10E02C00D03003790160591E8B4192055B03920D30
:10E03C001A438023DB001A43034BDA6703795A42F5
:0CE04C00534103717047C046080010509B
:10E058000322054B9A668022044B1201191D0833CE
:10E06800CA67DA677047C0460000115000001050B8
:10E07800F0B57F270F400400CE111648791EC9005D
:10E088000D18002E01D014480D18E8200001844610
:10E09800E16800205118614519D20C217943864264
:10E0A80016D01031002061180871E0680B4E9B06ED
:10E0B800861981308E60FF30094903430B432B607A
:10E0C8003F2301203F329A43E3689A18E260F0BD8B
:10E0D800D031E7E70C0010500800105080011050B4
:04E0E800000002A092
:02E0EC0070477B
:10E0F0007F231940044BC900C9188023CA6F1B0134
:0CE100001343CB677047C0460800105066
:10E10C007F231940034BC900C918CB6F024A134037
:0CE11C00CB67704708001050FFF7FFFFB2
:10E1280030B57F242140733C4C4300190400D0349F
:10E138002260D43002789B051400651EAC419B0D0B
:10E14800640323438024E4002343044CC9000919D1
:10E158004B6053425A410270012030BD800010507C
:10E16800C82110B504004900FFF794FB200010BD3A
:10E1780010B5054A0021054803F094FC8022044BA1
:10E188005202DA6410BDC046F80F000008001050B3
:04E1980000301150F2
:10E19C00080010B5082A00D90822024903F0EEFB4A
:08E1AC0010BDC0460000105038
:10E1B400094B10B5DA6F002413040AD50300D033D9
:10E1C40018689205940D002803D02200996803F082
:0CE1D400D9FB200010BDC0460800105010
:10E1E00070B504001500002902D0806903F0CCFB53
:10E1F000FFE7FFE7FFE7FFE7FFE7FFE7227D531EAB
:10E200009A41842352032A431B021A43034BDA67C1
:10E21000237D5A425341237570BDC04604001050FF
:10E220007F230D4A1940CB009B185B6810B5002472
:10E230001A040ED59C050C23594341180B00D0330A
:10E240001868A40D002804D0D8312200096803F012
:0CE250009BFB200010BDC0468000105059
:10E25C00F8B57F24060017001D000C40002A07D0DB
:10E26C000C236343C3182A003900986903F086FB1A
:10E27C00FFE7FFE7FFE7FFE7FFE7FFE70C2060435F
:10E28C003018027D10341300591E8B4184215B031E
:10E29C002B4309020B430449E400635053425A4197
:0CE2AC0002750120F8BDC04600001050B3
:10E2B800036810B59B6998472022034BDA67BFF3C0
:0CE2C8004F8FBFF36F8F10BD04E100E02A
:10E2D4002022074B10B5DA67BFF34F8FBFF36F8F60
:10E2E400044B1B6858680368DB6A984710BDC04636
:08E2F40004E100E0F01D002030
:10E2FC000023202210B58360134B41601860134B30
:10E30C00DA67BFF34F8FBFF36F8F8023104A5B0424
:10E31C001360104A10481360190082689143FBD1B6
:10E32C0080220E48520103F0BBFB09220C4B5A67AA
:10E33C0003329A670B3A1A640A4B0B4A9B685A656C
:10E34C0020220A4B1A6010BDF01D002004E100E0F1
:10E35C0000E0004000F0004000C000400000105001
:10E36C000000115000ED00E0D5E2001000E100E0EB
:10E37C00F0B5040085B080224A4E520133684A4DF4
:10E38C00134218D00026494A310049482E6003F048
:10E39C0087FB80231B03E6602B6501F06DFB606837
:10E3AC0003689B689847C0212022424B49005A5071
:10E3BC001A6005B0F0BD802233685202134210D0AF
:10E3CC00210001223C4BD4312275A3610A7022003A
:10E3DC006068D83213600368DB68984780239B021F
:10E3EC002B653368DB0621D433689B0353D4336825
:10E3FC001B0408D58022314B60685201DA64036833
:10E40C000021DB69984733685B0406D510236068EC
:10E41C002B6503680121DB6998471022336893430D
:10E42C00C1D03368029301230393A4E7AB6D01932E
:10E43C000123019A1A420AD06068AB6503685B69D4
:10E44C009847A368002B02D02B600023A360022303
:10E45C00019A1A4204D06068AB6503681B6998473F
:10E46C0002270123BB40019A1A420AD00E4A606867
:10E47C009365012203687910174206D05B6AC9B212
:10E48C0098470137202FECD1AEE78022524211433E
:10E49C009B6AC9B2F4E76068A96C03681B6A984769
:10E4AC00A5E7C0469800115000001150F80F00006D
:10E4BC000800105000E100E0000110500020115045
:10E4CC0070B50E4D01232A78BFF35B8F16000C4CF0
:10E4DC001E401A4210D12800FEF79CFF00280BD0DA
:10E4EC00084B2800083323606660FEF7B5FF200058
:10E4FC00054A0649FEF77AFF200070BD381D002042
:10E50C00B41E00208C97011048020020BDDF0010C3
:10E51C00F8B50C00164E050031002000FDF7E0FEAA
:10E52C00C0B2FF2804D10E2212491348FEF732FC68
:10E53C00124F3B78002B03D100F084F901233B7080
:10E54C0031002000FDF7E0FE1F212870200000F0B4
:10E55C0019FB00222000110000F034FB00212000E8
:10E56C0000F066FBF02C02D10222054B1A60F8BDBC
:10E57C00549301107F9801108E980110ED2A002001
:04E58C0000E0044067
:10E590000B4A037811681B034B40E021C9010B4073
:10E5A00008490B600421084B1960130080225200B7
:10E5B00019681142FCD05868000180B27047C0460B
:0CE5C00000C0044000D0044000E0044013
:10E5CC000023C25E01239340D0221206002901D001
:08E5DC00536170479361FCE7F5
:10E5E400D0231B060021425E5B680120D340184003
:02E5F40070476E
:10E5F60010B501804B1C02D0080000F02AFB10BDAC
:10E608000023C05E10B5431C04D1312207490848D5
:10E61800FEF7C2FB8A1E013953425A414B42594107
:10E62800D2B2C9B200F0D0FA10BDC046FC980110B1
:04E63800079901102D
:10E63C000023C25E10B5531C04D10A490A48393272
:10E64C00FEF7A8FB8170012904D1D02391401B0651
:10E65C00596210BD0029FCD101239340D02212062F
:0CE66C009362F6E7FC980110079901107A
:0CE678000023C05E0130431E9841704733
:10E68400F8B50C000700184920001500FDF72CFE12
:10E69400164906002800FDF727FEF6B2C0B28642EE
:10E6A40004D02C2212491348FEF778FB00262000E0
:10E6B4003E81BE720C49FDF737FE0F49386000F009
:10E6C400FBFB2000032100F061FA2800032100F085
:10E6D4005DFA32002000012100F078FA32002800AF
:10E6E400012100F073FAF8BD5C9401109C930110B1
:0CE6F400529901105C990110A0860100F1
:10E7000010B5437A0400002B03D1006800F06EFBC3
:04E71000606010BD78
:10E7140037B5069C491065426C4100940068C9B243
:0EE7240000F018FC002801DA012040423EBD42
:10E7320037B5002B00D10133069C491065426C416C
:10E7420000940068C9B200F0FAFB002801DA012047
:04E7520040423EBD46
:08E756004B1E9941417270470E
:10E75E000368196801234A6B5209100018401A42C7
:10E76E0006D10A6FD208100018401A4200D00320BA
:02E77E007047E2
:10E78000F8B5782406000F000368013254431A6874
:10E79000936F002BFCD00025013C002C01D12800F8
:10E7A000F8BD33681B689A6F002A02D01B697B553D
:0AE7B00001350120FFF7BCF9EEE788
:10E7BA00036810B51B688C18A14202D110001B6DAA
:10E7CA0010BD586F1028FCD0087801311861F3E7A2
:10E7DA0010B5437A002B06D05208D2B282720121B8
:08E7EA00006800F08CFB10BD7B
:10E7F40010B501F0B1F90122014B1A6010BDC046F9
:04E804007828002050
:10E80800024BC918890001607047C04640000034B7
:10E8180010B5040000F08AFE01002000FFF7F0FFA9
:0AE82800FF232371BFF35F8F10BDC3
:10E8320010B5040000F07DFE01002000FFF7E3FFA9
:0AE84200FF23A380BFF35F8F10BD1A
:02E84C00704713
:10E850000123084A08491360084A136018008A68AF
:10E860009043FBD1064A136080235B001168194274
:10E87000FCD0704700E0004000C0004000F00040C5
:04E8800000C0044090
:10E88400EFF3108072B6034A1368002BFCD0BFF379
:08E894005F8F70472C0100D0DA
:10E89C00BFF35F8F0022024B1A6080F31088704721
:04E8AC002C0100D06B
:10E8B0000722CB08C35C0120114088401840431E4A
:06E8C0009841C0B2704750
:10E8C600F8B505000C001700FFF7D9FF2100060078
:10E8D6002800FFF7EAFF002803D02100380001F0E6
:10E8E600A8F907210123E2080C40A340A95C3000E7
:0AE8F6000B43AB54FFF7CFFFF8BD52
:10E9000070B505000C00FFF7BDFF210006002800D0
:10E91000FFF7CEFF002805D13321084B084A0948EC
:10E9200001F004F907210122E0080C40A2402B5C11
:10E9300093432B543000FFF7B1FF70BD6F99011066
:08E94000EC9901108E99011001
:10E94800F0B585B01D000A9B0700009103929D4217
:10E9580005D22D21314B324A324801F0E3F80C241C
:10E968002B0E02932D02002328000A9A0299F1F730
:10E97800C9FF7C432C4B0600E4186368834200D22D
:10E9880060603B1FDBB20193C023019A9B012343C4
:10E99800012A34D8009A012A31D102321A60009B28
:10E9A800A2681A42FCD0039A236852015A40802177
:10E9B800E02349011A40019B21430A60012B0BD82F
:10E9C8002368009A5340032213400B600123009AE6
:10E9D8009340A2681342FCD0802380229B012343EA
:10E9E80012011A6028003200002302996660F1F7CC
:10E9F80089FF0E4BBF00D851012005B0F0BD802221
:10EA080012011A60094BBA00D1580029CBD05869B5
:10EA1800F1F730FD01300138FDD1C4E7FB99011051
:10EA28006C9A01100C9A0110008000401C270020ED
:10EA380073B50C2000F070FF01F030F800280AD000
:10EA480000232B4A2B489900013388500A2BFAD10E
:10EA5800294B536273BD294CA06700F065FF012262
:10EA6800274B1A60636C012BFCD10322254B1A60DB
:10EA7800A66B012EFCD10224310000940623224A01
:10EA8800224800F04FFC310000940523204A214819
:10EA980000F048FC204B214D210000930022042067
:10EAA800FFF74EFF2B003100002200950520FFF7ED
:10EAB80047FF00220F4C1100230000940720FFF7A6
:10EAC8003FFF00222300110000940820FFF738FFC1
:10EAD8000022094B1100009309202300FFF730FFA3
:10EAE80000222B00110000950620FFF729FFB1E74F
:10EAF8001C270020006CDC021BB7000000800040CF
:10EB08003CB0004030B00040002F685900800240FF
:10EB180000389C1C00C00240001BB7004059730716
:0CEB2800014B8000C05870471C270020E3
:10EB380030B5002489B009222100050001A80094FD
:10EB480002F0B0FF0922210005A8049402F0AAFFF0
:10EB58006A464B236846137004A90D2200F00CF88E
:10EB680004AB1B195B792B550134082CF8D109B07B
:10EB780030BD00000000000001B40248844601BC1A
:08EB8800604700BF25010020D9
:10EB9000084B8200D218402310B51468C0006340AF
:10EBA000C02423408024640122431360024BC01818
:0CEBB000416010BD04C001400040014065
:10EBBC00034BC000C0181F23406818407047C04664
:04EBCC0000400140C4
:10EBD000094B8000C0184B1E9941531E9A41C90031
:10EBE000036892001143594080230C225B011140BD
:0CEBF000184301607047C04604C001409B
:10EBFC00064BC000C018036809045940C0239B028F
:10EC0C00194080235B0118430160704704400140A8
:10EC1C00064BC000C018036809035940C0239B0170
:10EC2C00194080235B011843016070470440014088
:10EC3C00054B8000C01840228023002900D1C0233E
:0CEC4C009B0118430260704704C00140A7
:10EC58000123D022834010B51206936205219361E7
:06EC6800FFF792FF10BD52
:10EC6E00F0B5002487B0059201220600250003931B
:10EC7E000CAB1B780094019303680492DC66596018
:10EC8E00DA66039B9C4204DB2000019B337107B0C4
:10EC9E00F0BD0020039B013B0293844200D13079EA
:10ECAE00029B00218002A34202D10499019B59408C
:10ECBE002F000025059B32681B5D490203430B4361
:10ECCE0013610D9B002B04D00E9898470700054347
:10ECDE00EDB2002F1BD1102133685A6B0A42F0D0CF
:10ECEE001A1DD26F0092002A16D05B6D049D0D9BEB
:10ECFE00002B05D00E9898470543EDB2002822D17F
:10ED0E008021336889005A6B0A42F0D01B6E002DA9
:10ED1E0017D13D000134B4E7002DE8D1029BA34288
:10ED2E00F8D1019B002BF5D11D00E0E7009B002BD5
:10ED3E0004D0DB0702D4009B1B07A5D40224644237
:0AED4E00A2E7002FF2D00124F9E73C
:10ED5800F0B5002485B00292019301220AAB0600A7
:10ED68001F7803682000DC6603925960DA66019B0D
:10ED78009C4203DB2000377105B0F0BD019B32686F
:10ED88005D1E536F102BFCD000218C4200D13179CD
:10ED980000238902A54201D1039B7B405B020B4300
:10EDA800802149000B43136133681A1DD26F5D6DD2
:10EDB8006B1E9D410B9BEDB2002B03D00C9898471E
:10EDC8000543EDB2002D08D133689A6F002AEBD0C5
:10EDD8001B69029A13550134C9E7441EA041841ED9
:02EDE800C8E77A
:10EDEC00F0B585B0039005200C00FFF797FE0500E9
:10EDFC00600821004019F1F73BFB0327474306004D
:10EE0C0005213800F1F734FB331A019003200293EB
:10EE1C00214B68439C420FD82049F1F729FB431C36
:10EE2C000093019B009A023B934207D25F211C4B3B
:10EE3C001C4A1D4800F074FE1C49EEE7039B0120A0
:10EE4C001C680023E36622680433534006221340F7
:10EE5C008022520122431360029BE361019B2362D7
:10EE6C004F2F03D950213800F1F702FB2300A033B8
:10EE7C001860E06F009B2200434098B280237C32E4
:10EE8C005B0113431860012331002800E366F1F79E
:10EE9C00EFFA05B0F0BDC0463F420F0080969800D7
:10EEAC00899A0110019B0110A79A011040787D01ED
:10EEBC000E4A082370B5904200D0DB180C4A0D4C5A
:10EECC0013600D4A13601D00A26895432A1EFAD1E7
:10EEDC0066240368FF3405710332DD661C60DD6354
:10EEEC009D6388331A60FFF77BFF70BD000600201E
:0CEEFC0000E0004000C0004000F00040BA
:10EF08000368002030B5D86680204001094C1843BA
:10EF1800002909D080211D688900694021400160CD
:10EF28009A600122DA6630BD412219684A402240BF
:08EF38000260F6E7410200004F
:10EF400030B585B008AC2578002400950294019472
:08EF5000FFF78DFE05B030BD96
:10EF580030B585B008AC257800240095029401945A
:08EF6800FFF7F6FE05B030BD15
:10EF7000074B10309B688000C150BFF35F8FBFF319
:10EF80005F8F0021034B196082F310887047C046E1
:08EF900000ED00E0240100D0B7
:10EF9800038810B5DA0A1C2A05D09921044B054AC2
:10EFA800054800F0BFFD5B051B150433C01810BDF4
:0CEFB800129B0110669C0110279B0110A9
:10EFC4000439081A430810B5000B05D08B21044BF3
:10EFD400044A054800F0A8FD0448184380B210BD57
:10EFE400819B0110439C0110279B011000E0FFFF4F
:10EFF40001228240034B1B681340581E8341D8B240
:08F004007047C04600E100E086
:10F00C00002904D0034B1860034B18607047034B66
:10F01C00FBE7C04680E200E000E100E080E100E0B8
:0EF02C000123834010B51800FFF7EAFF10BD66
:10F03C00024B10309B688000C058704700ED00E018
:10F04C0070B504000D00EFF3108672B60C4A13680D
:10F05C00002BFCD0BFF35F8F2000FFF7E9FF094BBB
:10F06C00984207D0A84205D06E21074B074A0848A2
:10F07C0000F056FD320029002000FFF773FF70BD31
:10F08C00240100D0CD010010919B0110299C01108E
:04F09C00279B01109D
:10F0A000F0B5060085B00F00EFF31083029372B63F
:10F0B0004E4A1368002BFCD0BFF35F8F34004C4BDB
:10F0C00010349B68A200D3580193019A494B9A428D
:10F0D00067D0BA4200D181E0474D531B2F2B60D837
:10F0E0003000FFF787FF002103903000FFF79EFFFD
:10F0F000BFF35F8FF1F7ABF8002808D0844206D049
:10F100001E213E4B3E4AFF313E4800F00FFD0123D9
:10F110000C21019C3C4A9C4323005B1B5B415A43EE
:10F12000120D8C4600230625A1686557B9420ED101
:10F13000002D14DA002841D1002B3CD0FF21997119
:10F1400032499980324B19781A70A17125E0002D4F
:10F1500046DB63465D43284923004C19E3E70C2056
:10F160006843254F3B189A68A260DA79E27106225B
:10F170009A56A2719B797F2B1AD80430C019FFF7D9
:10F180000BFF0100201DFFF71DFF0C236B43FF1831
:10F190001F4BA0801A781D70BA7130000399FFF7D9
:10F1A00045FF3000029A0199FFF7E2FE05B0F0BD7D
:10F1B000BD200002E9E70F4B0193C3E7154B1B1B72
:10F1C000083B5A081B0B03D09321134B134A9BE7B0
:10F1D000134BA380134B1343E380DEE70193E0E777
:10F1E000A921114B064A49008EE7C046240100D0F0
:10F1F00000ED00E0CD01001010060020C79B0110BB
:10F20000759C0110279B0110AAAA000000BDFFFFFA
:10F21000EC2A00204A060020819B01104F9C01101F
:0CF2200000F0FFFF00F8FFFFEB9B011067
:10F22C00F8B50126294C06430500331B2F2B04D9B6
:10F23C007821274B274AFF3107E0F1F702F8002825
:10F24C0006D1BD21244B234A4900244800F068FC18
:10F25C00EFF3108772B6224B9C461A68002AFCD03A
:10F26C00BFF35F8F1F4B2A00121B524153431B0DE0
:10F27C001D4A800092685BB2125811000022B14204
:10F28C000FD1194A194992681150194A1178137003
:10F29C00A971BFF35F8F00236246136087F3108858
:10F2AC00F8BD06216156994208D10C214A43074901
:10F2BC008A18FF2191710F499180E6E701320C34D5
:10F2CC00042AEED18C210C4B024AB4E71006002024
:10F2DC00F19B0110889C0110199C0110279B0110B7
:10F2EC00240100D0AAAA000000ED00E0CD0100101E
:0CF2FC00EC2A002000BDFFFF239C011045
:10F30800054B064A1360064A136053609360D36046
:10F3180013615361936170478080808000E400E04E
:04F3280004E400E019
:10F32C00F7B504000C2017001D000E00F1F7A0F833
:10F33C002E49019041433800F1F79AF802009823C6
:10F34C00103A5B009A4205D91621294B294A2A48C2
:10F35C0000F0E6FB6B1E062B03D8089B013B062B2B
:10F36C0003D91921254B234AF1E7089B9D4203D26F
:10F37C001F21234B1F4AEAE7019B3A099A4203D209
:10F38C002221204B1B4AE2E7089B2D041F03236814
:10F39C002F43002B0ADA3F2223681340B34205D1D6
:10F3AC00A3681B051B0D834200D1E368164B9C42DE
:10F3BC0019D080235B01154A15491360154A136057
:10F3CC001D008A689543FBD1C023221D9B0113436A
:10F3DC0021222660A0601A602268002AFCDA08222A
:10F3EC00E7601A60F7BD80239B01E4E740420F0001
:10F3FC00A29C0110939D0110BE9C0110189D011040
:10F40C00619D0110789D011000C0024000E0004099
:08F41C0000C0004000F00040B8
:10F42400F0B5070085B0062080250191FFF77AFB2F
:10F43400019B019C6D000390D90D5802A202A30DFB
:10F44400AC46022425000234002B07D1039EB242AD
:10F4540004D812184B416445F4D12500FF268023BB
:10F464006E435B000293029C3100631E0398029377
:10F47400F1F702F8019B984212D93D613A68631E84
:10F484001B0253408020FF2221001202400113403E
:10F494003843036069430398F0F7EEFF05B0F0BD0D
:0CF4A400029B761B012BDED11C00E6E76A
:10F4B000154B70B5C3185A42534180225B429202E9
:10F4C0001B049B18114A04001360114A1148136071
:10F4D0001D0082689543FBD12000FFF7A3FF07239F
:10F4E000226803215340CF2213408022520122433D
:10F4F00013602200802324329B0104341A431C43EE
:10F5000002231160236070BD0040FCBF00E000409A
:08F5100000F0004000C00040C3
:10F518000021044B044ABFF35F8F02C39342FAD120
:0CF528007047C046000100D0800100D0F8
:10F53400044A1078431CDBB2172B01D813707047B0
:08F544001023FBE7580600202C
:10F54C00F7B5EFF305823F231A40100001921038F3
:10F55C00EFF3108772B6184B1A68002AFCD0BFF371
:10F56C005F8F012634008440144D154B6C631B785F
:10F57C001A00C24094466146002231420AD0114E14
:10F58C00696A8500AE59B1420FD30F4A0C49A343A7
:10F59C00AA580B70BFF35F8F002307490B6087F3EA
:10F5AC0010889A4200D09047F7BD019B07499B00F9
:10F5BC005B1819681960EDE7280100D00040054080
:10F5CC00F02A0020502A00200C260020D03F0540B5
:10F5DC0010B50100024A0348FFF76FF910BDC04691
:08F5EC009C9D0110E82A00209B
:10F5F40010B501000148FFF781F910BDE82A002089
:10F60400034B596A0A00986A596A8A42FAD17047C8
:04F61400004005406D
:10F61800054B5A6A8A42FCD38A4202D19A6A8242CC
:0CF6280000D370475A6AF7E70040054025
:10F6340070B504000D00FFF7E3FF02000B0020008B
:10F644002900801859418B4204D801D1824201D843
:10F65400002905DA3F21044B044A054800F064FA06
:10F66400FFF7D8FF70BDC046BE9D0110BA9E0110C1
:04F67400D99D01100B
:10F67800F7B504000D00EFF3108772B61C4B1A683B
:10F68800002AFCD0BFF35F8FA3001A4E0193002D10
:10F698001BD02000FFF7CEFC86420BD031002000A3
:10F6A800FFF7D0FC01212000FFF7BCFC0123A34099
:10F6B800114A1360114B019A9D50BFF35F8F0023CD
:10F6C8000B4A136087F31088F7BD0C4BA2009D50BE
:10F6D8000122A2400A4920000B7893430B703100A5
:10F6E800FFF7DAFC29002000FFF79CFCE5E7C0469D
:10F6F800280100D04DF50010386005400C26002088
:04F70800F02A0020C3
:10F70C00F0B587B01E0007000492FFF775FF049B4D
:10F71C00350003938E4202D850D183424ED9EFF379
:10F72C001083059372B6264B1A68002AFCD0BFF3DF
:10F73C005F8F0124BC40234B04991B780193234316
:10F74C00DBB20293029A1F4B1A701F4B3A1D9200A8
:10F75C005C63D1501D49BA0056501A6A1E002242F1
:10F76C0013D11B6C23420AD00020BFF35F8F002300
:10F77C00134A1360059B83F3108807B0F0BDC121B9
:10F78C00134B144A144800F0CBF9FFF735FF8D42A8
:10F79C00EAD802D1039B8342E6D8029B019A01204E
:10F7AC009342E2D01F2302003B409A400B4B346241
:10F7BC0074631A60034B019A1A70D6E70120DCE7D8
:10F7CC00280100D0F02A002000400540502A0020DB
:10F7DC003B9E0110CF9E01105C9E011080E200E068
:10F7EC0010B5EFF3108472B60A490B68002BFCD0ED
:10F7FC00BFF35F8F01238340074A084813620278E6
:10F80C009A430270BFF35F8F00230B6084F3108860
:10F81C0010BDC046280100D000400540F02A002051
:10F82C00054B984204D08023DB03044A13607047D5
:10F83C0080231B04F9E7C0460080034000E0004031
:10F84C0070B5060006200C00FFF768F92100C00017
:10F85C00F0F70EFE0124C50907D00E4B9D4215D8BA
:10F86C007F23184000192C00450880200023746267
:10F87C008001B5622C36064333600620FFF74EF943
:10F88C00A10149198000F0F7F3FD70BD0025024C71
:0CF89C00EBE7C046FEFF0000FFFF00008D
:10F8A80070B5040006200D00FFF73AF9002825D0AE
:10F8B800144B9C4223D08023DB03134A1349136063
:10F8C800134A136018008A689043FBD1290020006E
:10F8D800FFF7B8FF6023E26A210053406E2213400D
:10F8E80080222C3152010A4313600A4B10222363F1
:10F8F80080239B010B431A600323A36470BD8023FC
:10F908001B04DAE70080034000E0004000C000402C
:08F9180000F0004001030000B3
:10F920008023024A9B000343D36270470080054056
:10F93000AA22064B12011A602F220549DA60054AF5
:10F9400011605A68002AFCDA7047C0460040024045
:08F9500000B0FA000060024063
:10F95800142310B50100188804331B88984710BD7C
:10F9680070B50400012689004518AC4201D1300069
:10F9780070BD2068FFF7ECFF01C4431E9841404268
:04F988000640F2E75C
:10F98C008022094B5202196D1142FCD009225A6790
:10F99C00064B053ADA67064B1A68064BDA67064BD4
:10F9AC001A68064B1A64704700001150043011504D
:10F9BC000028002000400140142A002000C0014013
:10F9CC0010B51020FFF7F4F8082802D11D4800F0FC
:10F9DC002DF91D4B0F20DA6F1C4B1A601C4B1A6C47
:10F9EC001C4B1A6001221100FFF7ECF802210F20CA
:10F9FC00FFF70EF9184B03211A68082353401F22F6
:10FA0C001340164A0F201360FFF7F2F80222144B32
:10FA1C00DA67144B9218DA67134B08325A671B6D6E
:10FA2C001B079B0F012B05D07B21104B104A114853
:10FA3C0000F076F8FA2000218000FFF7F5FDFFF7C3
:10FA4C009FFF10BDE99E01100040014000280020DE
:10FA5C0000C00140142A00207C4001407C50014031
:10FA6C000020115004201150000011500B9F011068
:08FA7C00B19F0110239F01104E
:10FA840010B500F015F8012807D1032203490B6DC6
:10FA94009B081342FBD0FFF797FF10BD00001150E5
:10FAA400024B18688007C00F7047C04600C006406C
:10FAB4008023DB0518680B49030B020510B59BB2C4
:10FAC400120D8A4205D02221074B084A084800F04B
:10FAD4002BF8022B03D02321064B044AF6E7000F30
:10FAE40010BDC04627090000CF9F011061A001107E
:08FAF400F09F011050A0011069
:10FAFC00084A03001168002901D1074911601068F8
:10FB0C000649C3188B4201D813607047012040424C
:10FB1C00FBE7C04604280020D4AB002000FC0320E7
:10FB2C0013B50C001900074B002A01D1064B1A0023
:10FB3C000192009302002300044802F013F800BE67
:10FB4C00FDE7C04675A00110B0A0011082A0011005
:10FB5C00264B274A70B51A60264A274C1500274BAE
:10FB6C002360180091688843FBD1254E254B9E429B
:10FB7C0025D3FEF75BFF244B2360AB68DB0180339E
:10FB8C00FBD14022214B22489A675A671A67DA66E2
:10FB9C00204B984216D3204D204CC0222800A1683F
:10FBAC0001F0ECFEA560F0F74CFB002800D000BE85
:10FBBC00FFF7ACFCFFF7A2FBFEF742FE70BD08CED0
:10FBCC009847D3E7040003680834002B0BD0012BB3
:10FBDC0005D08321124B134A1348FFF7A1FFFEF700
:10FBEC0022FE2000D4E7FEF711FEFAE700E0004009
:10FBFC00BFCDFBFE00C0004000F00040FE7F3C008B
:10FC0C001C10002020100020FFFFFF0100F001401D
:10FC1C001C1000201C1000200000002000ED00E053
:0CFC2C00B1A001103CA10110CEA00110FD
:10FC38000FB407B5074801F0F9FF049B002B07D064
:10FC480005A91800019105F0D7F8034801F0EEFF67
:0CFC580000BEFDE72CA101103AA1011034
:10FC640010B5034B034A1B6800211068984710BD68
:08FC740008280020442A0020AA
:10FC7C0010B5034B034A1B6800215068984710BD10
:08FC8C0008280020442A002092
:10FC9400F7B5160004000D001022002907D1254BEA
:10FCA4001B68002B03D0244901F0B0FEF7BD0021EE
:10FCB400200001F0F9FE01235B422049A3602800E3
:10FCC400E580A680FCF710FB1D49C7B23000FCF7A5
:10FCD4000BFBC0B2874206D000221A4913001A480F
:10FCE4000092FDF777FA78427841E121174B4042C0
:10FCF4008003C01849022060FFF7D4FD02212800C8
:10FD0400FEF744FF02213000FEF740FF10221000EE
:10FD14002368D96A2C338843802149010B43186036
:10FD2400002DC3D12100044801F070FE0122014BD3
:10FD34001A60BBE74C2A00209CAB002020970110DE
:10FD4400B496011049A10110090109800080034003
:0AFD540010B50068FFF768FD10BD50
:10FD5E0010B50400C1600068FFF79FFD10212368F5
:10FD6E00DA6A2C339143802252011343196010BD7D
:10FD800037B51D00022A1CD8114B00689C5C4B1F24
:10FD9000691EC9005B010B4321004D1EA941013CB6
:10FDA00049000B4361424C41C16AA40023434B40CC
:10FDB0006E2102000B4080212C3249010A4313605E
:10FDC00037BD00220349130003480092FDF704FAEF
:0CFDD00070A101105DA101100901098063
:10FDDC0010B50068044C054BA04203D11A60044BCB
:10FDEC00196010BD5A60FAE700400340442A002015
:04FDFC0008280020B3
:10FE0000F8B50C0003681F4915005E18711E8E417D
:10FE10001D4A07001D491436934200D01C496A1E32
:10FE200095413000FFF712F93000E9B2FFF7FEF814
:10FE30003B68012C15D0002C16D1210010220A435A
:10FE40006142614189010A439A63002C0FD1382134
:10FE50005A6B34330A40190080235B010B431A604C
:10FE6000F8BD20210022EAE700210A00E7E7012C83
:10FE7000F6D10722596B34331140802252011343CB
:10FE80001960EDE700C0FCBF0040034065FC0010B6
:04FE90007DFC0010E5
:10FE94001022036899691142FCD11868C0B27047F6
:10FEA4008022036898691042FCD0C9B21960704777
:0CFEB400036801209B691B0998437047FC
:0AFEC000036898690006C00F704740
:10FECA0070B504000D00100022816381531C02D01A
:10FEDA000221FEF758FE0A23E05E431C02D00221EB
:10FEEA00FEF751FE246880222300C02130335201DC
:10FEFA001A430902032D03D1236B9943116070BD84
:10FF0A00022D09D00023012D09D00020246B0343C0
:10FF1A0063400B401360F2E780231B02F5E7802061
:04FF2A00C001F3E738
:10FF3000F0B50C0087B01E00284F0CAB03920022D6
:10FF40009B5E3900050020000593FCF7CFF924499A
:10FF500004900398FCF7CAF92249C3B23000019318
:10FF6000FCF7C4F92049C3B205980293FCF7BEF927
:10FF7000019BC0B2FF2B10D06B46019A1B7C9342B1
:10FF800004D01E2219491A48FCF70AFF029A93422C
:10FF900003D01F2215491748F6E7FF2806D0029B19
:10FFA000834203D0222211491348EDE73900200093
:10FFB000FCF7BCF9012128602000FEF7E9FD3000C4
:10FFC0000121FEF7E5FD03980121FEF7E1FD0B4954
:10FFD0002868FFF76DFA07B0F0BDC046889501109C
:10FFE0001C950110E895011048960110A6A101107A
:10FFF000B0A10110C5A10110DAA1011040420F000B
:020000041001E9
:1000000037B514000A1F0C2A04D9342215491648A2
:10001000FCF7C6FE032C03D9352212491348F7E733
:10002000802252040092124A640001926A46A25C45
:10003000013992016C440A4361780068C9010A439E
:10004000CF2105686A400A408021490101430A60C6
:10005000021D04218020002B00D1C020800110430C
:10006000016037BDA6A10110EFA101100BA2011084
:040070000100010189
:0A00740010B50068FFF7D4F910BDC5
:1000800013B56A460B00941DD11D0B70220001238D
:10009000006800F005F8207816BD000000000000A0
:1000A00001B40248844601BC604700BFED01002056
:1000B00010B514001A00029B9C4204D05B22044934
:1000C0000448FCF76DFE2300006800F005F810BD41
:1000D000A6A1011026A2011001B40248844601BC69
:0800E000604700BFED010020A4
:0C00E80010B5002801D1FCF70DFB10BD85
:0800F4000048704740A2011012
:1000FC0010B50020FFF76CFA00200249FFF7B6FAA2
:08010C0010BDC046E90001101E
:0C011400014B986A7047C046004005404F
:10012000F7B50025124C0190FCF7E8FE019EA36A8A
:100130002F009E420DD2FFF765FA2A004B1CB6181D
:100140005F4132003B000020FFF7E0FAFCF7ECFED5
:10015000F7BDFFF757FA0029F3D0FFF753FA012351
:1001600001225B428018594160602560E9E7C04682
:040170000040054006
:0801740010B5FCF7C9FA10BD3B
:0A017C0010B50020FFF734FB10BDA2
:0801860010B5FFF7F8FF10BDF2
:0A018E0010B50020FFF72FFA10BD96
:10019800F0B500258DB0041C00F04CF8234B061C6C
:1001A8005D576B1C0BD0211C201CF1F759FB071E57
:1001B80005D10021201CF0F73BFB002802D1301CA0
:1001C8000DB0F0BD01230293194B201C03930A972D
:1001D800F3F7FAF80022069007910490059100239E
:1001E800002D15D010001900F1F76CFE0890099148
:1001F800022D0FD100F082F8212303600A9B01939E
:10020800002B0DD108980999F3F730F9061CD6E7A9
:100218000892099302A800F067F80028EED1E9E7F0
:1002280000F06CF80A9B01930360EBE7700600206E
:040238004CA20110C3
:10023C002A49430070B50200041C5B088B423BD872
:10024C00002B38D000283EDB2549C6158B420BD835
:10025C008020000420423DD1002300E00B0052001E
:10026C00591C0242FAD0F61A802352021B04520A7D
:10027C001A437F3E5300F10700D593008022701083
:10028C001921002600255204AC189C4202DCA5184A
:10029C001B1BB61801395B0052080029F4D1002B46
:1002AC0002D0012301369E43FC239B059C4676100D
:1002BC006644C005801970BD011CF0F7D9FF211CE4
:1002CC00F0F764FCF7E7011CF1F704F9011CF0F7F7
:1002DC00F7FDF0E701235B42C5E7C046FFFF7F7FD8
:0402EC00FFFF7F0091
:0402F0000020704733
:1002F40010B5062001F068FE0120FDF775F8C04630
:0C030400014B18687047C04674060020CA
:1003100070B505000C1E47D0002802D0836B002B5F
:1003200048D001260C22A35E626E32423FD19B056B
:1003300030D52100280000F061F8E36A0600002BA8
:1003400004D0E1692800984700283CDBA3891B06FC
:100350003CD4216B002908D023004033994202D0BD
:100360002800FCF717FD00232363616C002904D0EB
:100370002800FCF70FFD0023636400F0F3F900236D
:10038000A381636EDB0726D5A06D00F045FF00F06A
:10039000F1F90AE0A06D00F041FF0C22A35E002BF2
:1003A000C7D1636E1E401AD00026300070BD002BEE
:1003B000FAD0BEE7012600F04FF90C22A35E626E70
:1003C0003242F4D1B3E701267642BFE72169280023
:1003D000FCF7E0FCBDE7A06D00F022FFD4E7A06DC4
:0803E00000F01EFFE1E7C0463A
:1003E80010B5034B01001868FFF78EFF10BDC0461B
:0403F8007406002067
:1003FC00F0B5C64600B50C23CA5E804693B20C001D
:10040C00190746D480231B0113436268A381002A79
:10041C005FDDA56A002D5FD042464146166800227A
:10042C009BB20A60E169DA0400D57EE00123002268
:10043C004046A847431C55D0A389A56AE1695B07D0
:10044C0006D56368C01A236B002B01D0E36BC01A6E
:10045C00002302004046A847431C4FD0A389364ACC
:10046C0013400022626022691BB2A3812260DB046C
:10047C0059D44346216B1E6000292DD023004033F4
:10048C00994202D04046FCF77FFC002300202363F6
:10049C0023E02669002E1FD022682660951B0022BF
:1004AC009B071DD0A260002D04DC15E036182D1A18
:1004BC00002D11DD2B003200E1694046676AB84718
:1004CC000028F3DCA389402201201343A38140427E
:1004DC0003E0E26B002A9CDC002004BC9046F0BDDB
:1004EC006269DFE743461B68002BA5D01D2B01D0AA
:1004FC00162B1CD1434600201E60EEE743461D68B8
:10050C000C22A35E1D2DDED80C490122E9408A4342
:10051C00D9D10949626022690B40A3812260DB04B6
:10052C00A7D5002DA5D12065A3E7206D87E7402234
:10053C00A3891343A381D0E7FFF7FFFF01004020FD
:10054C0070B505000C00002802D0836B002B16D070
:10055C000C22A35E0026002B0FD0626ED20701D4B2
:10056C009B0513D521002800FFF742FF636E0600A0
:10057C00DB0702D4A3899B0504D5300070BD00F0C5
:10058C0065F8E5E7A06D00F045FEF6E7A06D00F01C
:04059C003FFEE7E750
:1005A00010B5011E04D0054B1868FFF7CFFF10BD32
:1005B000034B0449186800F0D5FDF8E774060020E5
:0805C00058A301104D050110C4
:1005C800002310B5040003604360836081814366A3
:1005D800C281036143618361082200215C3001F01C
:1005E80061FA2000064BE4612362064B58306362CF
:1005F800054BA362054BE36200F008FE10BDC04640
:10060800112001103920011075200110A1200110BE
:1006180010B5024900F0A2FD10BDC046110301103B
:1006280070B568244A1E54430E0021007431FCF74B
:1006380063FB051E09D000232200036046600C30CE
:10064800A8606832002101F02DFA280070BDC0466C
:1006580070B50400144D280000F0DCFDA36B002BDE
:100668001DD1124A0421E263B8229200A350B92393
:1006780003229B00E2500833E218043BE250606812
:100688000022FFF79DFF01220921A068FFF798FFCC
:1006980002221221E068FFF793FF0123A3632800D9
:1006A80000F0BAFD70BDC046B0AB002019060110BD
:1006B800F8B5274E0700300000F0ACFD254B1D684B
:1006C800AB6B002B31D0B8239B009C4665446B680C
:1006D800AC68013B03D523E06834013B20D30C21EF
:1006E800625E002AF8D1002520001B4B5830E360D9
:1006F800656600F08BFD300000F08EFD200025605F
:10070800A560656025616561A561082200215C30EE
:1007180001F0C8F9256365636564A5642000F8BD28
:100728002868002805D00500D1E72800FFF790FFCA
:10073800C9E704213800FFF773FF28600028F2D1C9
:10074800300000F069FD0C2300243B60E6E7C0465A
:0C075800BCAB002058A301100100FFFF03
:1007640010B5024800F058FD10BDC046BCAB0020D7
:1007740010B5024800F052FD10BDC046BCAB0020CD
:10078400F0B583B00F00110001AA050005F0E2FCEA
:10079400061E36D02800FFF78DFF041E31D0DB2360
:1007A40039005B00019A280001F0CCF9071E1FDB19
:1007B400636EDB0715D5194BE7812362184BA681BD
:1007C4006362184BE461A362174BE362F3051AD426
:1007D400636EDB0702D4A3899B051BD5200003B0FD
:1007E400F0BDA3899B05E6D4A06D00F015FDE2E7FA
:1007F400FFF7B6FF0023A06DA38100F00BFDFFF708
:10080400B7FF0024EAE7022300222100280000F0B9
:1008140053F9DDE7A06D00F001FDDFE711200110C1
:0C0824003920011075200110A1200110E6
:1008300010B5044B0A001B6801001800FFF7A2FF67
:0808400010BDC0467406002043
:10084800F8B50C000600FCF7DFFD204FBB685D68BB
:1008580003239D431E4B2C1B9C466444240B1D4BB9
:10086800013C24039C4207DD0021300001F094FA8A
:10087800BB685B19984204D03000FCF7C9FD002022
:10088800F8BD6142300001F087FA431C0DD0012207
:10089800BB682D1B15435D600F4B30001A68141B95
:1008A8001C60FCF7B5FD0120EAE70021300001F0EB
:1008B80073FABA68831A0F2BDEDD08490968401AF3
:1008C8000549086001210B435360D5E70C0C002053
:1008D800EF0F0000FF0F0000D825002014100020A3
:1008E800F8B5CE464746050080B50C1E55D0FCF736
:1008F8008BFD210008394F68012438000323A043E9
:100908000A1856689E43B146644EB368934229D08C
:100918004B465360D3189C463C4242D10F68C91BD2
:100928008B68C019984663465F6808239C46B444A0
:100938002740E0456AD04346CC68DC60A360002FBE
:1009480032D1012448440443A0469368544C0F18FC
:10095800A34200D17FE0D268DA60936043464B60DF
:10096800386025E003004B443C4206D10A68891AE6
:1009780088689B18CA68C260906001221A434A605E
:10098800484AB16012689A4204D8474B280019684F
:10099800FFF756FF2800FCF73BFD0CBC9046994634
:1009A800F8BD5F682740CCD0012303434B60085053
:1009B8003E4B98421AD9430A042B33D882091400B3
:1009C80039323834D200B218083A936803279A4269
:1009D80039D05C68BC43844233D99B689A42F8D1C9
:1009E800D368CB608A609960D160D3E7C008FF3BC9
:1009F8008210FF3B93407268C000134373608619EE
:100A0800B368CE608B60B160D960C3E7002F41D175
:100A1800030090684B44D2681C43C26090604C60ED
:100A2800CB50B7E7142B07D9542B1CD8020B140052
:100A38006F326E34D200C6E71C005C335B34DA00D8
:100A4800C1E71A00CCE70123A410A3407068034350
:100A580073601300C5E7D9609960CB608B6043462B
:100A68004B60386096E7AA225200934205D8C20B21
:100A7800140078327734D200A5E70D4A934205D89E
:100A8800820C14007D327C34D2009CE7FE227E2446
:100A9800920098E704434C6010607BE70C0C002040
:100AA800140C00201810002008260020FF01000068
:040AB80054050000E1
:080ABC0010B500F001F810BDB7
:100AC400F0B545465746DE464E46E0B50C0097B0B5
:100AD400050090461F00002802D0836B002B4AD0EB
:100AE400626EA389D20702D49A0500D4F9E0842265
:100AF40052001340934200D1EEE0A36A9946002BC2
:100B04003CD0012F15D0022F44D0002F42D0162301
:100B14002B60636EDB0702D4A3899B0536D50125C0
:100B24006D42280017B03CBC90469946A246AB469D
:100B3400F0BD21002800FFF707FDA389DA0400D5E2
:100B440034E101230022E1692800C8470600431C60
:100B540000D1CBE0A3892269590700D4D8E06368A7
:100B6400F61A236B002B01D0E16B761A0123B044F3
:100B74009B46002712E0FFF76DFDB1E71D332B60A4
:100B8400636EDB07CBD4A3899B05C8D4A06D00F0AA
:100B940045FBC4E7002300269B462269002A00D1B6
:100BA400C0E00C23E25E914993B20B4272D18021E2
:100BB400C9008A460B4266D0C246002F00D0CEE060
:100BC4005B46002B00D0B2E0A389DB0400D5C4E06F
:100BD40001230022E1692800C847431C5AD06368F6
:100BE400216B1A00C61A8B46002900D1ABE0E16BD9
:100BF400761A2269F61894466046A26B121AB61A3F
:100C04005218B24500DBD3E0E36CE1695E4253461F
:100C14001E40320000232800C847431C3AD000235A
:100C2400216B636023692360002908D023004033CB
:100C3400994202D02800FCF7ABF80023236320225A
:100C4400A3899343A38153469E1B0DD02100280002
:100C540001F012F800281DD16368B3421AD3226848
:100C640092199E1B22606660082220000125002143
:100C74005C3000F019FF636E1D4002D1A3899B050F
:100C84005CD500254DE75A4B994574D080231B0150
:100C94001A43A28121002800FFF756FC002832D114
:100CA4003B004246E1692800C847431C2BD0216B16
:100CB400002908D023004033994202D02800FCF7D1
:100CC40067F80023236323694A4A2360002363608F
:100CD400A3891340A381C7E721002800FFF734FC50
:100CE4000BE7A06D00F098FAA38900E7636E3B421E
:100CF40000D014E7A3899B0500D510E7A06D00F090
:100D04008DFA35000DE7636EDB0700D404E706E7D0
:100D14001B0700D42AE72368002B00D126E79B1A7F
:100D2400F61823E72100280000F0AAFA39E7236B1C
:100D34009B46002B06D06368E16B5AE7A06D00F078
:100D44006DFAEEE6626823699C4661462368591A87
:100D54000023761A52189B4653E7206D3FE70E2373
:100D6400E15E6A46280000F047F8002892D1049B0F
:100D740043449A4624E70E23E15E002986DB6A4653
:100D8400280000F039F80C23E25E002800D07DE74B
:100D9400F021019B09020B40802109028B4200D003
:100DA40074E753461A43E364A28105E7266DD2E64D
:100DB400B318534500D827E753469E1B63469B1937
:100DC40023605B46921B6260002B09D023004033F2
:100DD4009B4503D059462800FBF7DAFF0023236321
:100DE4002022A3899343A381183A3EE71A080000FE
:080DF40075200110DFF7FFFF7D
:100DFC00002370B5074C0500080011002360FCF7B8
:100E0C0013FD431C00D070BD2368002BFBD02B605E
:080E1C00F9E7C046ACAB002071
:100E2400F0B54546DE4657464E46E0B5936883B076
:100E340000900D009046002B2DD08B891A0732D5D7
:100E44000A69002A2FD0424616689A0737D56B6A7A
:100E540000279A46AD4B00249946E969002C16D028
:100E640023004C4500D9A94B3A000098D0470028EC
:100E740000DC8FE043469B683F18241A181A434647
:100E8400986008D06B6AE9699A46002CE8D1376803
:100E940074680836E2E7002003B03CBC90469946EB
:100EA400A246AB46F0BD2900009804F083F8002860
:100EB40000D028E14246AB8916689A07C7D4DA07FE
:100EC40070D4002291468022920000279346AC6899
:100ED4002868002F53D05A46134200D1A8E0A246F6
:100EE400BC4200D9D7E09022D20013422ED0296907
:100EF400441AA4466869019442001218D00F82185B
:100F0400781C521060449246904201D982460200F5
:100F14005B0500D4D0E011000098FBF7EFFE041E3F
:100F240000D1EAE0019A296900F02CFDAB89784AE6
:100F3400134080221343AB815246019B2C61E0187D
:100F4400BA463C00D31A28606A61AB6052464946EF
:100F540000F05CFDAB681C1BAC603C0000272B68F8
:100F640053442B6043469B68A1441C1B43469C602E
:100F740000D190E7AC682868AB89002FABD1326808
:100F8400776891460836A4E729000098FFF7DCFA51
:100F940000282DD00C22AB5E402201201343AB81EC
:100FA400404279E7002399469A46330000204E4692
:100FB4000027994625E000282FD0B346BE4200D929
:100FC400BB4628682A696B69904203D9AA689C18B1
:100FD400A34563DC5B4500DD82E06C6A5246E96947
:100FE4000098A047041ED5DD361B0120002ECBD06F
:100FF40043469B68A2443F1B1C1B43469C6000D194
:1010040049E7002FD7D14B461B689A464B465F6889
:1010140008239C46E144002FF5D03A000A215046AB
:1010240000F04AFC002859D053460130C61AC4E7E0
:101034002B69834217D36B699A46BB4213D8354B4D
:1010440038009F4200D934485146EFF79FFA53467F
:101054004A464343E96900986C6AA047002899DD31
:1010640004003F1B7EE7BC4200D93C0022004946F5
:1010740000F0CCFCAB682A681B1B1219AB602A6019
:10108400002BEED129000098FFF75EFA002800D06B
:1010940080E73F1B66E73C00BA4657E7514622000B
:1010A40000F0B4FC2B6829001B192B600098FFF793
:1010B4004BFA002898D06DE70098FBF78BFD041ECF
:1010C40000D039E7009C29692000FBF761FE8022EB
:1010D400AB899343743A1BB222605DE77E1C6CE7D4
:1010E4005A46514600F092FC5A46AB685C469B1A3D
:1010F400AB602B685B442B6076E70C23009A13608B
:101104000C22AB5E48E701204042C5E600FCFF7FAD
:0C1114007FFBFFFFFEFFFF7FFFFFFF7F60
:10112000B823F0B5C6469B00C71800B58846002610
:10113000002F13D07B68BC685D1E0CD4A389012BE3
:1011400006D90E22A35E013302D02000C047064319
:101150006834013DF2D23F68002FEBD1300004BC6F
:041160009046F0BD08
:10116400F8B54746CE4680B5B8278046BF00474409
:1011740089460026002F14D07B68BC685D1E0DD400
:10118400A389012B07D90E22A35E013303D02100CA
:101194004046C84706436834013DF1D23F68002FFA
:0C11A400EAD130000CBC90469946F8BD22
:1011B00070B50D4E0D4DAD1BAD1006D00024A30033
:1011C000F35801349847A542F9D1EFF753F8084E88
:1011D000084DAD1BAD1006D00024A300F358013418
:1011E0009847A542F9D170BD1C10002020100020A6
:0811F000201000204410002033
:1011F800044B1B685B6B002B00D1034B94225200FD
:0C120800985C704774060020A00A0020CB
:041214007047C04619
:041218007047C04615
:04121C007047C04611
:041220007047C0460D
:1012240070B50C001E000E23C95E96B0150000298F
:101234000EDA00233360A3891B0605D48023002023
:10124400DB002B6016B070BD402300202B60F9E753
:101254006A46FFF7D1FD0028EBDBF022019B120266
:101264001340064A8020944663445A4253413360F3
:101274008023DB002B600001E4E7C04600E0FFFFB1
:1012840070B58B8982B006000C009B0707D523003C
:101294004333236023610123636102B070BD01AB5A
:1012A4006A46FFF7BDFF009905003000FBF726FDF5
:1012B40000281ED08022154BF363A38920601343BA
:1012C400009A1BB26261019AA3812061002A02D1B3
:1012D4002B43A381E1E70E23E15E300004F088FF95
:1012E400002810D00322A3899343012213431BB285
:1012F400EEE70C22A35E9A05CFD403229343022285
:101304001343A381C3E70C22A35EE1E7190601108E
:1013140010B5034B01001868FBF7F0FC10BDC04684
:04132400740600202B
:1013280010B5034B01001868FBF730FD10BDC0462F
:041338007406002017
:10133C00F0B557464546DE464E46E0B50D000B353A
:10134C0083B00700162D28D8102900D9C1E0FCF76E
:10135C0059F8102518230220CC4EF3181A005C689B
:10136C00083A944200D15BE1032362689A4313006C
:10137C00E268A168CA6091600122E31859683800DC
:10138C000A435A60FCF742F82000083003B03CBC1A
:10139C0090469946A246AB46F0BD07239D4300D527
:1013AC0097E0A94200D994E0FCF72CF8F823FF331E
:1013BC009D4200D859E1680A00D18EE0042800D97A
:1013CC0034E138239846A80980443930C100AF4E27
:1013DC0071180839CC68A14218D0032362689A436B
:1013EC001300521B0F2A00DD18E1002AC0DA032378
:1013FC009C4608E06246636893435A1B0F2A00DD43
:10140C000CE1002AB4DAE468A142F3D13200346969
:10141C000832944267D00323616899438A460B00D3
:10142C00491B0F2900DD0DE1726132610029A3DA3D
:10143C00974A924500D94AE1DB08FF3A9910FF3AE6
:10144C008A40DB0071689B190A4399687260E360FB
:10145C00A1609C60CC60012183109940914248D8D6
:10146C000A4205D103239843490004300A42FBD0B9
:10147C0003239846C3009946B144CC468246634642
:10148C00DC68A44507D1F4E0002A00DB10E1E46835
:10149C00A44500D1EDE04246636893435A1B0F2AE2
:1014AC00F2DD01208046611905436560A068E5689E
:1014BC000836C560A8604046F160B16010434860D2
:1014CC00CE608E603800E250FBF7A0FF20000830A1
:1014DC005CE70C2300203B6058E780213F23890008
:1014EC004020984673E7012172688310994091421D
:1014FC00B6D90323B46862689A439046AA4202D3D1
:10150C00531B0F2B7CDC634A634B93461B6812689E
:10151C00EB18013200D13BE1604A944663441B0B4B
:10152C001B0301930199380000F034FC0300814641
:10153C00013300D1F9E04346E318834200D9F2E0CD
:10154C00574A01999246126894465246614411607A
:10155C00834200D13EE15A461268013200D155E176
:10156C004A46D31A59185346196007234A46134062
:10157C0000D123E1082189464A49D21A9144CB1A59
:10158C00019A38004A441105090D5B1A19009B4653
:10159C0000F000FC431C00D134E14B46C01A01237F
:1015AC005844184353461B685B4419005346196052
:1015BC004B46B3605860B44212D043460F2B00D850
:1015CC001CE1072260680C3B9343063A024005205D
:1015DC001A436260E218506090600F2B00D933E11F
:1015EC00314B1A68914200D919600323B4686268C0
:1015FC009A432E4B1868814200D89AE0196098E003
:10160C000122290013431143651961603800B5604C
:10161C006B60FBF7FBFE20000830B7E64046F5E6B2
:10162C00DC680230A34200D1F0E69DE6142874D9A0
:10163C00542800D9AFE06E239846280B80446F30B5
:10164C00C100C4E6012360191D43656070613061FF
:10165C00C26082601A0053460A4342603800E1506F
:10166C00FBF7D4FE2000083090E62B00E808083386
:10167C0072E608239B46073BDC449B46DA44434610
:10168C005246134200D0FAE66DE0C0460C0C002026
:10169C00FF01000014100020082600200F1000008D
:1016AC00D825002008100000002600200426002069
:1016BC000122E318596838000A435A60E368A268AB
:1016CC00D3609A60FBF7A2FE200008305EE65A0A4F
:1016DC00042A39D9142A74D85B23984690445C3276
:1016EC00D20008235B429C46B21894446346996826
:1016FC00032399468C4559D04B464A689A43524528
:10170C0002D989688C45F7D1CB6872689C466346D0
:10171C00A160E3609C60CC609DE65B2398468044AE
:10172C005C30C10053E6B44274D00323B4686268E1
:10173C009A43531B954202D80F2B00DD60E738000B
:10174C00FBF764FE002021E69A0938239846904462
:10175C003932D200C5E74B461A68083B013891462E
:10176C009A4200D087E043460342F4D173688B431E
:10177C0073604900994200D9BBE6002904D1B8E650
:10178C00042294464900E2440B42F9D0504671E6DB
:10179C0010330193C6E6AA235B00984224D8DD3BA4
:1017AC009846E80B80447830C10010E6434601228D
:1017BC009B109A4073681A437260A8E780235B0100
:1017CC00DEE6542A2FD81A0B6E23984690446F32BB
:1017DC00D20086E71A0500D0BDE60120019BB26855
:1017EC00434403435360FBE6244B984226D87C23A6
:1017FC009846A80C80447D30C100E8E501234A4698
:10180C0053609CE7002301209B46CBE65B464A468F
:10181C001A60AAE61A4A01999246126894465246F0
:10182C006144116097E6AA2149008A4214D8DA0B68
:10183C007723984690447832D20052E7FE217E23DB
:10184C0089007F209846C2E5210038000831FBF75B
:10185C009BFA53461968C3E608498A4206D89A0C83
:10186C007C23984690447D32D2003AE7FE227E23B8
:10187C009200984635E773687BE7C0465405000034
:04188C00D82500203B
:1018900082B000290AD0002A0BD0002B0BD013787D
:1018A0000B601078431E984102B0704701A9002ACE
:0C18B000F3D10020F8E702204042F5E7E9
:1018BC0070B5CCB2830734D0531E002A1BD00278EB
:1018CC00A24219D0032504E0013B14D30278A242B2
:1018DC0012D001302842F7D1032B0ED8002B0AD09E
:1018EC000278A24208D0C31802E00278A24203D0C8
:1018FC0001308342F9D1002070BDFF220D062D0C62
:10190C00114029430D04084E0D43026807496A40F3
:10191C00511891433142E3D1043B0430032BF4D8EA
:10192C00DCE71300D8E7C04680808080FFFEFEFE17
:10193C0030B5032A1CD903000B439B070FD0047846
:10194C000B789C4217D1012305E0C45C5D1CCB5C79
:10195C009C4210D12B009342F7D1002030BD03687C
:10196C000C68A342EBD1043A04300431032AF6D8B4
:0C197C00002AE4D1F1E7E01AF0E7C046D1
:10198800F0B50F2A37D90D0005430C000300AD0749
:1019980035D11500103D2D092E013618103627684F
:1019A8001F6067685F60A7689F60E7681034DF6042
:1019B8001033B342F3D10F2401352D0149191440D6
:1019C8004519032C1DD90023CE58EE500433E61ACE
:1019D800032EF9D80323043CA4080134A4001A40B8
:1019E8002D190919002A05D00023CC5CEC540133C9
:1019F8009342FAD1F0BD0500002AF5D1FAE70500B7
:081A0800F2E72200F8E7C046F6
:101A1000F0B588420AD98B18984207D2531E002A83
:101A200003D0CA5CC254013BFBD2F0BD0F2A09D8D7
:101A30000500002AF9D00023CC5CEC54013393421A
:101A4000FAD1F2E70D0005430C000300AD0729D1E0
:101A50001500103D2D092F013F18103726681E6014
:101A600066685E60A6689E60E6681034DE601033CB
:101A7000BB42F3D10F2401352D01491914404519FA
:101A8000032C11D90023CE58EE500433E61A032E4E
:101A9000F9D80323043CA4080134A4002D19091922
:0C1AA0001A40C6E70500C6E72200C2E7B6
:101AAC00F0B5830746D0541E002A42D0CEB20200B5
:101ABC00032502E01A00013C3BD3531C16702B4249
:101ACC00F8D1032C2DD9FF220A40150215432A0404
:101ADC0015430F2C16D92700103F3F093E01B44681
:101AEC001E001A0010366644156055609560D5606E
:101AFC001032B242F8D10F2201373F01DB191440EA
:101B0C00032C0ED9261FB608B700BC461A001F1DA1
:101B1C00674420C2BA42FCD103220136B6009B199D
:101B2C001440002C05D0C9B21C19197001339C4209
:0C1B3C00FBD1F0BD14000300C3E7C0465D
:101B480070B50500080011000022064C22601A003A
:101B5800FBF786FF431C00D070BD2368002BFBD029
:081B68002B60F9E7ACAB002093
:101B70000FB400B5064983B004AB086804CB816894
:101B8000019301F0BBFD03B008BC04B01847C04688
:041B900074060020B7
:101B940030B5050089B008000C0000F085FA04ABEC
:101BA400214A01930223069201220293AB6B059012
:101BB4000130049407920390AC68002B25D00C23C9
:101BC400E25E636E91B2DB0701D48B0525D58023D9
:101BD4009B01194205D11343A381626E134B134039
:101BE4006366280001AA2100FFF71AF945426841FB
:101BF4000B254042636E0540013DDB0702D4A389F7
:101C04009B0506D5280009B030BD2800FEF722FD4B
:101C1400D5E7A06DFFF702FBF4E7A06DFFF7FCFA30
:101C24000C23E25E91B2D2E770A30110FFDFFFFF45
:101C340010B5034B01001868FFF7AAFF10BDC0469A
:041C44007406002002
:101C480010B5044B0A001B6801001800FAF7C0FF22
:081C580010BDC0467406002017
:101C6000092310B5828913400022092B01D01000EE
:0C1C700010BDFEF795FC0200F9E7C0462D
:101C7C00F8B505000C00002802D0836B002B45D072
:101C8C0080210C22A35E89019AB20A4206D10B4331
:101C9C003D4A616EA3810A4062669AB2002161607E
:101CAC0091063ED451071DD4D10664D508261642A0
:101CBC0050D104221343A3812369002B56D00C234B
:101CCC00E75EBEB2B3072FD12369280023602269D7
:101CDC006369E169256AA847030060600020002B56
:101CEC0017DDF8BD216B0029E6D023004033994263
:101CFC0002D02800FBF748F800232363E36B6360F2
:101D0C00002BD9D0A36B00202360EAE7FEF79EFCE2
:101D1C00B6E70C21625E002B17D040231A4360609B
:101D2C00A28101204042DCE70123A381174B184913
:101D3C001868FFF7EFF90923A7811E40092EC3D1BC
:101D4C0021002800FEF754FBBEE720231A43A28192
:101D5C000138C6E721002800FEF7F2FB0028E0D18D
:101D6C00A389A060B3431BB2A061A2E721002800A5
:101D7C00FFF782FAA3E709222A60402201201343CD
:101D8C00A3814042ADE7C046FFDFFFFF58A301101F
:041D9C00611C0110B5
:101DA000002370B5064C050008002360FDF7A6FE71
:101DB000431C00D070BD2368002BFBD02B60F9E7DB
:041DC000ACAB0020A8
:101DC4004A424A41802310B55200DB0000F002F879
:041DD40010BDC04638
:101DD800F0B5CE46474680B51F00614B83B01D68FD
:101DE800040089461600002D03D0AB6B002B00D1F0
:101DF8007DE0022E05D0012E00D9ACE0002F00DADC
:101E0800A9E0636EDB0733D521002800FEF79AFBB3
:101E1800216B002908D023004033994202D02800C2
:101E2800FAF7B4FF002323630023A36163600C2245
:101E3800A35E1A065FD44B4A13400022A381904642
:101E4800022E1CD1022213430022A2602200433238
:101E5800226022610122616EA3816261114201D177
:101E68009B0560D5404603B00CBC90469946F0BD32
:101E7800A3899B05C8D4A06DFFF7CCF9C4E701ABD3
:101E88006A4621002800FFF7C9F9A3891843A081F1
:101E9800002F37D1009F3800FFF738FA8146002815
:101EA80047D08022A3891343A381AB6B002B2FD08B
:101EB8000C22A35E009ABA4203D080221201134377
:101EC800A381012E02D101221343A3814A46226035
:101ED800226108229BB267611A401DD1A2600122CB
:101EE800616E11408846BBD000239846BAE72800A7
:101EF800FEF7AEFB7DE721692800FAF747FF0C22C1
:101F0800A35E98E74B46002BC5D0AB6B002BCFD117
:101F18002800FEF79DFBCBE7DA0708D500227F42B1
:101F2800A260A761DBE7A06DFFF776F99AE7A760E3
:101F3800D5E7009B9846BB4205D10C22A35E01223F
:101F4800524290467EE71800FFF7E0F981460028E4
:101F5800F3D04746A5E701235B42984682E7C0468F
:081F6800740600205CF3FFFF8A
:101F700070B505000C001F2922D8B7239B00C35859
:101F8000002B0ED08A009B181A68002A09D0012A5B
:101F900010D0511C10D00021200019609047002063
:101FA00070BD280000F030F822000100280000F089
:101FB00017F8F5E70020F3E7162303600120EFE7A9
:0C1FC0001623036001204042EAE7C046FF
:101FCC0010B5034B01001868FFF7CCFF10BDC046DD
:041FDC007406002067
:101FE000002370B5074C050008001100236004F0C1
:101FF0001FFE431C00D070BD2368002BFBD02B605C
:08200000F9E7C046ACAB00207B
:0820080010B504F009FE10BD43
:1020100070B50C000E25495F04F074FC002803DB4A
:10202000236D1B18236570BDA389024A1340A38149
:08203000F9E7C046FFEFFFFFD6
:10203800F8B516001F000C228B5E0C0005000E225E
:10204800895EDA0507D50022022304F0EDF80C2298
:10205800A35E0E22A15E044A28001340A381320029
:0C2068003B0002F091FFF8BDFFEFFFFF0E
:1020740070B50C000E25495F04F0D8F8431C06D057
:102084008023A2895B011343A381206570BDA389CA
:0C209400014A1340A381F9E7FFEFFFFFB2
:0C20A00010B50E23C95E02F0F1FF10BD68
:1020AC0010B5040083070AD00378002B23D0032239
:1020BC0002E00378002B1CD001301042F9D10268E9
:1020CC000E4B0F49D31893430B420FD104300268C7
:1020DC000A4BD31893430B4208D104300268074BC8
:1020EC00D31893430B42F1D000E001300378002B5E
:1020FC00FBD1001B10BD0020FCE7C046FFFEFEFE1E
:04210C0080808080CF
:1021100070B504780600002C13D00D78002D09D07E
:10212000A54209D00B0001E0A24205D001331A7884
:10213000002AF9D1801B70BD01300478002CEDD14C
:08214000F8E70020F7E7C046B4
:10214800F0B5DE464E4657464546E0B5C3B00C00EE
:10215800079191461093089004F05AF80368180004
:102168001A93FFF79FFF1990A3891B0605D52369CA
:102178000993002B01D100F023FF32AB25930023F4
:1021880025AFBB607B601893002400231693179437
:102198000023CA4632AE14931B930C9353461B7804
:1021A800002B47D05446252B02D11BE0252B03D00A
:1021B80001342378002BF9D15346E51A0FD0336048
:1021C800BB6875605B19BB607B6801337B60072B5C
:1021D80027DC08360C9B9C46AC4463460C9323785A
:1021E800002B27D0631C9A46002316AAD377012216
:1021F8005242934600220B9220329046203291465A
:10220800383A637894460021002400255246180085
:1022180020380132099158283ED8BF498000085813
:1022280087463A000799089804F07CFB002809D1F2
:1022380032AECFE7BB68002B04D03A000799089864
:1022480004F070FB079B9B895B0601D501F058F9E8
:102258000C9843B03CBC90469946A246AB46F0BDAC
:102268000021303B1800099B0A959A460D00AB00E7
:102278005D1913786D0045191800511C30380A0093
:102288000928F4D952468A46099252460B950A9D66
:10229800180020385828C0D9099913939246002964
:1022A80001D001F01CFA139A002AC3D028AB1A7087
:1022B800002216A9CA770A9501327EE1802309997E
:1022C8001D431378A3E7531C0A9313782A2B01D1D3
:1022D80001F0CFF91800002230389346092801D9B7
:1022E80001F097F8099B5946A2469B460A9A8B002B
:1022F8005B185B0019181378541C1800303822003A
:102308000928F4D920005A465446824609928B4639
:102318005246BDE7099913780420054377E71378F7
:1023280001212B2473E710980999036804300B9353
:1023380010900B981378002800DB68E740420B9058
:10234800EAE7012309991D43137860E7099913788F
:10235800002C00D05BE70121203458E7099913933A
:102368009246002901D001F0B2F96C4B1493AB06E8
:1023780000D409E30722109B0733934301329446A4
:102388009C4462465C681B680E930F94109202236B
:10239800EA0769D50E990F9A0800104364D03021D6
:1023A8001EAA11704C206946091809781D435170FE
:1023B800002216A9CA775A4601325BD100229146FB
:1023C8000A95012B00D1CFE0022B01D100F036FC99
:1023D8000E980F995B4632AA90460993B34600E0DF
:1023E800A0464A079446434665465C1EC60807232E
:1023F800CA08354311002A000340303323702800EF
:102408000A43EDD10E900F9109995E468B460A99C1
:1024180042461294C90701D500F0F1FC32AB1B1BF0
:102428000D935B4609930D9B9B4500DA09930023A6
:1024380015934B46002B00D1C8E0099B0133099343
:10244800C4E013939246AB0600D4B2E20722109B75
:1024580007339343013294469C4462465C681B6888
:102468000E930F9401231092002216A9CA775A4698
:102478000132A3D0002291468022290091430A917B
:102488000E990F9A080010439BD15A46002A01D092
:1024980000F047FE002B01D000F071FC0120030082
:1024A80032AA2B400D931292BBD02723302128AAA1
:1024B800D15416AA9446483363441293B1E7139350
:1024C800109B92461C1D1B6816A91A001293002324
:1024D800CB77002A01D100F0A5FD5B46013301D17D
:1024E80000F08DFE5A4600211298FFF7E3F9002804
:1024F80001D100F096FF129BC21A16ABDB7F0D923A
:102508009946D343DB171A400023099210940A9581
:102518009B4615938DE7C04674A30110FCA40110D7
:10252800099913939246002901D001F0D4F8AB061B
:1025380000D40FE20722109B0733934301329446DD
:102548009C4462465C681B680E930F9410920F9B24
:10255800002B01DA00F077FC16ABDB7F99465A4670
:102568000123013288D10A950E9B0F9C002C01D0C3
:1025780000F07EFD092B01D900F07AFD27220E9B81
:1025880028A930338B54012316AA94460D936E3331
:102598006344129345E7109992460A6824200992E9
:1025A8006A4612181278139328AB1A70002216A8DC
:1025B800C2770A1D109201220A95099200229146BB
:1025C80001320D92002293461592129302230A9A21
:1025D8001A40904602D0099B0233099384230A9A31
:1025E800BC681A40119238D10B9B099A9D1A002D8C
:1025F80033DDCC4A7B689146102D1FDD22004C4606
:1026080003E0103D0836102D16DD1021103201337D
:1026180034607160BA607B60072BF2DD3A0007997D
:10262800089804F07FF9002800D00BE6103DBA683E
:102638007B6832AE102DE8DCA14614004A466419C6
:10264800013332607560BC607B60072B01DD00F0F0
:102658003BFD16ABDB7F083699464B46002B0FD067
:1026680016AA1F23944663443360012373607B6872
:1026780001340133BC607B60072B00DDC6E20836FD
:102688004346002B0CD01EAB3360022373607B687B
:1026980002340133BC607B60072B00DDC2E20836E0
:1026A800119B802B00D120E25B460D9A9B1A9B461A
:1026B800002B32DD5A467B689B4D102A22DD102202
:1026C800A84691465D4603E0103D0836102D17DDFB
:1026D800424632604A46103401337260BC607B6007
:1026E800072BF1DD3A000799089804F01BF9002838
:1026F80000D0A7E5103DBC687B6832AE102DE7DC42
:10270800AB4645465A465C44013335607260BC604E
:102718007B60072B00DDAFE208360A9BDB0500D59E
:1027280084E1129B33600D9B9C4673607B68644414
:102738000133BC607B60072B00DD6BE108360A9B28
:102748005B0731D50B9B099A9D1A002D2CDD754A24
:102758007B68914610229046102D04DC1BE0103D4A
:102768000836102D17DD6F4A1034326042460133A7
:102778007260BC607B60072BF1DD3A00079908980E
:1027880004F0D0F8002800D05CE5103DBC687B68F8
:1027980032AE102DE7DC4A466419013324C6BC600A
:1027A8007B60072B00DD36E30B9A099B9A4200DA1F
:1027B8001A000C9B9C46944463460C93002C00D052
:1027C800CEE1002332AE7B60E8E413939246AB0679
:1027D80051D50722109B07339343013294469C44FA
:1027E80062465C681B6810920E930F9400233BE6C8
:1027F80009999246002901D000F061FF109A08CA91
:102808001092AA0600D52BE3EA0601D500F058FC81
:102818006A0601D400F054FC6A46128E1A80BDE4A0
:10282800434609991D431378F1E4109992460B68C1
:102838003E4A0E9300230F9302331D431EAB1A80AA
:1028480078220B1D10933A4B1392149302230BE634
:10285800137809996C2B00D1D2E310200543D6E4F4
:102868004B4609991D431378D1E4139310231D4354
:102878009246AB06ADD4109A08CA1092EA0602D462
:102888006A0600D59BB20E9300230F93ECE56346CE
:1028980009991D431378BAE40999139392460029BC
:1028A80001D000F010FF0722109B073393431A0052
:1028B80018CA984610920122169317946400640867
:1028C80052421C4B40462100F0F7C0FC002800D0C3
:1028D800CCE20122174B524240462100EDF778FF27
:1028E800002800D0C2E21698179900220023EDF7BD
:1028F80065FF002801D000F048FD16ABDB7F994644
:10290800139B472B01DD00F080FC0B4B12938023B7
:102918009D437D3B09930D9300230A959B46159390
:1029280087E5C0461CA501102CA5011030780000D1
:10293800FCA40110FFFFEF7FD8A40110099913939D
:102948009246002901D000F0ABFE10231D43AB06D0
:1029580000D5EFE5109A08CA1092EA0600D56AE297
:102968006A0600D467E21BB20E93DB170F93EEE5FD
:10297800099913939246002901D000F09CFEC44B9C
:102988001493AB0600D5F5E4109A08CA1092EA062B
:1029980000D54BE26A0600D448E29BB20E930023AE
:1029A8000F93F4E4139310231D439246AB0600D50E
:1029B8004CE5109A08CA1092EA0602D46A0600D5B5
:1029C8009BB20E9300230F9301334DE501330D9312
:1029D8001300A34691460C0008334A465946156031
:1029E80051600D9A5C44BC607A60072A00DDF6E20B
:1029F8001E00994601320D9208364A4621AB1360F3
:102A08001B9B9C4653600D9B6444BC607B60072BFA
:102A180000DC94E63A000799089803F083FF002841
:102A280001D0FFF70FFCBC6832AE88E6139B652B1C
:102A380000DC9FE01698179900220023EDF7B8FEF6
:102A4800002800D12AE1934B0134336001237360DD
:102A58007B68BC6001337B60072B00DDB6E308367A
:102A68001F9B189A934204DB0A9BDB0701D4BC68BE
:102A780065E61A9BBA683360199B9C4673607B684D
:102A8800624401331400BA607B60072B00DDBDE2AD
:102A98000836189B013B9846002B00DC4FE642465F
:102AA8007B687D4D102A00DC43E31022914622000A
:102AB800444604E00836103C102C00DC37E3494655
:102AC8001032013335607160BA607B60072BF1DD2D
:102AD8003A000799089803F025FF002801D0FFF76E
:102AE800B1FBBA687B6832AEE5E70B9B099A9B1A83
:102AF8009846002B00DCD7E542467B68664D102AD5
:102B080022DD102291462200444603E0103C08369C
:102B1800102C17DD49461032013335607160BA60F8
:102B28007B60072BF2DD3A000799089803F0FAFE5C
:102B3800002801D0FFF786FB103CBA687B6832AEEC
:102B4800102CE7DCA04614004246444401333560AB
:102B58007260BC607B60072B00DDF6E20836A3E5F7
:102B68003A000799089803F0DDFE002800D128E60E
:102B7800FFF768FB082189467A6818990134531CC5
:102B8800B144012900DC29E1129ABC6032600122BB
:102B98007B607260072B00DDA6E24A461A99013372
:102BA8001160199A4946944664444A60BC60984644
:102BB8007B60072B00DDA5E208239C46E1444346E1
:102BC800169817994E465D1C189B0022013B9B46A0
:102BD800002311950D950836EDF7EAFD002800D081
:102BE800D3E04A46129B5C44013313604B465A4675
:102BF800BC605A607D60072D00DDF0E1434602337A
:102C08000D934B461033B1461E00F6E63A0007997D
:102C1800089803F087FE002801D0FFF713FBBC6873
:102C280032AE2DE53A000799089803F07BFE00289C
:102C380001D0FFF707FBBC6832AE31E50F20B44680
:102C480032AB19000E9A0F9B0400149D14402C5DA2
:102C580016091D07013935430C701C0923002C0087
:102C68002A001C43F0D10E920F9332AB5B1A1291DB
:102C780066460D93FFF7D5FB3A000799089803F0CD
:102C880051FE002801D0FFF7DDFABC6832AE44E5FA
:102C9800E8A4011018A501102CA501101F990029FE
:102CA80000DC5FE2159B1D00189B9D4200DD5DE185
:102CB800002D0BDD129B641933607B68756001334E
:102CC800BC607B60072B00DD53E30836EB43DB1762
:102CD8001D40159B5B1B9846002B00DD4AE11F9B9E
:102CE800189A934200DAB4E10A9AD20700D5B0E103
:102CF8001899159ACB1A8A1A1D00934200DD1500FF
:102D0800002D0EDD1599129A8C46624432607A685D
:102D1800641901327560BC607A60072A00DD69E3D6
:102D28000836EA43D21715405B1B9846002B00DC97
:102D380005E542467B68E04D102A00DCF9E11022E7
:102D480091462200444604E00836103C102C00DC72
:102D5800EDE149461032013335607160BA607B603D
:102D6800072BF1DD3A000799089803F0DBFD0028EE
:102D780001D0FFF767FABA687B6832AEE5E700234F
:102D88000D9332AB1293FFF74CFB5B46002B00DC34
:102D980033E6102B01DC00F042FC2100C64D102662
:102DA8004A465C46119B05E00832103C102C00DCBA
:102DB8000CE60133103115605660B9607B60072B53
:102DC800F2DD3A000799089803F0ACFD002801D01D
:102DD800FFF738FAB9687B6832AAE6E701210A9852
:102DE800014200D0D0E6129871603060BC607B6010
:102DF800072B00DDF3E0931C0D931036FDE5302B17
:102E080000D120E13023023A137032AB9B1A0D93A4
:102E18001292FFF706FB3A000799089803F082FD23
:102E2800002801D0FFF70EFABC68BDE40E9300231A
:102E38000F93FFF7ACFA0E93DB170F930F9B002B42
:102E480001DBFFF789FB0E990F9A00244B4294414E
:102E58000E930F942D2316AAD3779946FFF77FFB7D
:102E68000C9A1A60D2175A60FFF798F916981799B2
:102E780002000B00F0F7EAF9002800D0ACE32023A9
:102E8800139A9A435B469146013300D1C6E2472A1A
:102E980000D1C7E180235B002B430A93179B002BCB
:102EA80000DA78E2169A0993002390461193139B4F
:102EB800662B00D188E2462B00D1E7E24B46452B32
:102EC80000D1B6E123AB049320AB03931FAB02936D
:102ED8005B4601930223424600930898099B02F03F
:102EE8008DF9139B1290672B00D0D6E3129B1A0022
:102EF8005A441400EA0700D4D2E1002300224046D5
:102F08000999EDF755FC2300002809D1239B3021AE
:102F1800A34205D25A1C23921970239B9C42F9D8CC
:102F2800129A9B1A18931F9B15934B46472B00D157
:102F3800BEE1139B662B00D0C2E1159B002B00DC81
:102F480064E35B46002B00D053E3EB0700D550E366
:102F5800159B09930D93119B002B00D0E0E116AB54
:102F6800DB7F994600239B46FFF763FA1D1E00DDB1
:102F7800A0E6ABE642467B684F4D102A00DC32E102
:102F8800102291462200444604E00836103C102CDA
:102F980000DC26E149461032013335607160BA60C1
:102FA8007B60072BF1DD3A000799089803F0BAFC1B
:102FB800002801D0FFF746F9BA687B6832AEE5E72A
:102FC80040210898F9F798FE079B186018610028B7
:102FD80000D169E34023079A5361FFF7CEF83A001E
:102FE8000799089803F09EFC002801D0FFF72AF9FA
:102FF8007B68BC6801330D9332AB34AE9946FCE470
:10300800434601321D431378FFF701F93A00079947
:10301800089803F087FC002801D0FFF713F9BC6873
:1030280032AE36E55B460993062B00D9F1E0099BE1
:1030380010940D93002399469B4615931F4B0A95B0
:103048001293FFF7C3FA129A32AB9B1A0D93FFF74C
:10305800E8F91A9A3260199A944672607A68644458
:103068000132BC607A60072A00DD75E108363FE668
:1030780032ABB0460E9C0F9D1E00200029000A228C
:103088000023EDF73FFC013E303232700023200070
:1030980029000A22EDF736FC030004000D000B435B
:1030A800EBD1320032AB9B1A12960E940F9546461E
:1030B8000D93FFF7B6F9C0462CA5011010A5011015
:1030C8000C9A1A60FFF76AF83A000799089803F013
:1030D80029FC002801D0FFF7B5F816ABDB7FBC68E8
:1030E800994632AEFFF7B9FA3A000799089803F003
:1030F80019FC002801D0FFF7A5F832AABC687B6844
:1031080091464AE53A000799089803F00BFC002815
:1031180001D0FFF797F87B68BC68984632AB9946B0
:103128004DE5012B01D0FFF74FF9FFF727FAA0462D
:10313800140042464444013335607260BC607B60D1
:10314800072B01DCFFF7FAFA64E43A0007990898BC
:1031580003F0E8FB002801D0FFF774F8BC6832AE32
:10316800FFF7A2FAD64B01343360012373607B6802
:10317800BC6001337B60072B00DD18E108360029AD
:1031880002D1189B002B47D01A9B3360199B9C4691
:1031980073607B6864440133BC607B60072B00DD8F
:1031A8004CE132000832002900DA82E11299013339
:1031B800116018997B608C4664445160BC60072B91
:1031C80000DD27E408321600FFF7B9FA3A0007993C
:1031D800089803F0A7FB002801D0FFF733F832AEB8
:1031E8003EE4A04614004246444401333560726010
:1031F800BC607B60072B00DD3CE108366FE5129868
:10320800FEF750FF0200FFF778F9AE4B1293FFF775
:103218007EFB062309930AE70A9BDB0701D4FFF725
:103228008EFAB1E75B46002B00D033E601239B46BC
:1032380030E65B465A1C23AB049320AB03931FABC9
:10324800029302230D92019200934246099B08982B
:1032580001F0D4FF1290139B472B00D003E2EB0739
:1032680000D4ECE10D9A129B944663441C00139B16
:10327800462B00D041E6129B1B78302B02D01F9BB7
:10328800E4183AE60022002340460999EDF790FA3F
:103298000028F4D101230D9A9B1A1F93E4182CE6F9
:1032A800239AD31A18931F9B15934B46472B07D184
:1032B800159BDA1C01DB9B453ADA139B023B1393FF
:1032C8006A464C21159B521812785C1E21AB1F943C
:1032D80099461A70002C00DA6CE12B234A46537089
:1032E800092C00DD11E130234A4630349370D47044
:1032F80022AB4A469B1A189A9C46110061441B93BC
:103308000D91012A00DC5CE1199B0D9A9C466244F0
:10331800D343DB170D921A400023099215931AE63E
:103328002D2316AAD377994600239B46FFF785F8E5
:10333800159B18998B4200DA8EE0EA0700D42FE13A
:10334800199B159A9C4662440D92D343DB171A4089
:10335800672309921393FEE53A000799089803F04A
:10336800E1FA002801D0FEF76DFF1F9BBC6832AE62
:10337800BEE43A000799089803F0D4FA002801D06F
:10338800FEF760FFBC6832AEA0E42D2316AAD377FF
:103398009946FFF7B5FA8022169B179C12069846A5
:1033A80094462300634409932D2311937FE53A0043
:1033B8000799089803F0B6FA002801D0FEF742FFF3
:1033C8001F99BC6832AEDAE623AB049320AB0393B3
:1033D8001FAB02935B460193032342460093089870
:1033E800099B01F00BFF03005B441C005B46129035
:1033F8000D9340E73A000799089803F093FA0028DC
:1034080001D0FEF71FFF189B1F9ABC689B1A32AEAB
:1034180087E40A9A92465246FEF73AFF06239B46ED
:1034280038E516ABDB7F109499465B4609930D93FC
:1034380000230A959B461593FEF7FBFF3A00079970
:10344800089803F06FFA002801D0FEF7FBFE1F99D9
:10345800BC687B6832AAA6E6199B189A9C46159BFD
:1034680062440D92002B00DD6FE7159A0D9B981AA8
:10347800421C69E73A000799089803F053FA0028B4
:1034880001D0FEF7DFFEBC6832AE28E423AB04931C
:1034980020AB03931FAB02935B4601930323424681
:1034A80000930898099B01F0A9FE5B4612900D93C2
:1034B800D8E64E42044D103168DA1021884609E0FA
:1034C80018A50110DCA401102CA501100832103E2B
:1034D800102E5BDD41461034013315605160BC602D
:1034E8007B60072BF2DD3A000799089803F01AFA77
:1034F800002801D0FEF7A6FEBC687B6832AAE6E782
:1035080001235B420C93FEF7A3FE16AA3B239446C5
:103518006344B346A8461E0000E02E0020000A219E
:10352800EDF718F9751E3031297020000A21EDF7E2
:103538002BF804000928F0DC32002B0016A95E469F
:103548004546934698468C4613003B223034E4B2F5
:10355800023B62441C709A4200D899E03B235A46C9
:1035680063449A1A012358465B4201E0C45C013364
:103578004946C918CC709A42F8D116A98C462E2211
:10358800434662449446FB1A6344B2E6A4190133E5
:1035980015605660BC607B60072B57DC083205E677
:1035A8001A00DB431100DB171940672309910D92BC
:1035B8001393D0E40124159B4A46E41A2D23537033
:1035C8008EE601232B40159300D09DE6CB430A00DD
:1035D800DB171A400992BEE4179B002B27DB16ABBA
:1035E800DB7F9946139B472B1DDC3F4B1293FFF75C
:1035F8008EF9199A159B94466344180002005A44A0
:10360800D343DB170D921A400992A4E45B46002BC2
:1036180012D1EB0710D4012309930D939BE43300D7
:10362800324DFFF7DAF9324B1293FFF770F92D2379
:1036380016AAD3779946D5E7199B581CDEE7239B32
:10364800129A9B1A18931F9B159331E63A00079913
:10365800089803F067F9002801D0FEF7F3FDBC686D
:103668007B6832AAA2E5129A0D9B944663441C001B
:1036780043E4109B0999181D1B689B46002B02DA2E
:1036880001235B429B46537810900A9AFEF7BFFDD0
:1036980016AA2E23944663442BE65B460D93DAE57F
:1036A80016ABDC77FFF751F90C23089A13600D3B32
:1036B8000C93FEF7CDFD16ABDC77FFF760F916AB80
:1036C800DC77FFF79BF816ABDC77FFF7ECF816AB67
:1036D800DC77FEF74AFE16ABDC77FEF728FF16AB61
:1036E800DC77FEF7E0FDC046E0A401102CA5011030
:0436F800E4A4011035
:1036FC00F0B5DE464E4645465746E0B5C3B08B4660
:10370C0091461C000D930500079002F07FFD0368A5
:10371C0018001A93FEF7C4FC1990002D04D0AB6B63
:10372C000893002B00D1A9E05B465A460C21595E48
:10373C00526E8BB2D20702D49A0500D4C7E0802215
:10374C009201134209D10A435B4659469A81496E4C
:10375C00B64B0B4059464B6693B21A075ED55A4688
:10376C001269002A5AD01A221A400A2A6FD032AB98
:10377C002593002325AFBB607B60189300240023A6
:10378C00169317940023DA46CB4632AE14931B9350
:10379C000A935B461B78002B00D141E25C46252B3B
:1037AC0002D11CE0252B03D001342378002BF9D156
:1037BC005B46E51A0FD03360BB6875605B19BB6064
:1037CC007B6801337B60072B5CDC08360A9B9C46CC
:1037DC00AC4463460A932378002B00D120E2631C8F
:1037EC009B46002316AAD37701225242914600220F
:1037FC000B922032944620326378904600210024AC
:10380C0000255A460132089118002038582801D951
:10381C0000F018FC864980000858874659460798DE
:10382C0001F0C4FB5B4600280CD05B6EDB0705D4B3
:10383C005B469B899B0501D400F0FCFB01235B429A
:10384C000A933CE01A229B891A400A2A8FD15A46C5
:10385C000E21525E002A8ADB5A46526ED20705D4DC
:10386C009B0503D45B46986DFDF7D4FC23004A46B8
:10387C005946079801F07AFA0A9020E00798FCF76D
:10388C00E5FE51E73A005146079803F015F9002878
:10389C0009D132AE9AE73A005146079803F00CF979
:1038AC00002800D1B4E1D3465A465B46526E9B8940
:1038BC00D20702D49A0500D4B5E35B06BED40A98AD
:1038CC0043B03CBC90469946A246AB46F0BD5B4625
:1038DC00986DFDF79DFC5B460C21595E8BB22EE773
:1038EC000021303B1800089B09959B460D00AB004E
:1038FC005D1913786D0045191800511C30380A00F9
:10390C000928F4D9594693460B95099D08915A46B6
:10391C007AE708991378002C00D073E70121203442
:10392C0070E7012308991D4313786BE708991393EB
:10393C009346002901D001F00AFA3E4B1493AB06D2
:10394C0000D437E307220D9B07339343013294468F
:10395C009C4462465C681B680E930F940D92022384
:10396C00EA070DD50E990F9A0800104308D03021A4
:10397C001EAA11704C206946091809781D43517014
:10398C00002216A9CA774A46013200D197E10022DB
:10399C00904680222900914309910E990F9A0800B4
:1039AC00104300D08EE14A46002A01D000F02DFED3
:1039BC00002B01D000F012FD0120030032AA2B4095
:1039CC000C93129208D02723302128AAD15416AA7E
:1039DC0094464833634412934B4608930C9B994589
:1039EC0000DA0893002315934346002B02D0089B62
:1039FC00013308930223099A1A40109202D0089BB3
:103A0C00023308938423099ABC681A40119241D15D
:103A1C000B9B089A9D1A002D3CDD074A7B6890464B
:103A2C00102D28DD220044460CE0C046FFDFFFFFCE
:103A3C003CA50110C4A60110E4A60110103D0836E7
:103A4C00102D16DD10211032013334607160BA6014
:103A5C007B60072BF2DD3A005146079803F02CF8F7
:103A6C00002800D01FE7103DBA687B6832AE102DDD
:103A7C00E8DCA046140042466419013332607560DC
:103A8C00BC607B60072B01DD00F028FD16ABDB7FF3
:103A9C00083698464346002B10D016AA1F2394468E
:103AAC0063443360012373607B6801340133BC6071
:103ABC007B60072B01DD00F005FC0836109B002B0A
:103ACC000DD01EAB3360022373607B68023401336C
:103ADC00BC607B60072B01DD00F001FC0836119BFC
:103AEC00802B00D1B4E34B460C9A9B1A9846002BC2
:103AFC0032DD42467B68CA4D102A21DD10229146E8
:103B0C002200444603E0103C0836102C16DD4946D2
:103B1C001032013335607160BA607B60072BF2DDC7
:103B2C003A005146079802F0C7FF002800D0BAE6C9
:103B3C00103CBA687B6832AE102CE8DCA04614004E
:103B4C0042464444013335607260BC607B60072B95
:103B5C0001DD00F0EEFB0836099BDB0500D50FE319
:103B6C00129B33600C9B9C4673607B6864440133EE
:103B7C00BC607B60072B00DDF6E20836099B5B0717
:103B8C0039D50B9B089A9D1A002D34DDA54A7B680C
:103B9C00904610229146102D04DC1BE0103D083697
:103BAC00102D17DD9F4A103432604A460133726083
:103BBC00BC607B60072BF1DD3A005146079802F0A0
:103BCC007BFF002800D06EE6103DBC687B6832AEEF
:103BDC00102DE7DC42466419013324C6BC607B60BF
:103BEC00072B08DD3A005146079802F065FF0028C4
:103BFC0000D058E6BC680B9A089B9A4200DA1A006F
:103C0C000A9B9C46944463460A93002C00D042E6DF
:103C1C0000237B605B461B7832AE002B00D0BDE5E9
:103C2C00BB68D346002B01D000F085FF00237B60DE
:103C3C003AE613930D9B93461C1D1B6816A91A009C
:103C4C0012930023CB77002A01D100F040FE4B46A3
:103C5C00013301D100F09FFE4A4600211298FDF776
:103C6C0027FE002801D100F0E9FD129BC21A16AB09
:103C7C00DB7F0C929846D343DB171A400023089243
:103C8C000D94099599461593AEE613939346AB069E
:103C9C0000D476E107220D9B16A90733934301321A
:103CAC0094469C4462465C681B680D920022CA775D
:103CBC004A460E930F940123013200D067E600228E
:103CCC0090460995012B00D1D8E0022B00D113E3CB
:103CDC000E980F994B4632AA089391460C9600E029
:103CEC00A1464A0794464B466546C2085C1E07230C
:103CFC0015432A000340CE083033237028003100CE
:103D0C003243EDD10E900F9108994A468946099994
:103D1C0012940C9EC90700D5D4E332AB1B1B0C9339
:103D2C005AE60D980899036804300B930D900B9884
:103D3C001378002800DB65E540420B900420054316
:103D4C0060E5137801212B245CE508991378F5E7DD
:103D5C00531C9B4613782A2B01D100F0D1FF18007D
:103D6C000022303891465A46092800D9CFE5089BE5
:103D7C004946A34699468B005B185B0019181378CB
:103D8C00541C1800303822000928F4D94A468946B8
:103D9C0021005C468B4608925A4635E508999346B5
:103DAC00002901D000F0C0FF0D9A08CA0D92AA0696
:103DBC0001D400F04AFC0A9A1A60D2175A60E8E45F
:103DCC0013939346AB0600D4C8E007220D9B073330
:103DDC009343013294469C4462465C681B680D9286
:103DEC000E930F940023CBE50D9993460B680E4A66
:103DFC000E9300230F9302331D431EAB1A807822BF
:103E0C000B1D0D93094B139214930223B8E51378F1
:103E1C0008996C2B01D100F038FD10200543F1E41A
:103E2C00F4A60110E4A6011030780000C4A601101D
:103E3C00089913939346002901D000F079FF1023C1
:103E4C001D43AB0600D4F8E207220D9B07339343C6
:103E5C00013294469C4462465C681B680E930F9436
:103E6C000D920F9B002B00DAFAE216ABDB7F984623
:103E7C004A460123013200D08BE509950E9B0F9C1D
:103E8C00002C00D0F1E0092B00D9EEE027220E9B8C
:103E9C0028A930338B54012316AA94460C936E3305
:103EAC006344129398E5089913939346002901D023
:103EBC0000F046FF07220D9B073393431A0018CAE4
:103ECC0098460D920122169317946400640852428E
:103EDC00DA4B40462100EFF7B7F9002800D0C1E3D8
:103EEC000122D64B524240462100ECF76FFC0028D1
:103EFC0000D0B7E31698179900220023ECF75CFC6E
:103F0C00002801D000F075FC16ABDB7F9846139BA4
:103F1C00472B01DD00F03BFDC94B129380239D43E1
:103F2C007D3B08930C9300230995994615935BE50B
:103F3C00802308991D43137864E4634608991D4354
:103F4C0013785FE4082308991D4313785AE41393FC
:103F5C0010231D439346AB0600D536E70D9A08CACD
:103F6C000D92EA0602D46A0600D59BB20E9300238A
:103F7C000F9305E5139310231D439346AB0600D511
:103F8C0088E60D9A08CA0D92EA0602D46A0600D594
:103F9C009BB20E9300230F930133F1E40899139312
:103FAC009346002901D000F0C7FEA64B1493AB0634
:103FBC0000D5C7E40D9A08CA0D92EA0600D55BE25B
:103FCC006A0600D458E29BB20E9300230F93C6E40A
:103FDC000D9993460A68202008926A4612181278A6
:103FEC00139328AB1A70002216A8C2770A1D0D92E3
:103FFC000122099508920022904601320C9200226F
:10400C00129391461592F5E408991393934600295F
:10401C0000D116E716ABDC7713E7434608991D432E
:10402C001378FFF7EFFB5B46986DFDF7F3F85B46F3
:10403C009B8942E45B46986DFDF7ECF801235B42EB
:10404C000A933CE4089913939346002901D000F09D
:10405C0082FE139A002A00D1E2E528AB1A700022E6
:10406C0016A9CA7709950132C4E74A460E9C0F9DE2
:10407C0032ABB1461E000892200029000A22002310
:10408C00ECF73EFC013E3032327000232000290058
:10409C000A22ECF735FC030004000D000B43EBD1B6
:1040AC003200089B12964E46994632AB9B1A0E94E0
:1040BC000F950C9390E4082189467A68189901347D
:1040CC00531CB144012900DCDBE1129ABC60326064
:1040DC0001227B607260072B00DD79E24A461A9957
:1040EC0001331160199A4946944664444A60BC6095
:1040FC0098467B60072B00DD78E208239C46E14460
:10410C004346169817994E465D1C189B0022013B9E
:10411C001093002311950C950836ECF747FB0028FB
:10412C0000D061E1129A7D60013213004A4613609F
:10413C00109B9C4664445360BC60072D00DDB0E1CD
:10414C00434602330C934B461033B1461E004A468D
:10415C0021AB13601B9B9C4653600C9B6444BC605E
:10416C007B60072B00DC09E53A005146079802F00A
:10417C00A3FC002801D0FFF796FBBC6832AEFDE42F
:10418C00139B652B97DD1698179900220023ECF7EB
:10419C000DFB002800D1D9E02B4B013433600123F7
:1041AC0073607B68BC6001337B60072B00DD12E31E
:1041BC0008361F9B189A934203DB099BDB0700D43C
:1041CC0014E31A9BBA683360199B9C4673607B6836
:1041DC00624401331400BA607B60072B00DD5AE3A4
:1041EC000836189B013B9846002B00DCC6E442467F
:1041FC007B68164D102A00DC0EE21022914622003C
:10420C00444604E00836103C102C00DC02E249461F
:10421C001032013335607160BA607B60072BF1DDC1
:10422C003A005146079802F047FC002801D0FFF7EE
:10423C003AFBBA687B6832AEE5E7C046FFFFEF7F1A
:10424C00A0A60110B0A60110E0A60110F4A6011062
:10425C000B9B089A9B1A9846002B00DC43E44246C1
:10426C007B68DA4D102A20DD2200444603E0103C26
:10427C000836102C17DD10211032013335607160B7
:10428C00BA607B60072BF2DD3A005146079802F0CA
:10429C0013FC002801D0FFF706FB103CBA687B68C2
:1042AC0032AE102CE7DCA0461400424644440133E5
:1042BC0035607260BC607B60072B00DDB8E10836AE
:1042CC00FFF711FC3A005146079802F0F5FB002865
:1042DC0001D0FFF7E8FABC6832AEFFF7EFFB3A000B
:1042EC005146079802F0E8FB002801D0FFF7DBFAF3
:1042FC00BC6832AEFFF7F3FB0F200E9A0F9BB4464F
:10430C0032A90400149D14402C5D1E0715090139B7
:10431C002E430C701C092300340032001C43F0D1D6
:10432C000E920F9332AB5B1A129166460C93FFF709
:10433C0053FB3A005146079802F0BEFB002801D00F
:10434C00FFF7B1FABC6832AEFFF706FC1F990029E3
:10435C0000DC08E2159B1D00189B9D4200DD1D0032
:10436C00002D0BDD129B641933607B687560013383
:10437C00BC607B60072B00DD3CE30836EB43DB17AE
:10438C001D40159B5B1B9846002B00DCC1E0424690
:10439C007B688E4D102A00DC8DE2102221009146A4
:1043AC0044463200564604E00832103C102C00DC27
:1043BC007DE248461031013315605060B9607B6076
:1043CC00072BF1DD3A003100079802F075FB00284D
:1043DC0000D0BBE3B9687B6832AAE6E700230C93F4
:1043EC0032AB1293FFF7F8FA109B002B00DCAEE611
:1043FC00102B01DC00F05BFC2100744D1C0010261E
:10440C004A46119B05E00832103C102C00DC22E2DD
:10441C000133103115605660B9607B60072BF2DDFB
:10442C003A005146079802F047FB002801D0FFF7ED
:10443C003AFAB9687B6832AAE6E70D9A08CA0D9277
:10444C00EA0606D46A0604D51BB20E93DB170F934B
:10445C0007E50E93DB170F930F9B002B00DB04E596
:10446C000E990F9A00244B4294410E930F942D23D6
:10447C0016AAD3779846FBE40E9300230F93FFF70D
:10448C006EFA01210998014200D01EE61298716063
:10449C003060BC607B60072B03DC931C0C931036E4
:1044AC0055E63A005146079802F006FB002801D069
:1044BC00FFF7F9F97B68BC6801330C9332AB34AE6F
:1044CC00994644E6302B00D113E23023023A1370A4
:1044DC0032AB9B1A0C931292FFF77EFA3A005146BC
:1044EC00079802F0E9FA002801D0FFF7DCF916ABC7
:1044FC00DB7FBC68984632AEFFF7CCFA3A005146E7
:10450C00079802F0D9FA002801D0FFF7CCF9BC6863
:10451C0032AE1F9B189A934248DB099AD20745D4B6
:10452C001899159ACB1A8A1A1D00934200DD1500B2
:10453C00002D0EDD1599129A8C46624432607A6811
:10454C00641901327560BC607A60072A00DD63E192
:10455C000836EA43D21715405B1B9846002B01DC4A
:10456C00FFF70CFB42467B68184D102A54DD1022D5
:10457C0091462200444603E00836103C102C49DDDD
:10458C0049461032013335607160BA607B60072B8D
:10459C00F2DD3A005146079802F08EFA002801D05D
:1045AC00FFF781F9BA687B6832AEE6E71A9A326097
:1045BC00199A944672607A6864440132BC607A60DD
:1045CC00072A00DD09E20836AAE7C046F4A6011066
:1045DC003A005146079802F06FFA002801D0FFF715
:1045EC0062F932AABC687B68914677E53A0051467D
:1045FC00079802F061FA002801D0FFF754F97B68A4
:10460C00BC68984632AB99467AE5012B01D0FFF78E
:10461C005CFB3BE4A0461400424644440133356045
:10462C007260BC607B60072B01DCFFF7A6FA9BE590
:10463C003A005146079802F03FFA002801D0FFF7E4
:10464C0032F9BC6832AEFFF74EFAEA0606D46A06B7
:10465C0004D56A46128D1A80FFF79BF80A9A1A60E5
:10466C00FFF797F81698179902000B00EEF7ECFD80
:10467C00002800D0E4E22023139A9A4313000C92F2
:10468C004A46013200D1D6E0472B00D1BEE180234F
:10469C005B002B430993179B002B00DABDE1169AA4
:1046AC000893002390461093139B662B00D1C0E116
:1046BC00462B00D12CE20C9B452B00D1F1E123AB16
:1046CC00049320AB03931FAB02934B46019302233D
:1046DC00424600930798089B00F08EFD139B1290A6
:1046EC00672B00D030E3129B1A004A441400EA07EF
:1046FC0000D404E10023002240460899ECF756F858
:10470C002300002809D1239B3021A34205D25A1C37
:10471C0023921970239B9C42F9D8129A9B1A1893D6
:10472C001F9B15930C9B472B00D1F0E0139B662B22
:10473C0000D0F4E0159B002B00DCAFE24B46002BC5
:10474C0000D08AE2EB0700D587E2159B08930C9307
:10475C00109B002B00D024E116ABDB7F9846002386
:10476C009946FFF741F9E04B013433600123736044
:10477C007B68BC6001337B60072B40DC083600296A
:10478C0007D1189B002B04D1099BDB0701D4FFF741
:10479C00F5F91A9B3360199B9C4673607B686444E3
:1047AC000133BC607B60072B00DD6CE1320008320A
:1047BC00002900DACDE112990133116018997B6060
:1047CC008C4664445160BC60072B00DDCCE408329D
:1047DC001600FFF7D3F93A005146079802F06CF92E
:1047EC00002801D0FFF75FF832AEE2E4BC68FFF7B7
:1047FC00C5F92D2316AAD3779846FFF788FB3A0004
:10480C005146079802F058F9002801D0FFF74BF8F1
:10481C001F99BC6832AEB2E73A005146079802F0D5
:10482C004BF9002801D0FFF73EF8189B1F9ABC6883
:10483C009B1A32AE8DE60623994628E716ABDB7F32
:10484C000D9498464B4608930C9300230995994672
:10485C001593FFF7C9F801330C931300109491468C
:10486C000C0008334A461560109A494694464A6033
:10487C000C9A6444BC607A60072A00DD11E61E00C5
:10488C0001320C920836994661E4634601321D43AD
:10489C001378FEF7B7FF3A005146079802F00CF96F
:1048AC00002801D0FEF7FFFFBC6832AE99E4A046A9
:1048BC00B2460C0016004246444401333560726027
:1048CC00BC607B60072B00DD18E6083621E64B4602
:1048DC000893062B01D906230893089B0D940C937F
:1048EC000023984699461593804B09951293FFF730
:1048FC0081F8129A32AB9B1A0C93FFF76DF8239A3E
:10490C00D31A18931F9B15930C9B472B07D1159B00
:10491C00DA1C01DB99454CDA139B023B13932C22D6
:10492C00159B4C215C1E16AB9B186A4652181278CC
:10493C001F941A70002C00DAA7E12D212B2316AA44
:10494C0052181370092C00DD2FE12E21302316AAEA
:10495C00521813702F2216AB9B1830341C7022ABDC
:10496C0021AA9B1A189A9C46110061441B930C9126
:10497C00012A00DC7EE1199B0C9A9C466244D343CD
:10498C00DB170C921A40002308921593E0E6584B63
:10499C001293FFF7C3FA1298FDF782FB0200FFF7A0
:1049AC0066F92D2316AAD377984600239946FFF76C
:1049BC001EF8159B18998B4200DA9BE0EA0700D48D
:1049CC0034E1199B159A9C4662440C92D343DB1735
:1049DC001A40672308921393BAE63A005146079897
:1049EC0002F06AF8002801D0FEF75DFF1F9BBC683F
:1049FC0032AE95E53A005146079802F05DF8002872
:104A0C0001D0FEF750FFBC6832AEB7E44B46002B2A
:104A1C0000D03CE60123994639E68022169B179C70
:104A2C001206984694462300634408932D23109352
:104A3C003AE623AB049320AB03931FAB02934B4694
:104A4C0001930323424600930798089B00F0D4FB84
:104A5C0003004B441C004B4612901193129B1B7885
:104A6C00302B02D01F9BE41844E600220023404662
:104A7C000899EBF79BFE0028F4D10123119A9B1A9D
:104A8C001F93E41836E63A005146079802F014F8E2
:104A9C00002801D0FEF707FF1F99BC687B6832AA7B
:104AAC0086E64B465A1C23AB049320AB03931FABF7
:104ABC00029302231192019200934246089B07989D
:104ACC0000F09AFB1290139B472B00D012E1EB07DE
:104ADC0000D408E1119A129B944663441C00139B6A
:104AEC00462BBBD006E6C046E0A60110D8A60110A6
:104AFC00A4A60110199B189A9C46159B62440C9213
:104B0C00002B00DD62E7159A0C9B981A421C5CE79F
:104B1C0023AB049320AB03931FAB02934B4601933F
:104B2C000323424600930798089B00F065FB4B4615
:104B3C0012901193CEE73A005146079801F0BCFF52
:104B4C00002801D1FFF772F8FEF7AEFEB346FEF770
:104B5C00ABFE4E42824D10311CDA1021884603E028
:104B6C000832103E102E15DD41461034013315600D
:104B7C005160BC607B60072BF2DD3A005146079810
:104B8C0001F09AFF002801D0FEF78DFEBC687B680F
:104B9C0032AAE6E7A419013315605660BC607B604D
:104BAC00072B00DD92E0083205E616AA3B2394465B
:104BBC006344B146A8461E0000E02E0020000A21E6
:104BCC00EBF7C6FD751E3031297020000A21EBF77A
:104BDC00D9FC04000928F0DC32002B0016A94E4643
:104BEC004546914698468C4613003B223034E4B23D
:104BFC00023B62441C709A4200D890E03B234A4628
:104C0C0063449A1A012348465B4201E0C45C0133B9
:104C1C0021A9C918CC709A42F8D116A98C462E221B
:104C2C00434662449446FB1A634499E61A00DB43FC
:104C3C001100DB171940672308910C92139387E539
:104C4C00179B002B3ADB16ABDB7F9846139B472B4D
:104C5C0030DC444B1293FFF761F9199A159B94467B
:104C6C006344180002004A44D343DB170C921A40E9
:104C7C0008926DE501232B40159300D07BE6CB43C6
:104C8C000A00DB171A40089262E50124159B16AA4C
:104C9C00E41A2D231F395218137053E64B46002B80
:104CAC0011D1EB070FD4012308930C9350E533007B
:104CBC002B4DD7E52C4B1293FFF730F92D2316AA69
:104CCC00D3779846C2E7199B581CCBE73A0051465C
:104CDC00079801F0F1FE002801D0FEF7E4FDBC6856
:104CEC007B6832AA67E5239B129A9B1A18931F9B29
:104CFC0015930CE6129A119B944663441C00F9E43C
:104D0C000D9B0899181D1B689946002B02DA01238C
:104D1C005B42994653780D905A46FEF773FD16AADE
:104D2C002E23944663441BE616ABDC77FFF73CF866
:104D3C0016ABDC77FFF783F816ABDC77FFF735F9AA
:104D4C0016ABDC77FFF7B6F84B461193BBE616AB08
:104D5C00DC77FEF7F2FD16ABDC77FFF77AF9C0468D
:0C4D6C00F4A60110A8A60110ACA60110CE
:104D7800F0B5150002221E4C1F008B89A5449343F1
:104D88006A4693814B6E06001993CB8916A8D38186
:104D9800CB690C0007934B6A09931AAB00930493F1
:104DA8008023DB000293059300230693FCF72EFA79
:104DB8002A003B0069463000FEF79CFC051E0EDA0F
:104DC8006B469B895B0603D54022A3891343A381C5
:104DD8001698FCF71DFA2800064B9D44F0BD69465D
:104DE8003000FBF7AFFB0028EAD001256D42E7E76A
:084DF80094FBFFFF6C040000B6
:104E000010B50B000349020008688168FEF776FCC4
:084E100010BDC046740600202D
:104E180030B504009BB01800002A2DDB82236D46B4
:104E28009B00AB8100910491002A13D00123013A21
:104E38005B4202920592EB8102001E9B69462000AC
:104E4800FDF77EF9431C01DA8B2323600023009AC7
:104E580013700CE001235B4202920592EB81020081
:104E68001E9B69462000FDF76BF9431C01DB1BB054
:104E780030BD8B232360FAE78B2301202360404257
:044E8800F5E7C04644
:104E8C0010B50400054882B00068009313000A00B6
:104E9C002100FFF7BBFF02B010BDC0467406002016
:104EAC00F8B506000D001400002802D0836B002B0F
:104EBC004BD0A369A3600C23E25E91B20B071FD504
:104ECC002369002B1CD0FF20EFB20540802080010D
:104EDC00014226D022686169D31A99422CDD013334
:104EEC00A1680139A160511C2160177062699A4256
:104EFC002ED0A389DB0701D50A2D29D02800F8BDB7
:104F0C002100300000F052F8002827D1FF20EFB22A
:104F1C00054080200C23E25E800191B2236901429E
:104F2C00D8D10243616EA2810E4A0A406266616961
:104F3C002268D31A9942D2DC21003000FBF700FB27
:104F4C0000280BD122680123CAE7FBF77FFBB0E7EF
:104F5C0021003000FBF7F4FA0028CFD001256D4278
:084F6C00CCE7C046FFDFFFFFA8
:104F7400002904D0FF2A04D801200A7070470020B9
:0C4F8400FCE78A23036001204042F7E7AD
:104F900070B50500080011000022064C22601A00BE
:104FA000F8F748FB431C00D070BD2368002BFBD0F2
:084FB0002B60F9E7ACAB002017
:104FB800334B70B5050018680C00002802D0836BCD
:104FC800002B3DD00C23E25E93B219070DD5216961
:104FD800002915D0DA0722D50023A36063690020D1
:104FE8005B42A361002922D070BDD90640D55B077A
:104FF80029D4216908231343A3819BB20029E9D14D
:10500800A0228020920080001A408242E2D0210033
:105018002800FCF733F9A3892169DA07DCD40022D8
:105028009B0700D46269A26000200029DCD10C2211
:10503800A35E1A06D8D540221343A3810138D3E7CB
:10504800FBF706FBBEE7216B00290AD0230040339B
:10505800994204D02800F7F799FE0C23E25E00235A
:10506800236324239A430023216963602160C1E7F5
:1050780009232B60402301201A43A2814042B3E751
:04508800740600208A
:10508C00002370B5064C050008002360F8F75EFAA3
:10509C00431C00D070BD2368002BFBD02B60F9E7BC
:0450AC00ACAB002089
:1050B000F0B5454680465746DE464E464346E0B587
:1050C0001B690D6985B00F000020AB4200DA92E049
:1050D00014239C468C446246013DAB000292D618D4
:1050E000142242449146994433680192591C4B461C
:1050F0001868EBF7C3F9041E46D0029A00239246C3
:10510000002001994A46A446B1465446BB46AA46E9
:1051100006000D001F000392634604CC1004000C2F
:105120005843120C5A43C019030CD2182B680004C0
:105130001904090C8919170C000C1204091A120C15
:105140001B0C9B1A0A149B1809041E14090C1B043F
:10515000194302C5A145DFD2039B4E4699461B6801
:10516000644655465F46002B0ED14B46019A043BE0
:105170009A4204D306E0043B013D9A4202D21968E8
:105180000029F8D043461D613900404601F0B0FACD
:1051900000282FDB029B01340020A4461900019F48
:1051A0003B6810C91A04120C10182204120C821A3F
:1051B0001B0C200C1B1A10141B1812041814120CB0
:1051C0001B04134308C78E42EAD2019A64469446F0
:1051D000AB006344196800290CD1043B9A4204D304
:1051E00006E0043B013D9A4202D219680029F8D03A
:1051F00043461D61200005B03CBC90469946A2463E
:04520000AB46F0BD0C
:10520400F0B557464E46DE464546E0B516001F004B
:10521400016C9DB0040002960397002908D0012375
:10522400426C93404A608B6001F03CF80023236495
:105234003D1E00DAB8E10023299A13602A00CC4B02
:105244001A409A4200D1BBE1029E039F0022002330
:1052540030003900EBF7AEFA002813D00123289A66
:1052640013602A9B002B00D1D4E1C24B2A9A13600D
:10527400013B9A4650461DB03CBC90469946A24616
:10528400AB46F0BD1AAB01931BAB009332003B005D
:10529400200001F0D7FA2B0D834600D0ADE11A9B14
:1052A40098461B9B43441E00B34BF318202B01DC90
:1052B40000F096FC4022D31A9D40B04B0298F3189C
:1052C400D8402843EEF750F80123AD4D1693491901
:1052D400751E0022AB4BEDF773FCAB4AAB4BEDF7FD
:1052E400FDF9AB4AAB4BECF7D3FA060028000F00EC
:1052F400EEF700F8A84AA94BEDF7F0F902000B000D
:1053040030003900ECF7C4FA06000F00EDF7BCFFDB
:1053140000220690002330003900EBF751FA0028F0
:105324000DD0069B18009946EDF7E4FF3B003200D0
:10533400EBF740FA434258414B461B1A06930123AC
:10534400069E0A93162E10D89549F300C9180868CA
:105354004968029A039BEBF747FA002801D100F051
:1053640045FC0023013E06960A9343465D1B002339
:1053740004932B00013B984604D501235B1B049343
:1053840000239846069B002B00DA8AE29C46099388
:1053940000239946E044269B092B00D93DE10126D0
:1053A400052B02DD0026043B2693269B032B01D10B
:1053B40000F043FD01DC00F0F9FC269B042B01D135
:1053C40000F06EFC01230893269B052B01D000F00E
:1053D400F3FC279A069B944663440B93013307938B
:1053E4001F1E00DC01270023079D63640021172F83
:1053F40000DC20E1012204335B00180014301100AA
:105404000132B842F8D96164200000F023FF8246DB
:1054140020640E2D00D816E11B9B002B00DA22E23B
:10542400069A0E2A00DD1EE25D4BD2009B181A6814
:105434005B6804920593279B002B01DA00F03BFC88
:10544400029E039F049A059B30003900ECF73CFD53
:10545400EDF71AFF8146EDF74DFF049A059BEDF732
:105464003DF902000B0030003900EDF7A9FB53466B
:105474005D1C4B46524630331370079B06000F00E9
:10548400012B45D00022474BEDF728F900220023D9
:1054940006000F00EBF78EF9002800D069E3022222
:1054A400079B5244534402931500A1460EE0002288
:1054B4003C4BEDF713F90022002306000F000135E1
:1054C400EBF778F9002801D000F0C2FC049A059BA0
:1054D40030003900ECF7F8FCEDF7D6FE0400EDF7E8
:1054E40009FF049A059BEDF7F9F802000B00300060
:1054F4003900EDF765FB22006B1E30321A70029BF7
:1055040006000F00A846AB42D1D14B46A1461C0071
:1055140032003B0030003900ECF7BAF9049A059BDD
:1055240006000F00EBF760F900280CD1049A059BE4
:1055340030003900EBF73EF9002800D119E34B465F
:10554400DB0700D415E36B1E1978504607E0984238
:1055540001D100F002FD023D29781D00013B1A0033
:105564003929F4D082460291029E0136167000E376
:105574000000F07F15A7011032040000120400009F
:10558400000010FE0000F83F61436F63A787D23F1D
:10559400B3C8608B288AC63FFB799F501344D33F1E
:1055A40040A70110000024400123299A7D006D08C2
:1055B40013602A00BF4B03951A409A4200D043E679
:1055C400BD4B289A1360029B002B0CD12D030AD1EA
:1055D4002A9B002B01D100F0ABFDB84B9A4608334F
:1055E4002A9A136046E62A9B002B02D1B44B9A46B2
:1055F40040E6B34B9A460333F2E73A03B14D120B3C
:105604001543B14A29009D181A9B3000984600237F
:1056140016935EE6AD4B9A462CE601250023012243
:1056240001266D42269308920795279300230021B3
:105634006364079B0B93200000F00CFE82462064F9
:105644000E2D00D9E8E6002E00D1E5E6029A039B70
:10565400069F0E920F93002F00DC52E30F213B00B4
:105664000B40DA009A4B9B181D685E680C950D96EA
:105674003D11EB0601D400F008FC964B0D401A6A6C
:105684005B6A0E980F99ECF71FFC0323109011919D
:105694000293002D18D00C980D99230001274C4635
:1056A40099468C4E2F4206D0029B013302933268F6
:1056B4007368EDF713F86D100836002DF2D14B46E0
:1056C400A1461C000C900D910C9A0D9B10981199F9
:1056D400ECF7FAFB0C900D910A9B002B09D00C9867
:1056E4000D990022774BEBF76BF8002801D000F0FE
:1056F40082FC0298EDF7FEFD0C9A0D9BECF7EEFF91
:10570400754B0022ECF7C4F8744B0500CE18079BC8
:10571400002B00D16FE3069B1893079B10930C9802
:105724000D99EDF7B1FD129513960600109D684B87
:105734006A1ED2009B18303619685A68F3B256466E
:1057440001361491159202931796EDF7D3FD0200DA
:105754000B000C980D99EDF733FA149A159B06007B
:1057640008980F00002800D1ADE300205C49ECF755
:10577400ABFB129A139BEDF723FA6B4652461B7A46
:105784000C900D91137032003B00EBF72DF80028BC
:1057940001D000F0BDFC32003B0000204949EDF788
:1057A4000FFA0C9A0D9BEBF70BF8002801D000F0D0
:1057B400B1FC012D00D178E34A4614924246199275
:1057C4005A46179B554402951294109299460C9C84
:1057D4000D9DD34612E032003B0000203949EDF71D
:1057E400EFF922002B00EAF7EBFF002801D000F0CC
:1057F40065FC029BD146534500D14EE30022394B50
:1058040020002900ECF76AFF0022364B04000D004B
:1058140030003900ECF762FF0F000600EDF734FDAD
:105824008046EDF767FD02000B0030003900EDF70C
:10583400C7F901234B449A4643463033DBB29846BA
:105844004B4642461A7022002B0006000F00EAF76E
:10585400B7FF0028BFD0109B5546DA469B46189BDD
:10586400129C069385E1089A002A3DD0269A012AC3
:1058740000DC05E2079B5D1E4B46A94500DAEAE21F
:105884005D1B079B002B00DA15E39C46049AE04459
:105894001700624404920121200000F09DFD0600DF
:1058A40025E0049A069BD21A5B429946002304928F
:1058B400099370E50000F07F0F27000004A7011092
:1058C40010A701100000F03F01FCFFFF14A7011016
:1058D40040A7011018A7011000001C400000C0FCE4
:1058E4000000E03F000024404D460026049F002FA6
:1058F4000DDD4346002B0ADD3B00474500DD92E108
:10590400049AFF1AD21A04924246D31A98464B4676
:10591400002B0ED0089B002B05D04B465B1B9946F1
:10592400002D00D081E159464A46200000F01AFEBD
:1059340083460121200000F04FFD099A8146002A88
:1059440000D037E1269B012B00DC53E101231F200B
:105954004344184000D12BE120231B1A042B00DC04
:10596400E0E31C23181A049B3F189C4684446346B6
:1059740080440493049B002B05DD59461A00200043
:1059840000F050FE83464346002B05DD494642465F
:10599400200000F047FE81460A9B002B7AD1079B2A
:1059A400002B00DCF5E1089B002B00D190E0002FD8
:1059B40000DD50E1099B0496002B00D0D0E1079A4A
:1059C40053469446013B9C44634608930123029A40
:1059D4005D461A405346D046CB4607920A93594631
:1059E4002800FFF763FB03000990303331002800DF
:1059F400029300F07BFE049A07005946200000F051
:105A04008FFEC3688146002B00D0CEE00100280041
:105A140000F06CFE82464946200000F043FC5246EA
:105A2400269B134303D1079B002B00D125E3002FB2
:105A340000DA19E2269B1F4303D1079B002B00D1F8
:105A440012E243465F1C5346002B00DDA2E26A4685
:105A54004346127A1A70089B434500D1A9E20023F9
:105A640029000A22200000F027FC049B05009E4226
:105A740000D190E0310000230A22200000F01CFC39
:105A8400002306000A220499200000F015FCB84601
:105A94000490A4E74946584600F028FE002800DB9D
:105AA4007DE7069B5946013B06930A22002320000A
:105AB40000F002FC089B8346002B00D012E30B9BF2
:105AC400002B04DC269B022B00DD35E30B9B0793A4
:105AD400079B5746984623005C46B3464E46994674
:105AE40007E0210000230A22484600F0E5FB2F00CE
:105AF400040031002000FFF7D9FA534630307D1CF2
:105B04003870EB1A4345ECDB4B460027B1465E4642
:105B1400A3461C00029001225946200000F082FD99
:105B24004946834600F0E2FD6B1E1A78002800DC2B
:105B340098E0514606E0994200D182E1023D2A787C
:105B44001D00013B392AF6D08A4601321A704946B3
:105B5400200000F0A7FB002E0BD0002F05D0B74289
:105B640003D03900200000F09DFB3100200000F03C
:105B740099FB5946200000F095FB00232B70069BEF
:105B8400289A013313602A9B002B01D1FFF772FB83
:105B94001D60FFF76FFB310000230A22200000F094
:105BA4008BFBB8460600049019E701239A4632E7B6
:105BB4001C20D8E60100200000F0D4FC269B81467E
:105BC400012B00DCE0E0002309934B461B690333FF
:105BD4009B004B44586800F0B5FB20231B1AB6E623
:105BE40020220298D31A9840FFF76CFB00230A93F3
:105BF400FFF7BBFB029B002B00D0A7E6029803999A
:105C040000220B0309D1DA4B0B4206D0049B01326C
:105C14000133049301239C46E044099B0992002B21
:105C240000D193E6D1E743466AE62A00310020001A
:105C340000F098FC5A4601000600200000F0D6FB54
:105C440059460500200000F02DFB4B46AB46002BC7
:105C540000D16EE667E631003A00200000F0E2FC75
:105C64000600A7E6002808D10299C90700D560E715
:105C740003E0023D2A781D00013B302AF9D066E793
:105C8400169A002A00D19CE1BA4A94466344049AC5
:105C9400984494469C4463464D4617000493FAE5A1
:105CA40001230893279B002B00DCC0E00B93079390
:105CB4001F00FFF798FB079B002B01DDFFF7C0FBDC
:105CC40000D0B0E0049805990022AB4BECF706FD38
:105CD400029A039BEAF792FD0023002699460028C6
:105CE4005FD1534652465D1C31231370069B01332A
:105CF40006934946200000F0D5FA002E00D034E780
:105D040037E7069B002B00D16DE10E980F995D4299
:105D14000F239A4A2B40DB00D3181A685B68ECF710
:105D2400DDFC2D110C900D91002D00D1ECE102222F
:105D340000230127924E02922F4207D0029B013387
:105D4400029332687368ECF7C9FC01236D100836BE
:105D5400002DF1D1002B00D1BEE40C900D91BBE4D9
:105D64007168200000F076FA3100050033690C31C7
:105D74009A1C92000C30FBF705FE0122290020003A
:105D840000F050FC04901AE6029B002B00D135E78A
:105D940019E7269B022B00DC05E6079B002B00D1AC
:105DA40013E1279B5546DB430693A2E700230893A0
:105DB400269B022B00D175E7002300216364200099
:105DC40000F048FA0023279301330893023B8246EC
:105DD40020640B930793FFF71FFB0298EDF78AFAF1
:105DE4000C9A0D9BECF77AFC664B0022EBF750FD06
:105DF4000500654BCE1800220C980D995E4BECF70C
:105E0400DFFE2A00330002900391EAF7EDFC00283C
:105E140055D18021090673182A0002980399EAF7DC
:105E2400CFFC002841D0002300269946B9E701237E
:105E3400012507932793FFF7F9FB00230893FFF746
:105E4400C8FA069B8A460133069331230B707EE61B
:105E540045464C468DE6EE1A099BA9469C46B44439
:105E64006346002509930CE50A9A53469246424636
:105E7400D946AB46551C002B00DDE3E06A46434699
:105E8400127A37001A70049E61E60E9A0F9B1092E4
:105E9400119302230293FFF7FCFB149BDA46994605
:105EA400199B129C9846109B9B460E9A0F9B02923C
:105EB4000393FFF7B1FA049B079A9F1AEBE40023BC
:105EC400002699460DE712981399ECF707FC6A46E9
:105ED4005346127A0C900D911A70109B179D012B4A
:105EE40027D0109B534402934B46C146A0462C0036
:105EF40010930022254B30003900ECF7EFFB0F0024
:105F04000600EDF7C1F90500EDF7F4F90B00020006
:105F140039003000ECF754FE3035029B2570013413
:105F240006000F00A342E4D1109B4446C84699469C
:105F3400029D00220C980D99154BEBF7A9FC320039
:105F44003B00EAF73DFC002800D1A2E0189A6B1E42
:105F5400197806925046FFF702FB069B82460133EE
:105F640006933023020003700293FFF7FDFAC04644
:105F74000000F07F330400000000144040A701102B
:105F840018A7011000001C400000C0FC00002440C1
:105F94000000E03F0A9BD9469A46029BAB463D006F
:105FA400392B61D04246029B370001331370049EA3
:105FB400CDE50A9BD9469A46AB463D003700049E80
:105FC400A9E536231A9A9B1A61E649460522200060
:105FD40000F072F981460100584600F087FB002862
:105FE40000DD7EE6DDE60E9A0F9B0C920D930223F4
:105FF4000293FFF771FB079B002B00D1EDE60B9F8B
:10600400002F00DC51E70C980D99069B0022013B00
:1060140018934B4BECF762FB05000E0002980C95AD
:106024000D960130EDF766F92A003300ECF756FBC4
:10603400444B0022EBF72CFC434B0500CE18109781
:10604400FFF76DFB59460122200000F0EBFA4946A8
:10605400834600F04BFB00283CDD029B392B03D028
:10606400099B3133029309E7392342463700137001
:10607400049E39226B1E514664E50A9BD9469A4612
:106084004346AB465D1C029B392BEDD0002FE7DC69
:10609400F4E60C9A0D9B00202C49ECF791FD32009C
:1060A4003B00EAF7A1FB002801D1FEE61D006B1EB0
:1060B4001A78302AFAD0189B06935AE55546DA46E0
:1060C400109A4B469346189A4146129C06925046A3
:1060D400FFF745FA002800D0D0E6029BDB0700D486
:1060E400CCE6BAE7002331000A22200000F0E4F8ED
:1060F4000B9B0600002B01DD079358E4269B022B23
:106104001ADC0B9B079352E402230293FFF7E4FA91
:10611400179DD0E7189B179D069302995346504646
:10612400FFF71DFA042B00D124E43C23181A1AE4C7
:10613400074B9A46FFF79EF80B9B07932DE6C04644
:106144000000244000001C400000C0FC0000E03FB0
:0461540004A701108B
:10615800F0B5D6464F4646460B78C0B5722B3FD0B1
:10616800772B37D0612B07D01623036000201CBC87
:1061780090469946A246F0BD822384209B009A4609
:106188000124400080235B02994680231B01984626
:106198001C2310279C460326022501310B78002B6F
:1061A8000ED0622B13D0782B0ED02B2BF5D1634653
:1061B800013198430B78B44338432C43002BF0D17A
:1061C80053461C431460D2E743461C43E5E74B465D
:1061D8001C43E2E7C023DB009A4601240820D1E7EC
:0C61E800002300249A460420CCE7C046A7
:1061F400002370B5064C050008002360F7F784FA05
:10620400431C00D070BD2368002BFBD02B60F9E742
:04621400ACAB00200F
:10621800034B1B68586B002800D10248F0307047C8
:0862280074060020A00A00200A
:1062300070B50500080011000022064C22601A000B
:10624000F7F7D1FA431C00D070BD2368002BFBD0B8
:086250002B60F9E7ACAB002064
:1062580070B50400C06C0D0000280AD0AB00C3184C
:10626800186800280FD002681A6000230361C36011
:1062780070BD212204212000F6F7D4FCE064002838
:10628800ECD10020F4E70126AE40721D92000121F6
:106298002000F6F7C7FC0028F3D045608660E4E7E5
:1062A800002906D04B689A00C36C9B181A680A60CC
:0462B80019607047B2
:1062BC00F8B5CE4647468146080080B50D000C69FE
:1062CC001F0000211430036801311E04360C5643A4
:1062DC001B0C5343F619370CDB1936041F0C360C08
:1062EC001B049B1908C08C42EDDC002F08D0AB6856
:1062FC00A3420ADD231D9B00EB1801345F602C6167
:10630C0028000CBC90469946F8BD6B684846591C51
:10631C00FFF79CFF29002B6980469A1C92000C31D8
:10632C000C30FBF72BFB6B689A004B46DB6C9B1815
:0C633C001A682A601D604546DCE7C04678
:106348000300020C0020002A01D11B0410301A0E91
:1063580001D108301B021A0F01D104301B019A0F1A
:1063680001D102309B00002B02DB5B0001D501301C
:0863780070472020FCE7C0463D
:1063800003685A0709D00022D90704D49A071ED5FA
:1063900001225B08036010007047190400220029E5
:1063A00001D11B0C1032FF21194201D108321B0A06
:1063B000190701D104321B09990701D102329B0848
:1063C000D90702D45B0806D001320360E3E79B08DB
:0C63D00003600222DFE72022DDE7C04668
:1063DC0010B50C000121FFF739FF01234461036163
:0463EC0010BDC046DA
:1063F000F0B557464E464546DE46E0B514690E698F
:1064000085B00F001500A64204DA330017002600FD
:106410000D001C0033199846BB687968434500DAC3
:106420000131FFF719FF14220300944663449A4692
:1064300043469B0019005144029003918A4504D2BF
:106440005346002204C39942FCD83B0014339C46B7
:1064500001931423B2006244A4009C462300AC4480
:10646000634400939C4562D2914608E0240C32D1EB
:1064700004239B46009BDC44DA44634557D96346BA
:106480001C682604360CF1D0554600224C46019F6C
:1064900002CF28680B041B0C73430004000C1B186C
:1064A000994691442A680B0C100C4A46494673439E
:1064B000120C1B189B1809041A0C090C1B040B4323
:1064C000AB4608C5BC42E3D85B465A606346A1466A
:1064D0001C68240CCCD0534600221B684946504609
:1064E0001E009146019D2A88360C624392194A4447
:1064F0001B0416041B0C33434668036037043F0C2F
:10650000B94608CD120C1B0C63434B449B181A0C64
:10651000834691460430A942E5D85F467B60042358
:106520009B46009BDC448946DA446345A7D8434632
:10653000002B0EDD039B043B1A68002A09D142465A
:1065400003E0043B1968002902D1013A002AF8D17E
:106550009046029B424618001A6105B03CBC90462A
:086560009946A246AB46F0BDCE
:10656800F8B54746CE46032380B588460700140091
:1065780013403AD1A410464626D0BD6C002D3DD01C
:10658800012346469846002399464346234208D1AC
:10659800641019D0286800281BD005004346234200
:1065A800F6D02A0031003800FFF71EFF002E1AD05F
:1065B800FA6C736894469B0063441A6864103260EE
:1065C8001E600600002CE5D130000CBC90469946B0
:1065D800F8BD2A0029003800FFF706FF4B4628605F
:1065E80003600500DAE70600D2E70B4A013B9B008F
:1065F8009A580023FFF75EFE8046BBE7012138006A
:10660800FFF726FE054B05004361012303610023C4
:10661800B8640360B4E7C04608A80110710200001E
:10662800F0B5DE4657464E464546E0B50D002B69A7
:1066380056119B46B3445B465C1CAB6883B0019023
:10664800170049689C4203DD01315B009C42FBDC7A
:106658000198FFF7FDFD030084461433002E06DD84
:106668000022B100591804C39942FCD10B002969D2
:106678002A008E001F2114323940961989460029B4
:1066880029D020214846091A88460027190048467B
:1066980013688A4683403B4308C1434680CADF40AB
:1066A8009642F4D853465F60002F01D05C4602340E
:1066B80063466046013C1C616B689A00019BDB6C79
:1066C8009B181A682A601D6003B03CBC9046994626
:1066D800A246AB46F0BD02CA02C39642E8D902CA36
:0866E80002C39642F7D8E3E774
:1066F0000A69036930B50500981A12D19200143561
:106700001431AB18891801E09D420AD2043B0439C8
:106710001C680A689442F7D0944280410123984350
:04672000013030BD57
:10672400F8B5454657464E461400DE46E0B50E0021
:10673400250013690A698846D71A14361435002FC0
:1067440016D19B00F218EB1802E0B24200D86FE0B9
:10675400043A1168043B8C4619688C45F5D00AD27A
:1067640033002E001D0043460127A0461C0002E012
:10677400002FF5DB002743465968FFF76BFD4346BE
:1067840081461B69C7609C469800236982469B002A
:1067940098464F46B244A8441437002000E026002F
:1067A40004CD34009346594608CC09041A04120C4B
:1067B4001218090C521A190C5B461B0CCB1A111433
:1067C4005B1812041814120C1B04391D13433B608C
:1067D4000F00A845E3D8A24515D908CC1A04120C19
:1067E400121815141B0C5B1912041814120C1B0438
:1067F400134308C7A245F0D85246961B053EB60877
:106804000136B60089190439002B07D101235B42F4
:10681400984604390B68C444002BF7D04B466246B3
:106824001A6148463CBC90469946A246AB46F8BD20
:106834000021FFF70FFD012303610023814643611B
:04684400EFE7C04674
:10684800F0B501211C0083B01500089FFFF700FD7B
:106858002303640006001B0B640D02D08022520340
:1068680013430193002D19D068460095FFF784FD66
:10687800002830D1009B019D7361B5616B1E9D415D
:1068880001353561002C14D0194B9C4635236444DE
:106898002418181A099B3C60186019E001A8FFF732
:1068A8006BFD019B20307361012301253361002CAE
:1068B800EAD1104B9C46104B6044EB189B00F31830
:1068C80038605869FFF73CFD6D01099B281A18606C
:1068D800300003B0F0BD019D20232A001B1A9A4006
:1068E8001300C540009A019513437361C5E7C0467C
:0C68F800CDFBFFFFCEFBFFFFFFFFFF3FCB
:1069040070B50500080011000022064C22601A0030
:10691400F6F7FEFE431C00D070BD2368002BFBD0AD
:086924002B60F9E7ACAB002089
:10692C00F0B557464E46DE464546E0B5936883B013
:10693C0001900E009246002B6CD0136808688D688D
:10694C001F0044E09022B389D20013422ED031694B
:10695C00421A9346706942001218D00F8218601CBC
:10696C00521058449046904201D980460200802033
:10697C00C000034237D011000198F6F7BBF9051E91
:10698C0053D05A463169FAF7F9FFB389294A1340B3
:10699C0080221343B381434628005A463561A046F2
:1069AC002500584473619B1A3060B36042464946D7
:1069BC00FBF728F8B3685D1B3368B560434433605C
:1069CC00180053469B681C1B53469C6022D03B68A6
:1069DC007C6899460837A846002CF8D0AC42B1D256
:1069EC002500A046E2E70198F6F7F0F8051ED2D193
:1069FC00019C31692000F6F7C7F90C232360402273
:106A0C00B38901201343B381524600234042936063
:106A1C00536003E0002352460020536003B03CBC9B
:106A2C0090469946A246AB46F0BD0C23019A1360E2
:086A3C00E5E7C0467FFBFFFF08
:106A4400F8B54E464546DE4657464B6EE0B58046A1
:106A54000E0091469B0430D513689A469368002B28
:106A640029D05246146852689346970818D00025D6
:106A740003E001350434AF4210D0320021684046AF
:106A840000F072F8431CF4D14A460023936053602B
:106A94003CBC90469946A246AB46F8BD4B469B6823
:106AA4005A4603218A439B1A4A4693600822944615
:106AB400E244002BD5D10020E6E7FAF7B1F9E3E789
:106AC400936810B5002B02D0FFF7BAFF10BD5360D6
:046AD4000020FBE7BC
:106AD800F0B5CE46474680B583B081468846140057
:106AE800FAF786FB012803D14346013BFE2B2ED93A
:106AF800230001AF5C3342463900484600F060F895
:106B08000600431C29D000281FD03978002507E04B
:106B180023685A1C226019700135B54215D2795D77
:106B2800A368013BA360002BF2DAA269934201DB60
:106B38000A29EDD122004846FEF7B4F9431CEBD1EF
:106B480003B00CBC90469946F0BD4046F8E7434672
:106B580001AFD9B239700126D8E74022A38913437F
:046B6800A381EDE731
:106B6C0070B514000C23D25E636E0E00050091B25A
:106B7C00DB0701D48B051AD580239B01194204D164
:106B8C001A43A281626E134363662800220031000F
:106B9C00FFF79CFF636E0500DB0702D4A3899B05FE
:106BAC0001D5280070BDA06DFAF734FBF9E7A06D94
:0C6BBC00FAF72EFB0C23E25E91B2DDE73D
:106BC80070B51D00124B84B01B6804005B6B002974
:106BD8000CD0002B08D0E0201E582B002000B04716
:106BE800431C0ED004B070BD0A4BF4E7002B0DD047
:106BF800E02201A99E5820002B000022B047431C28
:106C0800F0D100232B608A332360EBE7014BEFE7D9
:086C180074060020A00A002010
:106C200058220120014B40421A607047ACAB002053
:106C300058220120014B40421A607047ACAB002043
:106C40000000000000000000000000000000000044
:106C50000000000000000000000000000000000034
:106C60000000000000000000000000000000000024
:106C7000000000000000000005000000E803000024
:106C80000500000084280020100000000000000023
:106C900000000000000000000000000000000000F4
:106CA00000000000000000000000000000000000E4
:106CB00000000000000000000000000000000000D4
:106CC00000000000000000000000000000100000B4
:106CD00094810110D081011059960010399600104E
:106CE000B8810110040000006B7F01100B00000050
:106CF000F82A00201C0000004A100010860F001027
:106D0000AA0F0010480F0010AA0F00102610001044
:106D1000AA0F0010480F0010860F0010860F0010F9
:106D200026100010480F00107C1000107C1000107E
:106D30007C10001032100010860F0010860F00101B
:106D4000AA0F0010460F0010AA0F00102610001006
:106D5000AA0F0010460F0010860F0010860F0010BB
:106D600026100010460F00107C1000107C10001040
:106D70007C10001030100010741300101E1300104F
:106D80001E1300104C1400101A1300101A130010D8
:106D9000421400104C1400101A130010421400107A
:106DA0001A1300104C14001050140010501400104E
:106DB000501400105814001070210010E21F001031
:106DC000262000108A1F0010262000101621001017
:106DD000262000108A1F0010E21F0010E21F001082
:106DE000162100108A1F0010821F0010821F001041
:106DF000821F001024210010982800109A270010EC
:106E00009A270010B82A0010942700109427001029
:106E1000A02A0010B82A001094270010A02A001001
:106E200094270010B82A0010AE2A0010AE2A0010D5
:086E3000AE2A0010BC2A00107C
:106E38002D3E205341464521204C4F574552204E68
:106E48004F57002D3E2044414E4745522120444F84
:106E58004E54204C414E4400416E616C797A696E03
:106E6800672E2E2E00525547474544202F20424179
:106E78004400534C414E544544204C414E44004636
:106E88004C4154204C414E4400446973743A2000EC
:106E9800636D207C204465763A2000207C20546570
:106EA800727261696E3A20004641524D4552205037
:106EB800494C4F5420485544004865696768743AFE
:106EC800202000636D00544F554348444F574E21CE
:106ED800204D6F69737475726520436F6E74656EAB
:106EE800743A20002500544F554348444F574E20CC
:106EF800444554454354454400534F494C3A2000B7
:106F08004C6966742064726F6E6520746F207265B8
:076F18007365742E2E2E009C
:106F1F002D2D2D2053595354454D20494E49544939
:106F2F00414C495A494E47202D2D2D00436F6E6617
:106F3F0069677572696E6720493243204275732EF7
:106F4F002E2E00417474656D7074696E6720746FB6
:106F5F0020636F6E6E65637420746F204F4C4544D1
:106F6F002053637265656E2E2E2E004552524F527E
:106F7F003A2053534431333036204F4C454420731D
:106F8F00637265656E206E6F7420666F756E642117
:106F9F0020436865636B205344412F53434C207744
:106FAF006972696E672E004F4C454420696E697493
:106FBF0069616C697A656420737563636573736661
:066FCF00756C6C792100D5
:0C6FD8003D4100106B3D0010C53C001056
:096FE400493243536C61766500EB
:106FF0000000000000000000F93C00105D7100106E
:10700000C13C00101D3D0010C33D0010D73D0010D5
:107010002F3D0010493D0010A5400010133E001008
:10702000A53D0010D33C0010573E0010E13C00107D
:10703000933E0010ED3C00101F3D0010273D001056
:08704000C73C0010753D001073
:1070480000000000003E5B4F5B3E3E6B4F6B3E1CFA
:107058003E7C3E1C183C7E3C181C577D571C1C5E11
:107068007F5E1C00183C1800FFE7C3E7FF001824E8
:107078001800FFE7DBE7FF30483A060E2629792992
:1070880026407F050507407F05253F5A3CE73C5AC7
:107098007F3E1C1C08081C1C3E7F14227F22145FA4
:1070A8005F005F5F06097F017F006689956A6060FF
:1070B80060606094A2FFA29408047E040810207EF9
:1070C800201008082A1C08081C2A08081E1010107E
:1070D800100C1E0C1E0C30383E3830060E3E0E06C4
:1070E800000000000000005F000000070007001417
:1070F8007F147F14242A7F2A1223130864623649D6
:107108005620500008070300001C224100004122BD
:107118001C002A1C7F1C2A08083E080800807030C2
:107128000008080808080000606000201008040231
:107138003E5149453E00427F400072494949462137
:1071480041494D331814127F1027454545393C4AAB
:1071580049493141211109073649494936464949C2
:10716800291E00001400000040340000000814220A
:107178004114141414140041221408020159090678
:107188003E415D594E7C1211127C7F494949363E79
:10719800414141227F4141413E7F494949417F095F
:1071A8000909013E414151737F0808087F00417F6A
:1071B80041002040413F017F081422417F40404068
:1071C800407F021C027F7F0408107F3E4141413E00
:1071D8007F090909063E4151215E7F091929462682
:1071E8004949493203017F01033F4040403F1F2086
:1071F80040201F3F4038403F63140814630304785D
:1072080004036159494D43007F414141020408107C
:1072180020004141417F04020102044040404040B7
:10722800000307080020545478407F284444383825
:1072380044444428384444287F3854545418000897
:107248007E090218A4A49C787F0804047800447D71
:1072580040002040403D007F1028440000417F400E
:10726800007C047804787C08040478384444443862
:10727800FC1824241818242418FC7C080404084842
:107288005454542404043F44243C4040207C1C2093
:1072980040201C3C4030403C44281028444C9090EE
:1072A800907C4464544C4400083641000000770048
:1072B80000004136080002010204023C2623263C55
:1072C8001EA1A161123A4040207A385454555921E0
:1072D80055557941225454784221555478402054C8
:1072E8005579400C1E527212395555555939545416
:1072F800545939555454580000457C410002457D85
:10730800420001457C407D1211127DF0282528F0AD
:107318007C545545002054547C547C0A097F4932DA
:10732800494949323A4444443A324A4848303A4151
:1073380041217A3A42402078009DA0A07D3D4242FA
:10734800423D3D4040403D3C24FF2424487E494383
:10735800662B2FFC2F2BFF0929F620C0887E0903F6
:1073680020545479410000447D413048484A32381D
:107378004040227A007A0A0A727D0D19317D262949
:10738800292F28262929292630484D402038080841
:10739800080808080808382F10C8ACBA2F10283475
:1073A800FA00007B000008142A142222142A140868
:1073B8005500550055AA55AA55AAFF55FF55FF0077
:1073C8000000FF00101010FF00141414FF0010102C
:1073D800FF00FF1010F010F0141414FC001414F740
:1073E80000FF0000FF00FF1414F404FC141417102D
:1073F8001F10101F101F1414141F00101010F0007D
:107408000000001F101010101F10101010F01000B6
:107418000000FF101010101010101010FF100000C6
:1074280000FF140000FF00FF00001F10170000FC01
:1074380004F414141710171414F404F40000FF00D3
:10744800F714141414141414F700F714141417145C
:1074580010101F101F141414F4141010F010F00062
:10746800001F101F0000001F14000000FC14000083
:10747800F010F01010FF10FF141414FF1410101067
:107488001F00000000F010FFFFFFFFFFF0F0F0F01A
:10749800F0FFFFFF0000000000FFFF0F0F0F0F0FAE
:1074A8003844443844FC4A4A4A347E0202060602FA
:1074B8007E027E0263554941633844443C04407E61
:1074C800201E2006027E020299A5E7A5991C2A49DA
:1074D8002A1C4C7201724C304A4D4D303048784865
:1074E80030BC625A463D3E494949007E0101017E51
:1074F8002A2A2A2A2A44445F444440514A444040A4
:10750800444A51400000FF0103E080FF00000808E2
:107518006B6B083612362436060F090F0600001862
:10752800180000001010003040FF0101001F010189
:107538001E00191D1712003C3C3C3C0000000000D6
:107548000000000000000000494800105D710010B4
:10755800C13C001065410010656F00102D420010FD
:107568002F420010594200103942001049420010C1
:10757800674100102D4200105B440010CF430010FB
:1075880071420010AD420010E9420010354300106E
:08759800D14300104F43001025
:1075A0000000000000000000F14900105B4A0010DC
:1075B000654900108B490010DB490010ED490010AF
:1075C000ED490010F3490010EF490010EF49001099
:0C75D000EF490010694A0010374A001013
:1075DC00000000000001800000000000000000001E
:1075EC00038000000000000000000007C000000045
:1075FC0000000000000007C00000000000000000B8
:10760C00000FC00000000000000000001FE00000A0
:10761C00000000000000001FE0000000000000005F
:10762C0000003FE00000000000000000003FF00000
:10763C0000000000000000007FF0000000000000CF
:10764C00001FF87FF0000000000000003FFE7FF0FC
:10765C00000000000000003FFF7FF0000000000071
:10766C0000001FFFFBE0000000000000000FFFF90E
:10767C00FFC00000000000000FFFF9FFF800000041
:10768C0000000007FFF1FFFF00000000000003FCFA
:10769C0073FFFF80000000000001FE3FFFFF800031
:1076AC000000000000FF1E0FFF00000000000000A3
:1076BC007FFE1FFC000000000000003FFFFFF800F1
:1076CC000000000000000FDFFFE0000000000000E1
:1076DC00001F19FFC0000000000000003F3CFF002D
:1076EC00000000000000007E7CF80000000000009C
:1076FC0000007FFE7C0000000000000000FFFFFC8B
:10770C000000000000000000FFFFFE000000000071
:10771C00000000FFFFFE0000000000000001FFEF72
:10772C00FE0000000000000001FFCFFE0000000082
:10773C0000000003FF07FE0000000000000003FC37
:10774C0007FE0000000000000003F003FE00000034
:10775C0000000000018000FE00000000000000009E
:10776C0000007E000000000000000000003E000051
:10777C0000000000000000000C00000000000007EA
:10778C008000FC000003C0000000078001FC00002A
:10779C0003C0000000078001FC000003C0000000D3
:1077AC00078001E00000001E000000078001E000DF
:1077BC0000001E007FE3F79FF9FDE7787BDFC0FF39
:1077CC00F7FFBFFDFDFF787BDFC0FFF7FFBFFDFDBF
:1077DC00FF787BDFC0F0F787BC3DE1FF787BDE00F4
:1077EC00F0F787BC3DE1F0787BDE0000F787803D49
:1077FC00E1E0787BDE007FF7879FFDE1E0787BDEC0
:10780C0000FFF787BFFDE1E0787BDE00F0F787BC77
:10781C003DE1E0787BDE00F0F787BC3DE1E0787B72
:10782C00DE00F0F787BC3DE1E0787BDE00FFF7FF80
:10783C00BFFDE1E07FFBDFC0FFF7FFBFFDE1E07FB5
:10784C00FBDFC07CF3F39F3DE1E03E7BCFC000004B
:10785C00000000000000000000FFFFFFFFFFFFFF23
:10786C00FFFFFFC0FFFFFFFFFD68DB111A31C0FFF8
:10787C00FFFFFFFD2B5AFB6AEFC0FFFFFFFFFD4B25
:10788C005B3B1A33C0FFFFFFFFFD6B5BDB6AFDC088
:10789C00000060000000000000000000000000007C
:1078AC0000E00000000000000000000000000001EB
:1078BC00E00000000000000000000000000001F0EB
:1078CC000000000000000000000000000003F000B9
:1078DC0000000000000000000000000007F00000A5
:1078EC00000000000000000000000007F80000008D
:1078FC00000000000000000000000FF80000000372
:10790C00C0007E000001E0007F0FF800000003C003
:10791C0000FE000001E000FFEFF800000003C000D3
:10792C00FE000001E000FFFFF800000003C000F0C3
:10793C000000000F007FFE7FC0000003C000F000BD
:10794C0000000F003FFE7FF83FF1FBCFFCFEF3BCC5
:10795C003DEFE01FFE7FFF7FFBFFDFFEFEFFBC3D28
:10796C00EFE01FC6FFFF7FFBFFDFFEFEFFBC3DEF1E
:10797C00E00FE3C7FE787BC3DE1EF0FFBC3DEF00DB
:10798C0007FF87FC787BC3DE1EF0F83C3DEF00015F
:10799C00FFFFF0007BC3C01EF0F03C3DEF0001F395
:1079AC007FE03FFBC3CFFEF0F03C3DEF0003E33F35
:1079BC00807FFBC3DFFEF0F03C3DEF0007E73C00AF
:1079CC00787BC3DE1EF0F03C3DEF0007FFBE007875
:1079DC007BC3DE1EF0F03C3DEF0007FFFE00787B22
:1079EC00C3DE1EF0F03C3DEF000FFFFE007FFBFFFF
:1079FC00DFFEF0F03FFDEFE00FFFFF007FFBFFDF4E
:107A0C00FEF0F03FFDEFE00FF9FF003E79F9CF9E5D
:107A1C00F0F01F3DE7E01FF1FF0000000000000048
:107A2C0000000000001F80FF007FFFFFFFFFFFFF33
:107A3C00FFFFFFE01C007F007FFFFFFFFEB46D889F
:107A4C008D18E000001F007FFFFFFFFE95AD7DB598
:107A5C0077E000000F007FFFFFFFFEA5AD9D8D19A5
:107A6C00E0000006007FFFFFFFFEB5ADEDB57EE048
:107A7C000000000000000000494800105D7100107B
:107A8C00C13C001065410010FD4A00102D42001051
:107A9C002F42001059420010394200104942001088
:107AAC00674100102D4200105B440010CF4C0010B9
:107ABC00E752001099520010E942001035430010B3
:087ACC00D14300104F430010EC
:087AD4000080C0E0F0F8FCFEA8
:087ADC00000103070F1F3F7FAB
:047AE400AED580A8F3
:047AE800D300408DFA
:047AEC002000A1C80D
:067AF000DB40A4A62EAF4E
:047AF6002200FF214A
:0C7AFC00F95A00106B3D0010C53C001052
:107B08000000000000000000F5560010815700102A
:107B1800C13C0010D5550010815800109159001033
:107B2800F9580010615A001085550010F1550010E1
:047B38009156001052
:107B3C005261737062657272795069205069636F1B
:017B4C000038
:107B50000000000000000000CD5B0010E95B001099
:107B6000EDBD00107DB3001025B0001029B100104C
:107B7000A1BE00102FAC001031AC001025C10010C8
:107B800079C10010BDAC0010DD5C0010015E00107A
:107B90008DAC0010C55B0010AD5D0010D95D00100C
:107BA000A5AC0010695D0010815B0010855B0010C2
:107BB000875B0010895B0010A55B0010015C001062
:107BC000455C0010815C0010AD5C0010BB5F0010D4
:087BD000C35F0010CB5F001041
:107BD8001003410072006400750069006E006F00B8
:107BE80000000000000000001D620010316200105B
:087BF800CD660010ADA90010DC
:107C000000000000000000004562001059620010F2
:087C100013680010ADA900107B
:107C18000000000000000000F5610010096200107B
:087C2800D95F0010ADA90010A6
:0C7C3000956900106B3D0010C53C001071
:077C3C008025000000000894
:047C4400FFFFFFFF40
:0E7C48005F72785F73697A65203D3D203000E1
:107C56005F74785F6C6973742E656D70747928290A
:107C6600005F72785F6C6973742E656D7074792825
:027C76002900E3
:107C7800433A5C55736572735C6C65756C655C4101
:107C88007070446174615C4C6F63616C5C417264D8
:107C980075696E6F31355C7061636B616765735CC4
:107CA80061726475696E6F5C686172647761726530
:107CB8005C6D6265645F7270323034305C342E36CD
:107CC8002E305C636F7265735C61726475696E6F88
:107CD8005C5553425C5553424344432E63707000D5
:107CE8007265736F6C7665722E76616C696428298B
:017CF800008B
:107CFC000000000000000000A1610010D561001020
:107D0C00F55F0010076500101F650010E1620010A0
:107D1C00E9680010EB6100106D620010E15F00106B
:107D2C00E75F0010F5640010ED5F0010D35F0010EA
:087D3C00D55F0010D75F0010B5
:107D4400160343004400430020004400450056004D
:067D540049004300450058
:0C7D5C00096F00106B3D0010C53C0010CA
:0C7D6800F96E00106B3D0010C53C0010CF
:077D740055534265767400CF
:107D7B00433A5C55736572735C6C65756C655C41FD
:107D8B007070446174615C4C6F63616C5C417264D4
:107D9B0075696E6F31355C7061636B616765735CC0
:107DAB0061726475696E6F5C68617264776172652C
:107DBB005C6D6265645F7270323034305C342E36C9
:107DCB002E305C636F7265735C61726475696E6F84
:107DDB002F6D6265642F706C6174666F726D2F69A5
:107DEB006E636C7564652F706C6174666F726D2F4A
:107DFB0043616C6C6261636B2E6800626F6F6C2801
:077E0B002A74686973290065
:107E14000000000000000000256C0010A96C001098
:107E2400F55F0010076500101F650010E162001087
:107E3400E9680010EB6100106D620010E15F001052
:107E4400E75F0010F5640010ED5F0010C56A0010D4
:107E54004D6D0010D75F0010596A00108D6A001034
:107E6400196E0010C9690010E96900104958001022
:107E7400AD58001039590010ED690010C1560010BA
:107E840039570010F1690010D8FEFFFF0000000010
:107E9400796C0010D96C0010CFC9001099C900107A
:107EA40001CA001095C9001095C9001095C90010A9
:107EB40005CA001009CA001005CA00109D69001007
:107EC400A3690010AD690010B1690010B769001012
:107ED400BD690010C1690010756A0010AD6A001018
:107EE400C3690010C5690010D4FEFFFF0000000044
:107EF400916C0010C16C0010C0FEFFFF0000000078
:107F0400DF5600106B570010C13C0010EF690010E1
:107F1400695800107B590010E1580010D96E001008
:0C7F2400D3690010EB690010016A001026
:0C7F30000000000000000000816F001045
:0E7F3C006E616E00696E66006F7666002E0044
:037F4A000D0A001D
:0B7F4D005254582056352E352E3300BC
:107F58007274785F74696D6572007274785F6964B1
:107F68006C650073696E676C65746F6E5F6D7574B0
:107F78006578004E6F7420616C6C6F77656420695A
:107F88006E2049535220636F6E746578740053797C
:107F98007374656D206973206F7574206F66206D2A
:107FA800656D6F727900506172616D6574657220DC
:107FB8006572726F72005265736F75726365206EB9
:107FC8006F7420617661696C61626C65004F7065E1
:107FD800726174696F6E206E6F7420636F6D706C60
:107FE800657465642077697468696E2074686520B3
:107FF80074696D656F757420706572696F6400557A
:108008006E7370656369666965642052544F5320C6
:108018006572726F7200666C6173685F6F66667313
:10802800202B20636F756E74203C3D205049434FD0
:108038005F464C4153485F53495A455F425954453E
:1080480053002E2F6D6265642D6F732F74617267F4
:108058006574732F5441524745545F5241535042FF
:108068004552525950492F5441524745545F525036
:10807800323034302F7069636F2D73646B2F7270D8
:10808800325F636F6D6D6F6E2F68617264776172B6
:10809800655F666C6173682F666C6173682E630038
:1080A800636F6E6E6563745F696E7465726E616C22
:1080B8005F666C61736820262620666C6173685F52
:1080C800657869745F78697020262620666C61730C
:1080D800685F72616E67655F6572617365202626E9
:1080E80020666C6173685F666C7573685F63616353
:1080F800686500636F6E6E6563745F696E74657240
:108108006E616C5F666C61736820262620666C6100
:1081180073685F657869745F7869702026262066C1
:108128006C6173685F72616E67655F70726F6772AA
:10813800616D20262620666C6173685F666C7573B6
:10814800685F636163686500636F6E6E6563745F23
:10815800696E7465726E616C5F666C617368202607
:108168002620666C6173685F657869745F786970EA
:1081780020262620666C6173685F666C7573685F7D
:06818800636163686500FD
:0481900000000000EB
:10819400627F0110000000008C29002044000000D0
:1081A400A0100020000200000100000001000000F7
:0481B40000000000C7
:1081B8000000000000000000C42800203400000077
:0881C800F8280020500000001F
:1081D000587F0110000000004829002044000000E2
:1081E000A012002000030000280000000100000091
:0481F000000000008B
:1081F4006D616C6C6F635F6D7574657800656E7628
:078204005F6D7574657800E1
:10820B006D61696E00507265206D61696E207468D6
:10821B0072656164206E6F7420637265617465644E
:10822B00004661696C656420746F207374617274AD
:06823B002052544F5300D5
:08824100556E6B6E6F776E0045
:10824900434D5349532D52544F53206572726F72E7
:108259003A20537461636B206F766572666C6F7731
:1082690000434D5349532D52544F53206572726F39
:10827900723A20495352205175657565206F7665AC
:1082890072666C6F7700434D5349532D52544F53C7
:10829900206572726F723A20557365722054696D48
:1082A90065722043616C6C6261636B205175657501
:1082B90065206F766572666C6F7700434D5349533D
:1082C9002D52544F53206572726F723A20535444A1
:1082D90020432F432B2B206C696272617279206CC9
:1082E90069627370616365206E6F7420617661697C
:1082F9006C61626C6500434D5349532D52544F5381
:10830900206572726F723A2053544420432F432BD5
:108319002B206C696272617279206D7574657820A1
:10832900696E697469616C697A6174696F6E2066D6
:1083390061696C656400434D5349532D52544F5341
:10834900206572726F723A20556E6B6E6F776E0090
:10835C007B7F0110967F0110AE7F0110BE7F011054
:08836C00D57F0110078001100C
:108374002E2F6D6265642D6F732F706C6174666F40
:10838400726D2F696E636C7564652F706C617466B1
:108394006F726D2F53696E676C65746F6E50747273
:1083A4002E680070203D3D207265696E74657270A0
:1083B4007265745F636173743C54202A3E28265F9F
:0683C400646174612900F0
:1083CC0000000000000000006D9A00106F9A001071
:0883DC009D9A0010B19A0010F7
:1083E4000000000000000000F39C0010019D00103C
:0883F4004D9B00104F9B00108F
:1083FC002E2F6D6265642D6F732F647269766572B2
:10840C00732F736F757263652F5350492E637070A1
:10841C00005F7065726970686572616C735F75730B
:10842C006564203C205350495F50455249504845A3
:0A843C0052414C535F555345440074
:1084480000000000000000004DA0001075A0001002
:10845800DB9F0010FB9F00102DA000103DA0001016
:108468002E2F6D6265642D6F732F64726976657245
:10847800732F736F757263652F53657269616C42F0
:108488006173652E637070005F7374617469635FF4
:0F84980070696E6D6170203D3D204E554C4C005B
:1084A800000000000000000089A0001089A0001052
:0884B80035A50010A5A5001078
:1084C000000000000000000089A0001089A000103A
:1084D00069A700108DA70010B1A7001009A800100F
:1084E000CBA60010D7A60010E3A60010EBA6001044
:1084F00031A700104DA70010F3A600108CFFFFFF5E
:10850000000000007DA70010A1A7001031A80010F6
:10851000F9A70010D1A60010EFA60010C7A6001002
:10852000E7A60010ED9A0010FB9A0010DDA60010DF
:108530009D690010A3690010AD6900103DA70010EF
:0C85400059A7001021A70010C16900100D
:10854C002E2F6D6265642D6F732F64726976657260
:10855C00732F7573622F736F757263652F41737907
:10856C006E634F702E637070005F77616974203D8D
:07857C003D204E554C4C0060
:0E8583005F6C697374203D3D204E554C4C00DA
:1085940000000000000000000000000000000000D7
:0885A400656F0010ADA9001085
:1085AC002E2F6D6265642D6F732F64726976657200
:1085BC00732F7573622F736F757263652F555342EA
:1085CC004465766963652E637070005F6C6F636BD6
:0785DC006564203E20300021
:1085E30044657669636520737461746520697320DB
:1085F30022506F776572656422206F722022446572
:088603007461636865642200E4
:10860B0054686520656E64706F696E7420697320A1
:0F861B006E6F7420696E64657861626C652E0005
:10862A005F7472616E736665722E757365725F63CD
:10863A00616C6C6261636B203D3D205265717565AA
:0B864A00737458666572446F6E650023
:1086550054686520737461636B2069732077616961
:1086650074696E67206F6E20612075736572206373
:10867500616C6C6261636B20666F72207468652043
:1086850062756666657220746F2066696C6C206F12
:0A86950072207374617475732E0077
:10869F005F7472616E736665722E757365725F6358
:1086AF00616C6C6261636B203D3D20536574436F59
:0C86BF006E66696775726174696F6E0009
:1086CB005F7472616E736665722E757365725F632C
:1086DB00616C6C6261636B203D3D20536574496E28
:0886EB007465726661636500AD
:1086F3005F7472616E736665722E757365725F6304
:10870300616C6C6261636B203D3D205265717565E0
:038713007374007C
:0E87160021636F6E66696775726564282900BD
:108724005468652073697A65206F662074686520D3
:108734006461746120746F207265616420697320C0
:108744006C657373207468616E20746865206D6154
:1087540078207061636B65742073697A6520666F35
:1087640072207468697320656E64706F696E742E0C
:018774000004
:1087750054686520656E64706F696E742069732036
:108785006E6F7420696E64657861626C650053690B
:108795007A65206265696E67207772697474656EA3
:0F87A50020697320746F6F206C617267652E00FE
:1087B4002128696E666F2D3E666C616773202620E2
:1087C400454E44504F494E545F454E41424C4544FA
:1087D40029006D61785F7061636B65745F73697A9A
:0A87E40065203C3D203130323400A6
:0E87EE00215F696E697469616C697A65640067
:1087FC00000000000000000000000000000000006D
:10880C00EDBD00107DB3001025B0001029B1001093
:10881C00A1BE00102FAC001031AC001025C100100F
:10882C0079C10010BDAC00103DAC0010656F00109C
:10883C008DAC001095AC0010B5AC00109DAC0010C8
:10884C00A5AC0010ADAC0010815B0010855B001076
:10885C00875B00102DAC0010656F0010656F001069
:10886C00656F0010656F0010656F001001AD001092
:08887C002DAD0010DDAC001071
:0488840004030904DC
:108888001603300031003200330034003500360062
:0688980037003800390032
:10889E0016035500530042002000440045005600C8
:0688AE00490043004500F3
:0888B4000803550053004200C7
:1088BC0012036D006200650064002E006F007200F0
:0288CC00670043
:0688CE000603300031003A
:1088D4002E2F6D6265642D6F732F68616C2F736F1B
:1088E400757263652F6D6265645F63726974696331
:1088F400616C5F73656374696F6E5F6170692E6329
:1089040000216172655F696E74657272757074734B
:0B8914005F656E61626C6564282900DD
:10891F0070696E6D6170206E6F7420666F756E6416
:10892F0020666F72207065726970686572616C0085
:10893F0070696E6D6170206E6F7420666F756E64F6
:0E894F0020666F722066756E6374696F6E002D
:10895D002E2F6D6265642D6F732F68616C2F736F91
:10896D00757263652F6D6265645F7469636B6572A3
:10897D005F6170692E63006D617463685F74696314
:10898D006B20213D2071756575652D3E7469636B96
:0B899D005F6C6173745F7265616400C1
:1089A8005469636B6572206672657175656E63796B
:1089B800206973207A65726F005469636B65722051
:1089C8006E756D626572206F6620626974206973C6
:1089D8002067726561746572207468616E20333235
:1089E800206F72206C657373207468616E20342068
:0589F8006269747300C8
:088A0000088A01106810002033
:108A0800F1C60010150101107D0101108701011048
:108A18002101011075010110DDC60010F5000110DB
:048A2800000000004A
:088A2C0064656661756C74005D
:108A340000000000000000009DC7001009C80010DD
:108A44000000000000000000000000000000000022
:108A5400656F0010656F0010656F0010656F001082
:108A6400C7A6001099C80010ED9A0010FB9A0010D8
:108A74009DC800109D690010A3690010AD69001025
:108A8400B1690010B7690010BD690010C169001018
:108A94002F002E2F6D6265642D6F732F706C6174BF
:108AA400666F726D2F736F757263652F46696C659F
:108AB400506174682E637070006C656E20213D20D7
:028AC400300080
:108AC600772B0053747265616D206F626A20666150
:068AD600696C7572650079
:108ADC00000000000000000000000000000000008A
:108AEC00656F0010656F0010656F0010656F0010EA
:108AFC00C7A6001099C80010ED9A0010FB9A001040
:108B0C009DC800109D690010A3690010AD6900108C
:108B1C00B1690010B7690010BD690010C16900107F
:108B2C00FCFFFFFF00000000000000000000000040
:108B3C000000000000000000000000000000000029
:108B4C00CFC9001099C9001001CA001095C90010B6
:108B5C0095C9001095C9001005CA001009CA00106B
:108B6C0005CA00109D690010A3690010AD690010C2
:108B7C00B1690010B7690010BD690010C16900101F
:108B8C00656F0010656F0010C3690010C569001097
:108B9C00FCFFFFFF000000000000000000000000D0
:108BAC000A52252D34643A202530386C58000A536B
:108BBC00502020203A202530386C580A4C52202066
:108BCC00203A202530386C580A50432020203A2077
:108BDC002530386C580A78505352203A20253038BA
:108BEC006C580A50535020203A202530386C580AC3
:108BFC004D535020203A202530386C58000A4350F1
:108C0C005549443A202530386C58000A4D6F64653C
:108C1C00203A20546872656164000A5072697620AB
:108C2C003A2055736572000A50726976203A2050CA
:108C3C00726976696C65676564000A4D6F646520BE
:108C4C003A2048616E646C6572000A537461636B00
:108C5C003A20505350000A537461636B3A204D53C1
:028C6C005000B6
:108C6E000A2B2B204D6265644F53204661756C7440
:108C7E002048616E646C6572202B2B0A0A46617562
:108C8E006C74547970653A20004D656D4D616E615E
:108C9E0067654661756C74004275734661756C74D8
:108CAE000055736167654661756C74004861726446
:108CBE004661756C74000A0A436F6E746578743A77
:108CCE00000A0A2D2D204D6265644F5320466175B2
:108CDE006C742048616E646C6572202D2D0A0A003A
:108CEE004661756C7420657863657074696F6E008B
:058CFE002E2E2E0A00DD
:108D03002E2F6D6265642D6F732F706C6174666FA7
:108D1300726D2F736F757263652F6D6265645F6328
:108D23007269746963616C2E630063726974696349
:108D3300616C5F73656374696F6E5F7265656E7492
:108D430072616E63795F636F756E746572203C2028
:0B8D530055494E5433325F4D4158002B
:108D5E003C756E6E616D65643E00203C68616E64AC
:108D6E006C65723E000A0A2B2B204D6265644F53D0
:108D7E00204572726F7220496E666F202B2B0A454A
:108D8E0072726F72205374617475733A2030782545
:108D9E005820436F64653A202564204D6F64756CCE
:108DAE00653A2025640A4572726F72204D657373A1
:108DBE006167653A20004B65726E656C2045727274
:108DCE006F723A203078256C582C200054687265EA
:108DDE0061643A203078256C582C20004D757465EE
:108DEE00783A203078256C582C200053656D6170D0
:108DFE00686F72653A203078256C582C20004D65CE
:108E0E006D6F7279506F6F6C3A203078256C582CDC
:108E1E0020004576656E74466C6167733A20307833
:108E2E00256C582C200054696D65723A20307825D7
:108E3E006C582C20004D65737361676551756575AF
:108E4E00653A203078256C582C200041737365727A
:108E5E0074696F6E206661696C65643A20000A4C15
:108E6E006F636174696F6E3A203078256C58000A12
:108E7E0046696C653A20002B2564000A4572726FB4
:108E8E00722056616C75653A203078256C58000A50
:108E9E0043757272656E74205468726561643A200F
:108EAE00257325732049643A203078256C58204567
:108EBE006E7472793A203078256C58205374616341
:108ECE006B53697A653A203078256C58205374615B
:108EDE00636B4D656D3A203078256C582053503AAF
:108EEE00203078256C5820000A466F72206D6F7204
:108EFE006520696E666F2C2076697369743A2068F6
:108F0E00747470733A2F2F6D6265642E636F6D2FBC
:108F1E00732F6572726F723F6572726F723D307829
:108F2E0025303858266F737665723D256C6426633E
:108F3E006F72653D30782530386C5826636F6D70D2
:108F4E003D2564267665723D256C75267467743DE5
:108F5E005241535042455252595F50495F50494316
:108F6E004F000A2D2D204D6265644F5320457272BD
:0C8F7E006F7220496E666F202D2D0A00D6
:108F8A002E2F6D6265642D6F732F706C6174666F1E
:108F9A00726D2F736F757263652F6D6265645F7290
:108FAA00657461726765742E6370700028677561F5
:108FBA0072642026204358415F47554152445F4D11
:0A8FCA0041534B29203D3D203000AB
:108FD4002867756172642026204358415F475541D4
:108FE40052445F4D41534B29203D3D204358415F3E
:108FF40047554152445F494E49545F494E5F505270
:079004004F47524553530092
:10900B004572726F72202D2077726974696E6720BA
:10901B00746F20612066696C6520696E20616E201B
:10902B00495352206F7220637269746963616C20BB
:0C903B0073656374696F6E0D0A000D0010
:109047004572726F72202D2072656164696E6720A8
:1090570066726F6D20612066696C6520696E20619C
:109067006E20495352206F7220637269746963617D
:0C9077006C2073656374696F6E0D0A0055
:109083004F70657261746F72206E6577206F7574AF
:0D909300206F66206D656D6F72790D0A000B
:1090A000000000000000000015D30010B1D800102F
:1090B00095D3001045D3001001D3001011D3001038
:1090C000C7A600100DD30010ED9A0010FB9A0010F7
:1090D00007D300109D690010A3690010AD6900104E
:1090E000B1690010B769001065D30010C1690010A4
:1090F000FFFFFFFF00000000FFFFFFFF0100000077
:08910000FFFFFFFF000000006B
:089108002F737464657272009C
:079110002F737464696E0007
:089117002F7374646F7574007E
:10911F002E2F6D6265642D6F732F706C6174666F87
:10912F00726D2F736F757263652F6D6265645F73F8
:10913F00746174732E6300737461747320213D2006
:05914F004E554C4C00E0
:109154002E2F6D6265642D6F732F72746F732F736E
:109164006F757263652F4576656E74466C616773BF
:099174002E637070005F69640055
:10917D006170706C69636174696F6E5F756E6E613D
:10918D006D65645F6576656E745F666C61677300AF
:10919D006170706C69636174696F6E5F756E6E611D
:1091AD006D65645F6D75746578002E2F6D626564F5
:1091BD002D6F732F72746F732F736F757263652FAD
:1091CD004D757465782E637070005F6964207C7CCA
:1091DD00206D6265645F6765745F6572726F725F43
:0E91ED00696E5F70726F677265737328290078
:1091FB004D75746578206C6F636B206661696C6567
:02920B006400FD
:10920D004D7574657820756E6C6F636B2066616942
:04921D006C65640018
:109221002E2F6D6265642D6F732F72746F732F73A0
:109231006F757263652F53656D6170686F72652E0E
:10924100637070005F696420213D206E756C6C70E5
:0392510074720034
:1092540053656D6170686F726520616371756972C1
:0992640065206661696C65640017
:10926D002E2F6D6265642D6F732F72746F732F7354
:10927D006F757263652F54686973546872656164A4
:10928D002E6370700028666C616773203D3D206F02
:10929D0073466C6167734572726F7254696D656F59
:1092AD0075742026262072656C5F74696D652021AA
:1092BD003D20776169745F666F725F7533325F66EB
:1092CD006F726576657229207C7C2028666C6167DB
:1092DD0073203D3D206F73466C6167734572726FED
:1092ED00725265736F757263652026262072656CE8
:1092FD005F74696D65203D3D2072656C5F74696DAD
:0A930D00652E7A65726F2829290089
:0F931700737461747573203D3D206F734F4B006D
:109326006170706C69636174696F6E5F756E6E6192
:0B9336006D65645F746872656164001F
:10934400000000000000000065DE0010A9DE00102F
:109354001A00000000000000000000001B000000D4
:1093640000000000010000001C00000000000000DC
:10937400020000001D0000000000000003000000C7
:10938400F00000000000000004000000FFFF0000E7
:08939400FFFFFFFF00000000D5
:10939C000100000000000000000600200300000097
:1093AC00010000000806002005000000000000007D
:1093BC000006002007000000010000000806002045
:1093CC000900000000000000000600200B00000057
:1093DC0001000000080600200D0000000000000045
:1093EC00000600200F00000001000000080600200D
:1093FC001100000000000000000600201300000017
:10940C00010000000806002015000000000000000C
:10941C0000060020170000000100000008060020D4
:10942C001900000000000000000600201B000000D6
:10943C0001000000080600201D00000000000000D4
:10944C0000060020FFFF0000FFFFFFFF00000000F0
:10945C0000000000000000000006002002000000D8
:10946C0001000000080600200400000000000000BD
:10947C000006002006000000010000000806002085
:10948C000800000000000000000600200A00000098
:10949C0001000000080600200C0000000000000085
:1094AC00000600200E00000001000000080600204D
:1094BC001000000000000000000600201200000058
:1094CC00010000000806002014000000000000004D
:1094DC000006002016000000010000000806002015
:1094EC001800000000000000000600201A00000018
:1094FC0001000000080600201C0000000000000015
:10950C0000060020FFFF0000FFFFFFFF000000002F
:10951C00000000000000000000C003400400000038
:10952C000000000000C00340080000000100000023
:10953C00000004400C00000001000000000004408A
:10954C00100000000000000000C0034014000000E8
:10955C000000000000C003401800000001000000E3
:10956C00000004401C00000001000000000004404A
:0C957C00FFFF0000FFFFFFFF00000000E9
:10958800030000000000000000C0034007000000C6
:109598000000000000C003400B00000001000000B4
:1095A800000004400F00000001000000000004401B
:1095B800130000000000000000C003401700000076
:1095C8000000000000C003401B0000000100000074
:1095D80000000440FFFF0000FFFFFFFF0000000045
:1095E800020000000000000000C003400600000068
:1095F8000000000000C003400A0000000100000055
:10960800000004400E0000000100000000000440BB
:10961800120000000000000000C003401600000017
:109628000000000000C003401A0000000100000014
:1096380000000440FFFF0000FFFFFFFF00000000E4
:10964800010000000000000000C003400500000009
:109658000000000000C003400900000001000000F5
:10966800000004400D00000001000000000004405C
:10967800110000000000000000C0034015000000B9
:109688000000000000C003401900000001000000B5
:10969800000004401D00000001000000000004401C
:0C96A800FFFF0000FFFFFFFF00000000BC
:1096B400010000000000000000400340050000001D
:1096C40001000000008003400900000001000000C8
:1096D400008003400D000000000000000040034033
:1096E40011000000000000000040034015000000CD
:1096F4000100000000800340190000000100000088
:10970400008003401D0000000000000000400340F2
:0C971400FFFF0000FFFFFFFF000000004F
:1097200000000000000000000040034004000000B2
:10973000010000000080034008000000010000005C
:10974000008003400C0000000000000000400340C7
:109750001000000000000000004003401400000062
:10976000010000000080034018000000010000001C
:10977000008003401C000000000000000040034087
:0C978000FFFF0000FFFFFFFF00000000E3
:10978C000000000000000000BDDF001069E10010C7
:10979C00FDE20010B9E20010BFDF0010C5DF0010C1
:1097AC0079E10010E9DF0010E9DF0010EDDF0010B7
:1097BC00FDDF00100DE0001011E0001021E00010A2
:1097CC0029E000109DE100102DE00010B5E1001023
:1097DC00E1E1001059E0001079E00010EDE000101C
:1097EC00F1E000100DE1001029E1001021E2001061
:0C97FC005DE20010EDE000107DE30010C5
:10980800800E00003F0100003F0100003F01000002
:109818003F0100003F0100003F0100003F01000040
:109828003F0100003F0100003F0100003F01000030
:109838003F0100003F0100003F0100003F01000020
:049848003F010000DC
:10984C002E2F6D6265642D6F732F74617267657452
:10985C00732F5441524745545F5241535042455225
:10986C00525950492F5441524745545F525032304F
:10987C0034302F616E616C6F67696E5F6170692E39
:10988C006300284144434E616D652970696E6D61BA
:10989C00705F7065726970686572616C2870696E52
:1098AC002C2050696E4D61705F4144432920213D4D
:0D98BC0020284144434E616D65294E430054
:1098C9002E2F6D6265642D6F732F746172676574D5
:1098D900732F5441524745545F52415350424552A8
:1098E900525950492F5441524745545F52503230D2
:1098F90034302F6770696F5F6170692E63006F6222
:109909006A2D3E70696E20213D202850696E4E6196
:069919006D65294E4300BC
:10991F002E2F6D6265642D6F732F7461726765747E
:10992F00732F5441524745545F5241535042455251
:10993F00525950492F5441524745545F525032307B
:10994F0034302F6932635F6170692E63006932634F
:10995F005F736461203D3D206932635F73636C0008
:10996F0068775F69735F636C61696D6564286269AD
:10997F0074732C206269745F696E64657829002E98
:10998F002F6D6265642D6F732F74617267657473C9
:10999F002F5441524745545F524153504245525202
:1099AF005950492F5441524745545F525032303429
:1099BF00302F7069636F2D73646B2F7270325F631A
:1099CF006F6D6D6F6E2F68617264776172655F6323
:0D99DF006C61696D2F636C61696D2E630012
:0F99EC0068775F636C61696D5F636C65617200C2
:1099FB007372635F66726571203E3D20667265719E
:109A0B00002E2F6D6265642D6F732F746172676505
:109A1B0074732F5441524745545F52415350424542
:109A2B0052525950492F5441524745545F5250326C
:109A3B003034302F7069636F2D73646B2F727032FB
:109A4B005F636F6D6D6F6E2F6861726477617265A6
:109A5B005F636C6F636B732F636C6F636B732E63DE
:019A6B0000FA
:109A6C00636C6F636B5F636F6E66696775726500BD
:0D9A7C00666C6173685F646F5F636D64000A
:109A89007364615F74785F686F6C645F636F756E30
:109A990074203C3D206C636E74202D2032002E2FE3
:109AA9006D6265642D6F732F746172676574732FAE
:109AB9005441524745545F524153504245525259BD
:109AC90050492F5441524745545F52503230343037
:109AD9002F7069636F2D73646B2F7270325F636FC0
:109AE9006D6D6F6E2F68617264776172655F69323F
:089AF900632F6932632E630044
:109B01006932635F7365745F626175647261746504
:019B11000053
:109B120030783163203D3D20282A696E7374293ED6
:109B22003E313175002E2F6D6265642D6F732F7477
:109B32006172676574732F5441524745545F5241B5
:109B42005350424552525950492F5441524745545D
:109B52005F5250323034302F7069636F2D73646BF3
:109B62002F7270325F636F6D6D6F6E2F68617264FA
:0F9B7200776172655F6972712F6972712E63007E
:109B8100212864656C7461203E3E203131752900C5
:109B910063757272656E74203D3D205F5F756E68FE
:109BA100616E646C65645F757365725F6972712063
:109BB1007C7C2063757272656E74203D3D20686106
:069BC1006E646C65720089
:109BC70021657863657074696F6E207C7C20657889
:109BD70063657074696F6E203D3D206E756D202B37
:0A9BE7002031360066616C736500E2
:109BF10069735F7368617265645F6972715F7261D5
:109C0100775F68616E646C657228736C6F745F68EE
:109C1100616E646C65722900657863657074696F43
:089C21006E00666F756E6400B1
:109C29006972715F7365745F6578636C7573697662
:0A9C3900655F68616E646C6572007F
:0C9C43006D616B655F6272616E636800AA
:109C4F00696E736572745F6272616E63685F616E75
:079C5F00645F6C696E6B008D
:0F9C66007265736F6C76655F6272616E63680022
:109C75006972715F72656D6F76655F68616E646C40
:039C850065720005
:109C88006972715F6164645F7461696C5F746F5F4E
:0A9C9800667265655F6C6973740005
:109CA2006662646976203E3D203136202626206693
:109CB20062646976203C3D20333230002E2F6D6283
:109CC20065642D6F732F746172676574732F5441CD
:109CD200524745545F52415350424552525950499E
:109CE2002F5441524745545F5250323034302F7016
:109CF20069636F2D73646B2F7270325F636F6D6D6A
:109D02006F6E2F68617264776172655F706C6C2F21
:109D1200706C6C2E630028706F73745F64697631A7
:109D2200203E3D203120262620706F73745F6469C7
:109D32007631203C3D2037292026262028706F735B
:109D4200745F64697632203E3D20312026262070E1
:109D52006F73745F64697632203C3D20372900704E
:109D62006F73745F64697632203C3D20706F737448
:109D72005F64697631007265665F6D687A203C3D8A
:109D8200202876636F5F66726571202F2031362935
:019D920000D0
:099D9300706C6C5F696E6974006C
:109D9C00486172647761726520616C61726D202517
:109DAC006420616C726561647920636C61696D65B6
:029DBC00640041
:109DBE0075735F73696E63655F626F6F74203C3D90
:109DCE0020494E5436345F4D4158002E2F6D62653A
:109DDE00642D6F732F746172676574732F544152C3
:109DEE004745545F52415350424552525950492FA4
:109DFE005441524745545F5250323034302F7069BF
:109E0E00636F2D73646B2F636F6D6D6F6E2F706943
:109E1E00636F5F626173652F696E636C7564652F26
:0D9E2E007069636F2F74797065732E680082
:109E3B0074696D65725F68772D3E696E7473202649
:109E4B00203175203C3C20616C61726D5F6E756DCD
:109E5B00002E2F6D6265642D6F732F7461726765B1
:109E6B0074732F5441524745545F524153504245EE
:109E7B0052525950492F5441524745545F52503218
:109E8B003034302F7069636F2D73646B2F727032A7
:109E9B005F636F6D6D6F6E2F686172647761726552
:0F9EAB005F74696D65722F74696D65722E630047
:109EBA007570646174655F75735F73696E63655FFE
:059ECA00626F6F7400DF
:109ECF0068617264776172655F616C61726D5F73F7
:0A9EDF0065745F74617267657400BA
:109EE9004E6F7420657870656374696E6720444DA0
:109EF90020746F2062652066756E6374696F6E20C9
:109F0900380068775F6C696E655F73746174652882
:109F190029203D3D204C535F4A002E2F6D62656418
:109F29002D6F732F746172676574732F5441524793
:109F390045545F52415350424552525950492F544A
:109F490041524745545F5250323034302F70696363
:109F59006F2D73646B2F7270325F636F6D6D6F6EEF
:109F69002F7069636F5F6669782F72703230343091
:109F79005F7573625F6465766963655F656E756D4C
:109F890065726174696F6E2F7270323034305F752B
:109F990073625F6465766963655F656E756D657229
:089FA9006174696F6E2E630004
:109FB10068775F656E756D65726174696F6E5F66F6
:0E9FC10069785F666F7263655F6C735F6A003C
:109FCF006D616E756661637475726572203D3D20BB
:109FDF004D414E5546414354555245525F5250499B
:109FEF00002E2F6D6265642D6F732F74617267651C
:109FFF0074732F5441524745545F52415350424559
:10A00F0052525950492F5441524745545F52503282
:10A01F003034302F7069636F2D73646B2F72703211
:10A02F005F636F6D6D6F6E2F7069636F5F706C61C3
:10A03F0074666F726D2F706C6174666F726D2E63C4
:10A04F000070617274203D3D20504152545F525058
:02A05F003200CD
:10A061007270323034305F636869705F7665727325
:04A07100696F6E00A5
:10A075002C2066756E6374696F6E3A200061737388
:10A08500657274696F6E2022257322206661696C82
:10A0950065643A2066696C6520222573222C206C44
:0CA0A500696E65202564257325730A0090
:10A0B10031203D3D202875696E747074725F74297A
:10A0C1006C2D3E7370696E5F6C6F636B002E2F6D2C
:10A0D1006265642D6F732F746172676574732F5499
:10A0E10041524745545F5241535042455252595093
:10A0F100492F5441524745545F5250323034302F2A
:10A101007069636F2D73646B2F7270325F636F6D53
:10A111006D6F6E2F7069636F5F72756E74696D65B7
:0BA121002F72756E74696D652E63006F
:10A12C000A2A2A2A2050414E4943202A2A2A0A0068
:0DA13C0072756E74696D655F696E697400FF
:10A14900496E76616C69642073657269616C20700F
:04A15900696E7300B8
:10A15D00556E737570706F7274656420706172697D
:03A16D0074790002
:03A17000000201E9
:10A173002E2F6D6265642D6F732F74617267657422
:10A18300732F5441524745545F52415350424552F5
:10A19300525950492F5441524745545F525032301F
:10A1A30034302F7370695F6170692E630073706957
:10A1B3005F6D6F7369203D3D207370695F6D6973D7
:10A1C3006F007370695F6D69736F203D3D2073701D
:10A1D300695F73636C6B007370695F73636C6B208F
:0CA1E3003D3D207370695F7373656C0074
:10A1EF002862697473203E3D2034292026262028BA
:10A1FF0062697473203C3D2031362900286D6F64ED
:10A20F0065203E3D20302920262620286D6F64656D
:07A21F00203C3D2033290023
:10A2260074785F6C656E677468203D3D2072785F58
:07A236006C656E677468009F
:08A2400040420F002000000065
:01A248000015
:08A24C007371727466000000DA
:10A2540000202020202020202020282828282820F2
:10A2640020202020202020202020202020202020EA
:10A274002088101010101010101010101010101052
:10A284001004040404040404040404101010101042
:10A29400101041414141414101010101010101010C
:10A2A400010101010101010101010101101010105E
:10A2B40010104242424242420202020202020202DE
:10A2C4000202020202020202020202021010101032
:10A2D400200000000000000000000000000000005A
:10A2E400000000000000000000000000000000006A
:10A2F400000000000000000000000000000000005A
:10A304000000000000000000000000000000000049
:10A314000000000000000000000000000000000039
:10A324000000000000000000000000000000000029
:10A334000000000000000000000000000000000019
:10A344000000000000000000000000000000000009
:01A354000008
:04A358007806002063
:10A35C0043000000504F534958000000000000001B
:04A36C002E000000BF
:04A370000A000000DF
:10A3740054230110A0220110A02201104A2301102D
:10A38400A0220110A0220110A0220110A02201107D
:10A39400A0220110A02201102E2301102623011057
:10A3A400A02201101C230110CE220110A0220110B2
:10A3B400C4220110682201106822011068220110D1
:10A3C400682201106822011068220110682201101D
:10A3D4006822011068220110A0220110A02201109D
:10A3E400A0220110A0220110A0220110A02201101D
:10A3F400A0220110A0220110A0220110A02201100D
:10A4040044290110A0280110A0220110A028011045
:10A41400A0220110A0220110A0220110A0220110EC
:10A4240096280110A0220110A02201107228011008
:10A43400A0220110A0220110A0220110A0220110CC
:10A44400A0220110AC290110A0220110A0220110A9
:10A4540078290110A0220110A0220110A0220110CD
:10A46400A0220110A0220110A0220110A02201109C
:10A47400A0220110A0220110A02201109E2501108B
:10A4840028250110A0280110A0280110A0280110DF
:10A494006828011028250110A0220110A022011013
:10A4A40058280110A0220110F8270110D22701100A
:10A4B4003228011028280110A0220110C6240110FE
:10A4C400A02201104A240110A0220110A022011090
:04A4D40064230110EC
:10A4D800494E4600696E66004E414E006E616E0040
:10A4E80030313233343536373839414243444546C2
:10A4F8000000000030313233343536373839616284
:10A508006364656600000000286E756C6C290000A5
:04A51800300000000F
:10A51C00202020202020202020202020202020202F
:10A52C00303030303030303030303030303030301F
:10A53C001E39011050400110504001102E390110ED
:10A54C00504001105040011050400110504001107B
:10A55C0050400110504001102E3D01104E3D011095
:10A56C0050400110563D01105C3D0110504001104F
:10A57C003C3F0110EC380110EC380110EC380110A4
:10A58C00EC380110EC380110EC380110EC380110EB
:10A59C00EC380110EC380110504001105040011003
:10A5AC00504001105040011050400110504001101B
:10A5BC00504001105040011050400110504001100B
:10A5CC003C3E0110B23E011050400110B23E011051
:10A5DC0050400110504001105040011050400110EB
:10A5EC00503F011050400110504001105A3F0110D3
:10A5FC0050400110504001105040011050400110CB
:10A60C0050400110803F011050400110504001108B
:10A61C00A83F011050400110504001105040011053
:10A62C00504001105040011050400110504001109A
:10A63C00504001105040011050400110DC3F0110FF
:10A64C0014400110B23E0110B23E0110B23E011096
:10A65C0026400110144001105040011050400110D0
:10A66C001A3E011050400110A83D0110CC3D0110C4
:10A67C00F43D0110463F0110504001103E3C0110CA
:10A68C0050400110963C01105040011050400110F8
:04A69C003839011038
:10A6A000494E4600696E66004E414E006E616E0076
:10A6B00030313233343536373839414243444546F8
:10A6C00000000000303132333435363738396162BA
:10A6D0006364656600000000286E756C6C290000DC
:04A6E0003000000046
:10A6E4002020202020202020202020202020202066
:10A6F4003030303030303030303030303030303056
:10A70400496E66696E697479000000004E614E00FE
:04A714003000000011
:10A718000080E03779C34143176E05B5B5B8934655
:10A72800F5F93FE9034F384D321D30F94877825A21
:08A738003CBF737FDD4F157576
:10A74000000000000000F03F000000000000244076
:10A7500000000000000059400000000000408F4051
:10A76000000000000088C34000000000006AF840BC
:10A770000000000080842E4100000000D0126341E0
:10A780000000000084D797410000000065CDCD4156
:10A79000000000205FA00242000000E87648374237
:10A7A000000000A2941A6D42000040E59C30A242D5
:10A7B0000000901EC4BCD64200003426F56B0C434A
:10A7C0000080E03779C3414300A0D88557347643F1
:10A7D00000C84E676DC1AB43003D9160E458E14352
:10A7E000408CB5781DAF154450EFE2D6E41A4B44C7
:10A7F00092D54D06CFF08044F64AE1C7022DB5440C
:08A80000B49DD9794378EA44C4
:0CA8080005000000190000007D000000A9
:08A81400B85AFE7F01000000AC
:10A81C00084A10B51378002B0AD180230648074943
:10A82C005B051C68C45004338B42FAD101231370AE
:10A83C0010BDC046E72A00201C26001000010010A5
:10A84C0010B5024B0133984710BDC0461C260020A2
:10A85C00431E9841054B02301B6800025840C02330
:10A86C009B001840024B18607047C0460C8001409A
:10A87C000C900140F0B51826142485B03388019053
:10A88C0002912088274917009847338826490500EC
:10A89C0020889847338803902449208898470600DD
:10A8AC00002D04D0039B002B01D0002805D1802162
:10A8BC001F4B204A204800F067F8FFF7A9FFA84774
:10A8CC00039B98470020FFF7C3FFC0223B000825DD
:10A8DC00022052053900194307D10120FFF7B8FFB8
:10A8EC00B047FFF7ADFF05B0F0BD916A0C002C40EE
:10A8FC0001420BD0002F09D0D91B0D2906D8019984
:10A90C00013F09781166019901310191002CE1D0C8
:10A91C00002BDFD0116E029C013B21702100013114
:10A92C000291D7E749460000455800004643000015
:10A93C00508101107C9A01104A800110F0B5042658
:10A94C0004001D001800B4462E001E4300D1F0BDBB
:10A95C00002B0BD00227E6683E4207D01E000836BB
:10A96C00AE4203D90E78013BA6600131002DEBD02D
:10A97C006746E6683E42E7D0A668013D1670013294
:10A98C00E2E700000000000001B40248844601BC6C
:10A99C00604700BF2DFB0010000000001A000000F3
:10A9AC00000000001B000000000000001C00000064
:10A9BC00000000001D00000000000000000000006E
:10A9CC00000000000000000000000000010000007A
:10A9DC000000000000000000000000000200000069
:10A9EC000000000000000000000000000300000058
:10A9FC000000000000000000000000000400000047
:10AA0C000000000000000000000000000500000035
:10AA1C000000000000000000000000000600000024
:10AA2C000000000000000000000000000700000013
:10AA3C000000000000000000000000000800000002
:10AA4C0000000000000000000000000009000000F1
:10AA5C000000000000000000000000000A000000E0
:10AA6C000000000000000000000000000B000000CF
:10AA7C000000000000000000000000000C000000BE
:10AA8C000000000000000000000000000D000000AD
:10AA9C000000000000000000000000000E0000009C
:10AAAC000000000000000000000000000F0000008B
:10AABC00000000000000000000000000100000007A
:10AACC000000000000000000000000001100000069
:10AADC000000000000000000000000001200000058
:10AAEC000000000000000000000000001300000047
:10AAFC000000000000000000000000001400000036
:10AB0C000000000000000000000000001500000024
:10AB1C000000000000000000000000001600000013
:10AB2C000000000000000000000000001700000002
:10AB3C0000000000000000000000000018000000F1
:10AB4C0000000000000000000000000019000000E0
:10AB5C000000000000000000000000001A000000CF
:10AB6C000000000000000000000000001B000000BE
:10AB7C000000000000000000000000001C000000AD
:10AB8C000000000000000000000000001D0000009C
:10AB9C000000000000000000000000000A0000009F
:10ABAC004D7F0110D3B3FB02000000000000000039
:10ABBC000000000000000000000000000000000089
:10ABCC000000000000000000000000000000000079
:10ABDC000000000000000000000000000000000069
:10ABEC000000000000000000000000000000000059
:10ABFC000000000000000000000000000000000049
:10AC0C000000000000000000000000000000000038
:10AC1C000000000000000000000000000000000028
:10AC2C000000000000000000000000000000000018
:10AC3C000000000000000000000000000000000008
:10AC4C0000000000E199001049C60010FFFFFFFF53
:10AC5C00FFFFFFFFFFFFFFFF0000000000000000F0
:10AC6C0000000000000000000000000000000000D8
:10AC7C0000000000000000000000000000000000C8
:10AC8C0000000000000000000000000000000000B8
:10AC9C0000000000000000000000000000000000A8
:10ACAC000000000000000000000000000000000098
:10ACBC000000000000000000000000000000000088
:10ACCC000000000000000000000000000000000078
:10ACDC000000000000000000000000000000000068
:10ACEC000000000000000000000000000000000058
:10ACFC000000000000000000000000000000000048
:10AD0C000000000000000000000000000000000037
:10AD1C000000000000000000000000000000000027
:10AD2C000000000000000000000000000000000017
:10AD3C000000000000000000000000000000000007
:10AD4C0000000000000000000000000040597307E4
:10AD5C00004004400000000000800440000000009F
:10AD6C0000000000000001000000000000000000D6
:10AD7C0000000200000000000000000000000300C2
:10AD8C0000000000000000000000FF0000000000B8
:10AD9C0000B5486801318E460047704609380149B4
:10ADAC00884700BD2DF200101000000000000000CC
:10ADBC00503300004C330000543300005233000079
:10ADCC00010000007806002000000000640900204B
:10ADDC00CC090020340A0020000000000000000014
:10ADEC000000000000000000000000000000000057
:10ADFC000000000000000000000000000000000047
:10AE0C000000000000000000000000000000000036
:10AE1C000000000000000000000000000000000026
:10AE2C000000000000000000000000000000000016
:10AE3C000000000000000000000000000000000006
:10AE4C0000000000000000000000000000000000F6
:10AE5C0000000000000000000000000000000000E6
:10AE6C0000000000000000000000000000000000D6
:10AE7C0001000000000000000E33CDAB34126DE673
:10AE8C00ECDE05000B0000000000000000000000DC
:10AE9C0000000000000000000000000000000000A6
:10AEAC000000000000000000000000000000000096
:10AEBC000000000000000000000000000000000086
:10AECC000000000000000000000000000000000076
:10AEDC000000000000000000000000000000000066
:10AEEC000000000000000000000000000000000056
:10AEFC000000000000000000000000000000000046
:10AF0C000000000000000000000000000000000035
:10AF1C000000000000000000000000000000000025
:10AF2C000000000000000000000000000000000015
:10AF3C000000000000000000000000000000000005
:10AF4C0000000000000000000000000000000000F5
:10AF5C0000000000000000000000000000000000E5
:10AF6C0000000000000000000000000000000000D5
:10AF7C0000000000000000000000000000000000C5
:10AF8C0000000000000000000000000000000000B5
:10AF9C0000000000000000000000000000000000A5
:10AFAC000000000000000000000000000000000095
:10AFBC000000000000000000000000000000000085
:10AFCC000000000000000000000000000000000075
:10AFDC000000000000000000000000000000000065
:10AFEC000000000000000000000000000000000055
:10AFFC000000000000000000000000000000000045
:10B00C000000000000000000000000000000000034
:10B01C000000000000000000000000000000000024
:10B02C000000000000000000000000000000000014
:10B03C000000000000000000000000000000000004
:10B04C0000000000000000000000000000000000F4
:10B05C0000000000000000000000000000000000E4
:10B06C0000000000000000000000000000000000D4
:10B07C0000000000000000000000000000000000C4
:10B08C0000000000000000000000000000000000B4
:10B09C0000000000000000000000000000000000A4
:10B0AC000000000000000000000000000000000094
:10B0BC000000000000000000000000000000000084
:10B0CC000000000000000000000000000000000074
:10B0DC000000000000000000000000000000000064
:10B0EC000000000000000000000000000000000054
:10B0FC000000000000000000000000000000000044
:10B10C000000000000000000000000000000000033
:10B11C000000000000000000000000000000000023
:10B12C000000000000000000000000000000000013
:10B13C000000000000000000000000000000000003
:10B14C0000000000000000000000000000000000F3
:10B15C0000000000000000000000000000000000E3
:10B16C0000000000000000000000000000000000D3
:10B17C0000000000000000000000000000000000C3
:10B18C0000000000000000000000000000000000B3
:10B19C0000000000000000000000000000000000A3
:10B1AC000000000000000000000000000000000093
:10B1BC000000000000000000000000000000000083
:10B1CC000000000000000000000000000000000073
:10B1DC000000000000000000000000000000000063
:10B1EC000000000000000000000000000000000053
:10B1FC004300000000000000000000000000000000
:10B20C000000000000000000000000000000000032
:10B21C0043000000000000000000000000000000DF
:10B22C000000000000000000000000000000000012
:10B23C0043000000000000000000000000000000BF
:10B24C0000000000000000000000000000000000F2
:10B25C00430000000000000000000000000000009F
:10B26C0000000000000000000000000000000000D2
:10B27C00430000000000000000000000000000007F
:10B28C0000000000000000000000000000000000B2
:10B29C00430000000000000000000000000000005F
:10B2AC000000000000000000000000000000000092
:10B2BC00430000000000000000000000000000003F
:10B2CC000000000000000000000000000000000072
:10B2DC00754F0110911801100000000054A20110CC
:10B2EC006CA3011068A3011068A3011068A30110DE
:10B2FC0068A3011068A3011068A3011068A30110D2
:10B30C0068A3011068A30110FFFFFFFFFFFFFFFF01
:10B31C00FFFFFFFFFFFF00000100415343494900BD
:10B32C000000000000000000000000000000000011
:10B33C000000000000000000000041534349490098
:10B34C0000000000000000000000000000000000F1
:10B35C0000000000000000000000000000000000E1
:10B36C00000000000C0C00200C0C0020140C002021
:10B37C00140C00201C0C00201C0C0020240C0020A1
:10B38C00240C00202C0C00202C0C0020340C002051
:10B39C00340C00203C0C00203C0C0020440C002001
:10B3AC00440C00204C0C00204C0C0020540C0020B1
:10B3BC00540C00205C0C00205C0C0020640C002061
:10B3CC00640C00206C0C00206C0C0020740C002011
:10B3DC00740C00207C0C00207C0C0020840C0020C1
:10B3EC00840C00208C0C00208C0C0020940C002071
:10B3FC00940C00209C0C00209C0C0020A40C002021
:10B40C00A40C0020AC0C0020AC0C0020B40C0020D0
:10B41C00B40C0020BC0C0020BC0C0020C40C002080
:10B42C00C40C0020CC0C0020CC0C0020D40C002030
:10B43C00D40C0020DC0C0020DC0C0020E40C0020E0
:10B44C00E40C0020EC0C0020EC0C0020F40C002090
:10B45C00F40C0020FC0C0020FC0C0020040D00203F
:10B46C00040D00200C0D00200C0D0020140D0020EC
:10B47C00140D00201C0D00201C0D0020240D00209C
:10B48C00240D00202C0D00202C0D0020340D00204C
:10B49C00340D00203C0D00203C0D0020440D0020FC
:10B4AC00440D00204C0D00204C0D0020540D0020AC
:10B4BC00540D00205C0D00205C0D0020640D00205C
:10B4CC00640D00206C0D00206C0D0020740D00200C
:10B4DC00740D00207C0D00207C0D0020840D0020BC
:10B4EC00840D00208C0D00208C0D0020940D00206C
:10B4FC00940D00209C0D00209C0D0020A40D00201C
:10B50C00A40D0020AC0D0020AC0D0020B40D0020CB
:10B51C00B40D0020BC0D0020BC0D0020C40D00207B
:10B52C00C40D0020CC0D0020CC0D0020D40D00202B
:10B53C00D40D0020DC0D0020DC0D0020E40D0020DB
:10B54C00E40D0020EC0D0020EC0D0020F40D00208B
:10B55C00F40D0020FC0D0020FC0D0020040E00203A
:10B56C00040E00200C0E00200C0E0020140E0020E7
:10B57C00140E00201C0E00201C0E0020240E002097
:10B58C00240E00202C0E00202C0E0020340E002047
:10B59C00340E00203C0E00203C0E0020440E0020F7
:10B5AC00440E00204C0E00204C0E0020540E0020A7
:10B5BC00540E00205C0E00205C0E0020640E002057
:10B5CC00640E00206C0E00206C0E0020740E002007
:10B5DC00740E00207C0E00207C0E0020840E0020B7
:10B5EC00840E00208C0E00208C0E0020940E002067
:10B5FC00940E00209C0E00209C0E0020A40E002017
:10B60C00A40E0020AC0E0020AC0E0020B40E0020C6
:10B61C00B40E0020BC0E0020BC0E0020C40E002076
:10B62C00C40E0020CC0E0020CC0E0020D40E002026
:10B63C00D40E0020DC0E0020DC0E0020E40E0020D6
:10B64C00E40E0020EC0E0020EC0E0020F40E002086
:10B65C00F40E0020FC0E0020FC0E0020040F002035
:10B66C00040F00200C0F00200C0F0020140F0020E2
:10B67C00140F00201C0F00201C0F0020240F002092
:10B68C00240F00202C0F00202C0F0020340F002042
:10B69C00340F00203C0F00203C0F0020440F0020F2
:10B6AC00440F00204C0F00204C0F0020540F0020A2
:10B6BC00540F00205C0F00205C0F0020640F002052
:10B6CC00640F00206C0F00206C0F0020740F002002
:10B6DC00740F00207C0F00207C0F0020840F0020B2
:10B6EC00840F00208C0F00208C0F0020940F002062
:10B6FC00940F00209C0F00209C0F0020A40F002012
:10B70C00A40F0020AC0F0020AC0F0020B40F0020C1
:10B71C00B40F0020BC0F0020BC0F0020C40F002071
:10B72C00C40F0020CC0F0020CC0F0020D40F002021
:10B73C00D40F0020DC0F0020DC0F0020E40F0020D1
:10B74C00E40F0020EC0F0020EC0F0020F40F002081
:10B75C00F40F0020FC0F0020FC0F00200410002030
:10B76C0004100020FFFFFFFF000002004504001042
:10B77C00B9540010AD0200103538001045410010CE
:10B78C00AD4A0010015B0010116F001039710010F0
:04B79C00F175001033
:04000005100001D511
:00000001FF
